Bands of the 90s,,,,
,,,,
,,,,
Ash,Versions,File Type,,
Drive - E,,,,
,,,,
,,,,
[1996],,,,
"7-4-1996 / Kristiansand, Norway / Quartfestivalen - NRK P3",FM,FLAC,,
,,,,
[1997],,,,
"2-7-1997 / Malmo, Sweden / KB",FM,FLAC,,
,,,,
[1998],,,,
"8-14-1998 / Stockholm, Sweden / Riddarholmen - ANA(M) (unk) (qew transfer) ",AUD,FLAC 24,,
"9-13-1998 / Cardiff, Wales / Cooper's Field - Radio One (drumsboy transfer)",FM,FLAC,,
,,,,
[2001],,,,
"6-1-2001 / Galway, Ireland / Castlegar Sports Grounds",FM,FLAC,,
,,,,
[2002],,,,
"8-26-2002 / London, England / The Astoria Theatre - DAT(M) (Marantz EM8) (gary watson) ",AUD,FLAC,,
,,,,
[2004],,,,
"7-11-2004 / County Kildare, Ireland / Oxygen Festival",FM,FLAC,,
"8-7-2004 / Zambujeira do Mar, Portugal / Sudoeste Festival - Herdade da Casa Branca (kreative)",SBD,FLAC,,
,,,,
[2007],,,,
"5-2-2007 / Stuttgart, Germany / Die Roehre (MBHO MBP 603A) (unk)",AUD,FLAC,,
,,,,
[2013],,,,
"7-20-2013 / Meco, Sesimbra Portugal / SuperBock SuperRock Festival ",FM,FLAC,,
,,,,
[2014],,,,
"1-31-2014 / Los Angeles, CA / The Echo (Nakamichi CM100) (markp)",AUD,FLAC,,
,,,,
[2015],,,,
"6-12-2015 / Manchester, England /Sound Control (Sony ECM-125) (unk)",AUD,FLAC,,
,,,,
,,,,
,,,,
Athenaeum,Versions,File Type,,
Drive - E,,,,
,,,,
,,,,
[1999],,,,
"4-10-1999 / Wingate, NC / Wingate College (unk)",AUD,FLAC,,
,,,,
,,,,
,,,,
Band of Susans,Versions,File Type,,
Drive - E,,,,
,,,,
,,,,
[1988],,,,
"9-25-1988 / Montreal, QUE / Club Soda - AUD(M)",AUD,FLAC,,
,,,,
[1989],,,,
"6-30-1989 / Roskilde, Denmark - Darupvej",FM,FLAC,,
"9-25-1989 / Minneapolis, MN / First Avenue - ANA(M)",AUD,FLAC,,
,,,,
[1991],,,,
"5-30-1991 / Lund, Sweden / Swedish National Radio (loughney transfer) ",FM,FLAC,,
"6-2-1991 / Copenhagen, Denmark / Loppen - DAT(M) (Sony ECM 155s) (mailman)",AUD,FLAC,,
"6-19-1991 / Gent, Belgium / Democrazy - ANA(2) (loughney transfer)",SBD,FLAC,,
,,,,
[1992],,,,
"4-7-1992 / Denver, CO / Seven South - ANA(M) (loughney transfer)",AUD,FLAC,,
"5-22-1992 / Hoboken, NJ / Maxwell's - ANA(M)-ANA(1) (loughney transfer)",AUD,FLAC,,
,,,,
[1993],,,,
"6-8-1993 / Gothenburg, Sweden / Magasinet (Sony WM-D6) (loughney transfer)",AUD,FLAC,,
"10-1-1993 / Bissegem, BE / De Kreun (Sony WM-D3) (loughey transfer)",AUD,FLAC,,
"10-7-1993 / Copenhagen, Denmark / Loppen - DAT(M) (Sony ECM 155s) (mailman)",AUD,FLAC,,
"10-8-1993 / Gothenberg, SWE / Magasinet (Sony WM-D6) - AUD(M)-ANA(2) (loughney transfer)",AUD,FLAC,,
,,,,
,,,,
,,,,
Belly,Versions,File Type,,
Drive - E,,,,
,,,,
,,,,
[1993],,,,
"1-XX-1993 / Chicago, IL / Chicago Music Complex (JBTV)",PRO,DVD,,
"2-21-1993 / Milton Keynes, UK / Woughton Centre",AUD,FLAC,,
"2-24-1993 / Cambridge, England / The Junction (unk)",AUD,FLAC,,
"3-2-1993 / Koln, Germany / Luxor - AUD(M) (buenaventura)",AUD,FLAC,,
"4-15-1993 / Santa Monica, CA / KCRW Morning Becomes Eclectic ",FM,FLAC,,
"4-16-1993 / Santa Monica, CA / Santa Monica Pier - KROQ Free Concert (Sony TCM-37V) (van) ",AUD,FLAC,,
"4-16-1993 / Santa Monica, CA / Santa Monica Pier (2-cam) (chrisedge)",AUD,DVD,,
"7-4-1993 / Chicago, IL / Grant Park (WXRT-FM) - DAT(M) (nt)",FM,FLAC,,
"9-23-1993 / Miami, FL / Cameo Theatre (SS-DSM-6) (datfly)",AUD,FLAC,,
"12-12-1993 / Universal City, CA / Universal Amphitheatre",FM,FLAC,,
,,,,
[1995],,,,
"2-13-1995 / Hollywood, CA / Virgin Megastore (ECM737) (unk) ",AUD,FLAC,,
"3-18-1995 / London, UK / Shepherds Bush Empire",FM,FLAC,,
"4-19-1995 / Denver, CO / Ogden Theatre (MarcR binaurals) (marcr)",AUD,FLAC 24,,
"5-13-1995 / Philadelphia, PA / TLA - ANA(x)",AUD,FLAC,,
"6-15-1995 / Cambridge, MA / Fort Apache Studio",FM,FLAC,,
"6-29-1995 / Roskilde, Denmark / Roskilde Festival (pherron)",FM,FLAC,,
"7-24-1995 / Manchester, UK (unk) (ijwthstd)",FM,FLAC,,
"10-30-1995 / Portland, OR / La Luna Club (Sony DSM6)",AUD,FLAC,,
"11-6-1995 / San Francisco, CA / The Fillmore (unk) (neekrive) ",AUD,FLAC,,
,,,,
[2016],,,,
"8-24-2016 / Los Angeles, CA / Teragram (AT831)",AUD,FLAC,,
"8-26-2016 / San Francisco, CA / Great American Music Hall (MK4) (daspyknows)",AUD,FLAC,,
,,,,
[2017],,,,
"5-5-2017 / New York, NY / Wesley Stace's Cabinet of Wonders Winery (CA-14s) (neil d)",AUD,FLAC,,
,,,,
[2018],,,,
"5-3-2018 / Philadelphia, PA / World Cafe - WXPN Studio",FM,FLAC,,
,,,,
[2023],,,,
"10-8-2023 / New York, NY / Gramercy Theatre (Nokia Lumia Icon) (viper)",AUD,FLAC,,
,,,,
[2025],,,,
"10-24-2025 / New York, NY / Sony Hall (AT-853) (neil d)",AUD,FLAC,,
"11-7-2025 / Los Angeles, CA / Teragram Ballroom (SP-CMC-4U) (ijwthstd)",AUD,FLAC,,
,,,,
[MISC],,,,
Belly - Chicago 1995 & Annapolis 1996 - CASS(M) (stevemtl transfer) ,FM,FLAC,,
,,,,
,,,,
,,,,
,,,,
Blake Babies,Versions,File Type,,
Drive - F,,,,
,,,,
,,,,
[1991],,,,
"2-11-1991 / San Francisco, CA / Slim's - ANA(M) (ECM-909) (tjcruz) ",AUD,FLAC,,
,,,,
,,,,
,,,,
,,,,
Body Count,Versions,File Type,,
Drive - A,,,,
,,,,
,,,,
[1991],,,,
"4-4-1991 / Canoga Park, CA / Club M - ANA(M) (krw_co) ",SBD,FLAC 24,,
,,,,
,,,,
,,,,
,,,,
Buffalo Tom,Versions,File Type,,
Drive - E,,,,
,,,,
,,,,
[1990],,,,
"6-29-1990 / Enger, West Germany / Forum (Sony WM-D3) (bobfather) (2022 transfer)",AUD,FLAC,,
"11-26-1990 / Bochum, Germany / Logo (Aiwa CM-30) (bobfather) ",AUD,FLAC,,
,,,,
[1991],,,,
"3-10-1991 / Cambridge, MA / T.T. The Bear's Place (unk)",AUD,FLAC 24,,
"4-9-1991 / Genoa, Italy / Coccodrillo - VHS(1) (pluscenti)",AUD,MKV,,
,,,,
[1992],,,,
"2-22-1992 / New York, NY - CBGB - ANA(M) (Sony 929) (scott simpson) ",AUD,FLAC,,
,,,,
[1994],,,,
"2-26-1994 / Chicago, IL / Vic Theater (Remaster) (oceanaudio)",AUD,FLAC,,
,,,,
[1995],,,,
"8-27-1995 / Biddinghuizen, The Netherlands / Lowlands Festival (Dutch Radio)",FM,FLAC,,
"10-11-1995 / San Francisco, CA / The Fillmore (unk) (neekrive) ",AUD,FLAC,,
"10-15-1995 / Vancouver, BC / Commodore Ballroom *Spring Floor (KTS)",Silver CD,FLAC,,
"10-20-1995 / Chicago, IL / Vic Theatre (Remaster) (oceanaudio) ",AUD,FLAC,,
,,,,
[2014],,,,
"6-21-2014 / Boston, MA / Paradise Rock Club (Sony ECM-909a) (manofstealth)",AUD,FLAC,,
,,,,
[2018],,,,
"12-2-2018 / Amsterdam, The Netherlands / Paradiso (Tascam DR-01) (mr. wulf)",AUD,FLAC,,
,,,,
[2021],,,,
"12-3-2021 / Boston, MA / Big Night Live (CA-11) (steve hanna)",AUD,FLAC,,
,,,,
[2023],,,,
"12-2-2023 / Boston, MA / Paradise Rock Club (CA-11) (manofstealth) ",AUD,FLAC 24,,
,,,,
[2024],,,,
"10-5-2024 / Eindhoven, The Netherlands / Grote Zaal (Zoom H4N) (minimax) ",AUD,FLAC,,
"11-1-2024 / Somerville, MA / Arts at the Armory (SP-CMC-8) (manofstealth)",AUD,FLAC 24,,
"11-2-2024 / Somerville, MA / Arts at the Armory (SP-CMC-8) (manofstealth)",AUD,FLAC 24,,
,,,,
,,,,
,,,,
Creeper Lagoon,Versions,File Type,,
Drive - E,,,,
,,,,
,,,,
[2017],,,,
"8-10-2017 / New York, NY / Mercury Lounge  (nyctaper)",AUD,FLAC,,
,,,,
,,,,
,,,,
Dig,Versions,File Type,,
Drive - A,,,,
,,,,
,,,,
[1993],,,,
"11-17-1993 / San Francisco, CA / The Warfield - ANA(M) (ECM-909) (tj cruz)",AUD,FLAC,,
,,,,
[1994],,,,
"7-23-1994 / Los Angeles, CA / UCLA Quad - ANA(M) (ijwthstd)",AUD,FLAC,,
,,,,
,,,,
,,,,
Drive Like Jehu,Versions,File Type,,
Drive - A,,,,
,,,,
,,,,
[1992],,,,
"1-9-1992 / Westwood, CA / Cooperage UCLA (unk)",AUD,FLAC,,
"1-11-1992 / Long Beach, CA / Al's Bar (unk)",AUD,FLAC,,
"6-13-1992 / San Diego, CA / Casbah - ANA(M) (unk)",AUD,FLAC,,
,,,,
[1994],,,,
"6-10-1994 / New York, NY / CBGBs (unk)",AUD,FLAC,,
"6-11-1994 / Cambridge, MA / The Middle East (unk) (auto_pilot) ",AUD,FLAC,,
,,,,
[2016],,,,
"2-28-2016 / Los Angeles, CA / Echoplex (unk)",MIX,FLAC,,
"8-27-2016 / Seattle, WA / Showbox (DPA 4060) (tim kahn)",AUD,FLAC 24,,
,,,,
,,,,
,,,,
,,,,
Duster,Versions,File Type,,
Drive - A,,,,
,,,,
,,,,
[2024],,,,
"2024-04-27 / Las Vegas, NV / Las Vegas Fairgrounds - Sick New World (Schoeps MK4) (loughney)",AUD,FLAC 24,,
,,,,
,,,,
,,,,
,,,,
,,,,
Elastica,Versions,File Type,,
Drive - E,,,,
,,,,
,,,,
[1995],,,,
"3-17-1995 / Austin, TX / Liberty Lunch SXSW Festival (MarcSounds) (markp)",AUD,FLAC,,
"6-25-1995 / Glastonbury, UK / Glastonbury Festival (BBC Radio 6) (pawel)",FM,M4A,,
,,,,
[1999],,,,
"8-27-1999 / Caversham, UK / Reading Festival (pawel)",FM,M4A,,
,,,,
[MISC],,,,
Elastica - 1994-XX-XX - Angels With Dirty Faces,Silver CD,FLAC,,
,,,,
,,,,
,,,,
,,,,
,,,,
Everclear,Versions,File Type,,
Drive - E,,,,
,,,,
,,,,
[1995],,,,
"9-14-1995 / Ventura, CA / Ventura Theater (WW1)",FM,FLAC,,
"11-4-1995 / Santa Monica, CA / Santa Monica Pier - CASS(M) (unk)",AUD,FLAC,,
"12-31-1995 / Oakland, CA / Oakland-Alameda County Coliseum Arena (unk) (neekrive)",AUD,FLAC,,
,,,,
[1996],,,,
"2-14-1996 / Toronto, ON / Opera House (M) (unk) ",FM,FLAC,,
,,,,
[1997],,,,
"11-26-1997 / San Francisco, CA / Fillmore (unk) (neekrive)",AUD,FLAC,,
"12-6-1997 / Universaly City, CA / Universal Amphitheatre",FM,FLAC,,
,,,,
[1998],,,,
"3-4-1998 / Orlando, FL / House of Blues",SBD,FLAC,,
"6-20-1998 / Irvine, CA / Irvine Meadows - CASS(M)",AUD,FLAC,,
,,,,
[1999],,,,
"2-9-1999 / Sacramento, CA - Sacramento Memorial Auditorium (unk) ",AUD,FLAC,,
,,,,
[2000],,,,
7-16-2000 / Loveline,FM,MP3,,
"12-15-2000 / San Francisco, CA / The Warfield (unk) (neekrive) ",AUD,FLAC,,
,,,,
[2004],,,,
"8-30-2004 / Hilton Head, SC / Monkey Business (Studio Projects C4s) (jcrab66)",AUD,FLAC,,
,,,,
[2006],,,,
"10-3-2006 / Ann Arbor, MI / Blind Pig (STC-9000) (paramnesiac) ",AUD,FLAC,,
,,,,
[2007],,,,
"2-7-2007 / Denver, CO / Gothic Theater (Core Sound LCBs) (brianblank)",AUD,FLAC,,
"5-9-2007 / Edmonton, Alberta / Cowboys (SP-CMC-2) (sean gursky)",AUD,FLAC,,
,,,,
[2009],,,,
"5-2-2009 / Birmingham, AL / Birmingham-Jefferson Convention Complex Parking Lot (DPA 4061s) (dunebug81)",AUD,FLAC,,
,,,,
[2022],,,,
"8-27-2022 / Niagara Falls, ONT / Avalon Ballroom (CA14s) (binko)",AUD,FLAC 24,,
"9-9-2022 / Columbia, IL / Songs For Soldiers (Neumann SKM 184) (shane e. calhoon) ",AUD,FLAC,,
,,,,
[2023],,,,
"10-9-2023 / Los Angeles, CA / The Wiltern (DPA 4081) (faninor)",AUD,FLAC 24,,
"10-13-2023 / Rocklin, CA / Quarry Park Amphitheatre (SP-CMC-4U) (vibrioidxire) ",AUD,FLAC 24,,
,,,,
[2024],,,,
"8-10-2024 / Liverpool, NY /- Sharkey's Event Center (inc Soundcheck) (MK41) (beatkilla) ",AUD,FLAC 24,,
"9-19-2024 / Los Angeles, CA / The Regent Theater (DPA 4081) (faninor)",AUD,FLAC 24,,
,,,,
[2025],,,,
"4-27-2025 / Biloxi, MS / Mississppi Coast Coliseum (Schoeps MK4) (jesse mc) ",AUD,FLAC 24,,
"10-7-2025 / Orlando, FL / The Plaza Theatre (Panasonic MM-BSM7s) (kevdogg)",AUD,FLAC,,
"10-12-2025 / Ponte Vedra, FL / Ponte Vedra Concert Hall (Panasonic MM-BSM-7s) (kevdogg)",AUD,FLAC,,
"10-16-2025 / Charlotte, NC / Neighborhood Theatre (M) (Shure MV88) (shynomi)",AUD,FLAC 24,,
"10-27-2025 / Cleveland, OH / House of Blues (SP-CMC-8) (live2cd) ",AUD,FLAC,,
,,,,
[MISC],,,,
Everclear - 3-9-2003 - Loveline ,FM,MP3,,
Everclear - 7-16-2000 - Loveline,FM,MP3,,
,,,,
,,,,
,,,,
,,,,
Eve 6,Versions,File Type,,
Drive - G,,,,
,,,,
,,,,
[2012],,,,
"4-6-2012 / Chicago, IL / The Cubby Bear (CA-14) (brian ermerick) ",AUD,FLAC 24,,
,,,,
[2025],,,,
"6-19-2025 / Los Angeles, CA / Echoplex (DPA 4081) (faninor) ",AUD,FLAC 24,,
,,,,
,,,,
,,,,
,,,,
,,,,
Far,Versions,File Type,,
Drive - F,,,,
,,,,
,,,,
[1996],,,,
"10-3-1996 / San Francisco, CA / Slim's (unk) (neekrive)",AUD,FLAC,,
,,,,
,,,,
,,,,
Fastball,Versions,File Type,,
Drive - E,,,,
,,,,
,,,,
[2018],,,,
"7-1-2018 / Milwaukee, WI / Miller Lite Oasis -Summerfest (AT U853) (unk)",AUD,FLAC,,
,,,,
[2021],,,,
"10-23-2021 / Ft. Lauderdale, FL / Culture Room (Sony ECM-DS70P) (kevdogg)",AUD,FLAC,,
,,,,
[2025],,,,
"7-16-2025 / Vienna, VA /Filene Center at Wolf Trap (LG V60) (hemisphire) ",AUD,FLAC,,
,,,,
,,,,
,,,,
,,,,
,,,,
Fig Dish,Versions,File Type,,
Drive - E,,,,
,,,,
,,,,
[2025],,,,
"12-30-2025 / Kenosha, WI / Brat Stop (CA-14) (live2cd)",AUD,FLAC,,
,,,,
,,,,
,,,,
,,,,
,,,,
Finger Eleven,Versions,File Type,,
Drive - E,,,,
,,,,
,,,,
[2025],,,,
"10-9-2025 / Columbus, OH / The King of Clubs (CA-14) (live2cd)",AUD,FLAC,,
"12-5-2025 / Toronto, ON / The Theatre at Great Canadian Casino Resort (Zoom H1n) (bowlingron)",AUD,FLAC,,
"12-6-2025 / Ottawa, ON / TD Place (iPhone 16 Pro) (palm0014)",AUD,FLAC,,
,,,,
[2026],,,,
"3-14-2026 / Indianapolis, IN / The Hi-Fi (CA-14) (live2cd) ",AUD,FLAC,,
,,,,
,,,,
,,,,
,,,,
,,,,
For Squirrels,Versions,File Type,,
Drive - F,,,,
,,,,
,,,,
[MISC],,,,
For Squirrels - Milk From A Fountain [Silver],,FLAC,,
,,,,
,,,,
,,,,
,,,,
,,,,
Fuel,Versions,File Type,,
Drive - G,,,,
,,,,
,,,,
[2007],,,,
"12-15-2007 / Fairbanks, AK / The Blue Loon (SS-DSM-6P) (ballsdeep) ",AUD,FLAC,,
"12-16-2007 / Fairbanks, AK / The Blue Loon (SS-DSM-6P) (ballsdeep)",AUD,FLAC,,
,,,,
[2024],,,,
"4-28-2024 / Nassau, Bahamas / Norwegian Jade - Stardust Theater - Summer of 99 & Beyond (Edirol R09HR) (unk) ",AUD,FLAC,,
4-30-2024 / Norwegian Jade / Pool Deck - Summer of 99 & Beyond (Edirol R09HR) (unk),AUD,FLAC,,
"8-31-2024 / San Bernardino, CA / Glen Helen Amphitheater - Summer of 99 Festival (Zoom H4N) (unk)",AUD,FLAC,,
,,,,
[2025],,,,
"2-15-2025 / Bowler, WI / North Star Mohican Casino (Edirol R09HR) (unk)",AUD,FLAC,,
"3-28-2025 / Wheatland, CA / Hard Rock Live (SP-CMC-4U) (vibrioidxire)",AUD,FLAC 24,,
"4-10-2025 / Norwegian, GEM / Stardust Theater - Summer of 99 Cruise (Show 2) (Zoom H4n) (unk)",AUD,FLAC,,
,,,,
,,,,
,,,,
,,,,
,,,,
Goldfinger,Versions,File Type,,
Drive - E,,,,
,,,,
,,,,
[1996],,,,
"5-7-1996 / San Francisco, CA / Bill Graham Civic Auditorium (unk) (inc)",AUD,FLAC,,
"7-30-1996 / San Francisco, CA / The Fillmore (unk) (neekrive)",AUD,FLAC,,
,,,,
[2003],,,,
"11-3-2003 / Orlando, FL / UCF Arena - MD(M) (CSB) (dunebug81) ",AUD,FLAC,,
,,,,
[2025],,,,
"2-28-2025 / Anaheim, CA - House of Blues (DPA 4081) (faninor)",AUD,FLAC 24,,
,,,,
,,,,
,,,,
,,,,
,,,,
Green Jelly,Versions,File Type,,
Drive - E,,,,
,,,,
,,,,
[2023],,,,
"7-21-2023 / St. Joseph, MO / Sk8Bar (Tascam DR-05) (78jazz)",AUD,FLAC 24,,
,,,,
,,,,
,,,,
,,,,
,,,,
Guided By Voices,Versions,File Type,,
Drive - F,,,,
,,,,
,,,,
[1993],,,,
"8-7-1993 / Philadelphia, PA / Khyber Pass ",SBD,FLAC,,
,,,,
[1994],,,,
"5-7-1994 / Dayton, OH / Canal St Tavern - Free Mitch Mitchell (unk) ",AUD,FLAC,,
"9-2-1994 / Dayton, OH / Canal St Tavern (Sony WM-D6) (unk)",AUD,FLAC,,
"11-2-1994 / New York, NY / CBGB (dolphinsmile archive)",SBD,FLAC,,
"11-5-1994 / Washington, DC / Black Cat - ANA(2) (o'lachtna production)",AUD,FLAC,,
"11-5-1994 / Washington, DC / Black Cat (Sony PCM-M10) (unk)",AUD,FLAC,,
"11-11-1994 / Deland, FL / Nite Lights Stetson University",SBD,FLAC,,
,,,,
[1995],,,,
"4-5-1995 / Chicago, IL / Lounge Ax - ANA(x) (o'lactna production) ",AUD,FLAC,,
"4-6-1995 / Chicago, IL / Lounge Ax - ANA(x) (o'lachtna production)",AUD,FLAC,,
"4-10-1995 / Boulder, CO / Fox Theater (unk) ",AUD,FLAC,,
"4-14-1995 / Seattle, WA /- Crocodile Cafe - ANA(x)",AUD,FLAC,,
"7-25-1995 / Memphis, TN / Barristers - ANA(x) (o'lachtna production)",AUD,FLAC,,
"7-26-1995 / St. Louis, MO / Sheldon Ballroom - ANA(2)",SBD,FLAC,,
,,,,
[1996],,,,
"2-23-1996 / Eau Claire, WI / Council Fire Room - ANA(x) ",AUD,FLAC,,
"2-24-1996 / Minneapolis, MN / First Avenue (SBD+ANA(2)",MIX,FLAC,,
"3-2-1996 / Newport, KY / Southgate House - ANA(1) (o'lachtna production)",AUD #1,FLAC,,
"4-19-1996 / Dayton, OH / Al Rosa's - ANA(3) ",AUD,FLAC,,
"5-3-1996 / Seattle, WA / Moe's Mo' Rockin Cafe - ANA(1) (Sony WM-D3) (o'lachtna production)",AUD,FLAC,,
"5-6-1996 / San Francisco, CA / Great American Music Hall - ANA(x)",AUD,FLAC,,
"6-7-1996 / Philadelphia, PA / The Trocadero - ANA(x)",AUD,FLAC,,
"6-21-1996 / London, UK / The Garage - ANA(x) ",AUD,FLAC,,
,,,,
[1997],,,,
"5-3-1997 / Haverford, PA / Haverford College - ANA(1) (o'lachtna production) ",AUD #1,FLAC,,
"6-6-1997 / Dayton, OH - The Asylum / ANA(1) ",AUD,FLAC,,
"6-14-1997 / Minneapolis, MN / First Avenue - SBD-ANA(2) (j. lindblom) (o'lachtna) ",SBD #2,FLAC,,
"7-12-1997 / New York, NY / Central Park - Summerstage - ANA(1) (Sony WM-D3) ",AUD,FLAC,,
"7-21-1997 / New Orleans, LA / Howlin'  Wolf - ANA(2)",SBD,FLAC,,
"7-22-1997 / Memphis, TN / Barristers - ANA(1) (Sony WM-D3)",AUD  ,FLAC,,
"7-26-1997 / Louisville, KY / Phoenix Hill Tavern - ANA(1) (Sony WM-D3)",AUD,FLAC,,
"10-8-1997 / London, UK / The Garage - ANA(1) ",AUD,FLAC,,
"10-24-1997 / Columbus, OH / Newport Music Hall - ANA(1) (Sony WM-D3)",AUD,FLAC,,
,,,,
[1998],,,,
"4-18-1998 / Sewanee, TN / The University of the South - ANA(2) (o'lachtna production)",AUD,FLAC,,
"8-8-1998 / Philadelphia, PA / Theatre of Living Arts - ANA(x) (o'lachtna production)",AUD,FLAC,,
"11-17-1998 / Hollywood, CA / The Whiskey-A-Go-Go - ANA(2) (unk) ",AUD,FLAC,,
,,,,
[1999],,,,
"2-27-1999 / San Francisco, CA / Bimbos 3605 Club - ANA(1) (unk)",AUD,FLAC,,
"3-20-1999 / Austin, TX / Waterloo Park - ANA(1) (o'lachtna production)",SBD,FLAC,,
"11-19-1999 / Dallas, TX / The Trees - MD(M) (o lachtna production)",AUD,FLAC,,
"11-20-1999 / Austin, TX / La Zona Rosa - MD(M) unk)",AUD,FLAC,,
,,,,
[2000],,,,
"4-7-2000 / Iowa City, IA / Gabes - DAT(M) (CSB) (cps)",AUD,FLAC,,
,,,,
[2002],,,,
"6-22-2002 / Portland, OR / Crystal Ballroom (Oktava 012) (jpf)",AUD,FLAC,,
,,,,
[2004],,,,
"11-3-2004 / Athens, GA / 40 Watt Club (dolphinsmile archive)",SBD,FLAC,,
"11-9-2004 / Austin, TX / Austin City Limits (Nugs.net)",SBD,FLAC,Official Bootleg,
"11-15-2004 / Portland, OR / Barbatis Pan (jpf)",SBD,FLAC,,
,,,,
[2014],,,,
"6-3-2014 / Omaha, NE / The Waiting Room (CA mics) (sonictooth)",AUD,FLAC,,
,,,,
[2017],,,,
"4-7-2017 / St. Louis, MO / The Ready Room (CA-14) (sonictooth) ",AUD,FLAC,,
,,,,
[2021],,,,
"10-23-2021 / New Haven, CT / College Street Music Hall (SP-CMC-8) (smores)",AUD,FLAC 24,,
,,,,
[2022],,,,
"3-24-2022 / Boise, ID / Treefort Music Fest Main Stage (SP-CMC-2) (unk) ",AUD,FLAC,,
"3-29-2022 / San Francisco, CA / Great American Music Hall (CA-11s) (unk)",AUD,FLAC,,
"3-30-2022 / Santa Cruz, CA / The Catalyst Club (Internal + CSB mics) (loughney)",MIX,FLAC 24,,
,,,,
,,,,
,,,,
,,,,
,,,,
Ivy,Versions,File Type,,
Drive - E,,,,
,,,,
,,,,
[1995],,,,
"4-7-1995 / Santa Monica, CA / KCRW Studios - Morning Becomes Eclectic (markp)",FM,FLAC,,
"4-8-1995 / Westwood, CA / Rhino Records (Sonic Studios) (markp)",AUD,FLAC,,
"7-18-1995 / Santa Monica, CA / Tower Records (Sonic Studios) (markp)",AUD,FLAC,,
"11-16-1995 / West Hollywood, CA / The Roxy (Sonic Studios) (markp)",AUD,FLAC,,
,,,,
,,,,
,,,,
,,,,
Jawbox,Versions,File Type,,
Drive - E,,,,
,,,,
,,,,
[1993],,,,
"2-21-1993 / Cambridge, MA / Middle East (dan) (zootype transfer)",AUD,FLAC,,
,,,,
,,,,
,,,,
Jellyfish,Versions,File Type,,
Drive - E,,,,
,,,,
,,,,
[1990],,,,
"9-30-1990 / Washington, DC / Lisner Auditorium (unk) ",AUD,FLAC,,
"10-24-1990 / Fullerton, CA / California State University (unk)",AUD,FLAC,,
"10-25-1990 / Los Angeles, CA / The Roxy - CASS(x)",SBD,FLAC,,
"11-11-1990 / Baltimore, MD / Max's on Broadway (unk) (bonzo4880)",AUD,FLAC,,
"11-29-1990 / Tempe, AZ / Chuy’s (Aiwa mics) (unk)",AUD,FLAC,,
"12-1-1990 / Hollywood, CA / Club Lingerie",AUD,FLAC,,
,,,,
[1991],,,,
"2-25-1991 / San Francisco, CA / Slim's (unk)",AUD,FLAC,,
"3-2-1991 / San Francisco, CA / Bay Area Music Awards 1991",TV,FLAC,,
"3-13-1991 / Victoria, BC / Harpo's Cabaret (Sony WM-F46) (crowflies) (inc)",AUD,FLAC,,
"4-13-1991 / Santa Cruz, CA / The Catalyst (Nakamichi CM300) (markp)",AUD,FLAC,,
"4-29-1991 / Amsterdam, The Netherlands / Melkweg",FM,FLAC,,
"5-18-1991 / Milwaukee, WI / Central Park Ballroom - CASS(M) (Shure SM98) (ko)",AUD,FLAC,,
,,,,
[1992],,,,
"12-13-1992 / San Francisco, CA / Fashion Center - Green Christmas Acoustic Concert ",FM,FLAC,,
"12-17-1992 / San Francisco, CA / Hard Rock Cafe - 104.5 KFOG Toys for Tots",FM,FLAC,,
,,,,
[1993],,,,
"2-10-1993 / San Jose, CA / FX - ANA(M) (ECM-909) (tjcruz)",AUD,FLAC,,
"4-3-1993 / Valencia, CA / Magic Mountain  (Early Show) (Sony ECM-909A) (marco moir)",AUD,FLAC 24,,
"4-3-1993 / Valencia, CA / Magic Mountain  (Evening Show) (Sony ECM-909A) (marco moir)",AUD,FLAC 24,,
4-4-1993 / Coach House / San Juan Capistrano - Sunday Night Live 105 (AT 314),FM,FLAC,,
"5-26-1993 / New York, NY / The Grand - CASS(x)",AUD,FLAC,,
"6-1-1993 / New Haven, CT / Toad's Place (Sony TCS-580V) (kamenliter)",AUD,FLAC,,
"6-4-1993 / New York, NY / The Academy (Sony mic) (pt)",AUD,FLAC,,
"6-8-1993 / Washington, DC / Georgetown University - Gaston Hall (Sony WM-D6) (unk)",AUD,FLAC,,
"7-17-1993 / San Francisco, CA / The Warfield - ANA(M) (ECM-909) (tj cruz) ",AUD,FLAC,,
"10-23-1993 / Milwaukee, WI / Riverside Theater (SS-DSM6s) (jot)",AUD,FLAC,,
,,,,
[MISC],,,,
Jellyfish - Three Live Concert Broadcasts 1991-1992 (AT-174) [FM],,FLAC,,
,,,,
,,,,
,,,,
Jimmies Chicken Shack,Versions,File Type,,
Drive - F,,,,
,,,,
,,,,
[1999],,,,
"10-29-1999 / Miami, FL / Bayfront Park - DAT(M) (B&K 4022) (jlizard) ",AUD,FLAC,,
,,,,
[2018],,,,
"5-19-2018 / Calloway, MD / 5 South Event Center (CA-14s) (cabage)",AUD,FLAC,,
,,,,
[2023],,,,
"10-5-2023 / Las Vegas, NV / Backstage Bar & Billiards (AKG CK61) (cps)",AUD,FLAC,,
,,,,
,,,,
,,,,
Juliana Hatfield,Versions,File Type,,
Drive - B,,,,
,,,,
,,,,
[1992],,,,
"7-23-1992 / Victoria, BC / Harpo's Cabaret (Sony WM-F46) (crowflies) ",AUD,FLAC,,
"10-4-1992 / Charleston, WV / Mountain Stage (Juliana Hatfield 3) - ANA(M)",FM,FLAC,,
,,,,
[1993],,,,
"9-3-1993 / Koln, GER / Luxor - ANA(M) (Sony PC-62) (buenaventura)",AUD,FLAC,,
"9-17-1993 / Ballard, WA / Ballard Backstage Tavern *You Don't Own Me (AKO112)",Silver CD,FLAC,,
"11-4-1993 / San Francisco, CA / Great American Music Hall - ANA(M) (ECM-909) (tjcruz)",AUD,FLAC,,
"12-8-1993 / Paris, FR / Maison de la radio Black Session Unplugged",FM,FLAC,,
,,,,
[1994],,,,
"7-23-1994 / New York, NY / Central Park - Summerstage (Juliana Hatfield Three) - DAT(M)",SBD,FLAC,,
,,,,
[1995],,,,
"9-22-1995 / Toronto, ON / Opera House (CBC-FM) (stevemtl) ",FM,FLAC,,
,,,,
[1997],,,,
"2-14-1997 / New York, NY / The Knitting Factory (unk)",AUD,FLAC,,
"7-21-1997 / Albany, NY / Bogie's - CASS(1)",AUD,FLAC,,
,,,,
[1998],,,,
"10-12-1998 / Los Angeles, CA / Virgin Megastore - AUD(M) (so cal rock shows)",AUD,FLAC,,
,,,,
[2000],,,,
"6-17-2000 / Austin, TX / Stubb's (CSB) (unk)",AUD,FLAC,,
,,,,
[2022],,,,
"12-11-2022 / Detroit, MI / Saint Andrew's Hall (Shure MV88) (adavici)",AUD,FLAC 24,,
"12-15-2022 / New York, NY / Le Poisson Rouge (Roland CS-10EM) (phideaux3)",AUD,FLAC 24,,
,,,,
[2024],,,,
"10-10-2024 / San Francisco, CA / Brick and Mortar (Juliana Hatfield Three) (Schoeps MK4s) (loughney) ",AUD,FLAC 24,,
"10-25-2024 / Homer, NY / Center for the Arts (Core Sound Mics) (boeditaper) (JH3)",AUD,FLAC,,
"10-26-2024 / Ferndale, MI / Magic Bag (Shure MV88) (adavici) (JH3)",AUD,FLAC,,
,,,,
,,,,
,,,,
K's Choice,Versions,File Type,,
Drive - E,,,,
,,,,
,,,,
[1994],,,,
"12-10-1994 / Waltham, MA / Brandeis University (Sennheiser MKE-2002) (stevemtl)",AUD,FLAC,,
,,,,
[1996],,,,
"XX-XX-1996 / Munich, Germany / Alabamahalle (pawel)",PRO,MKV,,
,,,,
[2023],,,,
"5-12-2023 / Maastricht, The Netherlands / Muziekgieterij (DPA 4061) (stl)",AUD,FLAC,,
"5-17-2023 / Brussels, Belgium / Ancienne Belgique (DPA 4061SG) (stl)",AUD,FLAC,,
"5-27-2023 / Liège, Belgium / Classic 21 Festival 2023 - Country Hall ",FM,FLAC,,
"7-7-2023 / Oude Markt, Leuven, Belgium / Beleuvenissen (CA-14) (trebor)",AUD,FLAC,,
"8-22-2023 / Deurne, Belgium / OLT Rivierenhof (DPA 4061) (stl)",AUD,FLAC,,
"8-23-2023 / Deurne, Belgium / Openluchttheater Rivierenhof  (Sony ECM 717) (tisnix)",AUD,FLAC,,
"8-23-2023 / Deurne, Belgium / OLT Rivierenhof (DPA 4061) (stl) ",AUD,FLAC,,
,,,,
,,,,
,,,,
,,,,
Kula Shaker,Versions,File Type,,
Drive - E,,,,
,,,,
,,,,
[1997],,,,
"8-2-1997 / East Troy, WI / Alpine Valley (PZM)",AUD,FLAC,,
,,,,
[1999],,,,
"1-20-1999 / Copenhagen, Denmark / Pumpehuset (unk) ",AUD,FLAC,,
"1-20-1999 / Copenhagen, Denmark / Pumpehuset",FM,FLAC,,
,,,,
[2016],,,,
"10-7-2016 / San Francisco, CA / Great American Music Hall",SBD,FLAC,,
,,,,
[2024],,,,
"2-5-2024 / Bristol, UK / Rough Trade Records (SP-CMC-9) (boombox) ",AUD,FLAC,,
,,,,
,,,,
,,,,
,,,,
,,,,
Letters To Cleo,Versions,File Type,,
Drive - B,,,,
,,,,
,,,,
[1995],,,,
"7-30-1995 / San Francisco, CA / The Fillmore (unk) (neekrive) ",AUD,FLAC,,
"8-9-1995 / Milwaukee, WI / The Rave",AUD,FLAC,,
"10-12-1995 / Houston, TX / Numbers (Sony PC-62) (mystical crow)",AUD,FLAC,,
"11-2-1995 / Cambridge, MA / Fort Apache Studios (WFNX-FM)",FM,FLAC,,
,,,,
,,,,
,,,,
,,,,
,,,,
Liz Phair,Versions,File Type,,
Drive - E,,,,
,,,,
,,,,
[1994],,,,
"12-10-1994 / Universal City, CA / Universal Amphitheatre",FM,FLAC,,
,,,,
[1995],,,,
"4-7-1995 / Denver, CO / Ogden Theatre (MarcR Binaurals) (marcr)",AUD,FLAC 24,,
"4-11-1995 / Los Angeles, CA / Wiltern Theatre - AUD(M) (so cal rock shows)",AUD,FLAC,,
,,,,
[2005],,,,
"8-10-2005 / West Hollywood, CA / The Troubadour (Sony WM-D3) (manofstealth)",AUD,FLAC 24,,
,,,,
[2016],,,,
"4-19-2016 / Austin, TX / Bass Concert Hall (Tascam DR-40) (unk)",AUD,FLAC,,
,,,,
[2018],,,,
"6-6-2018 / Cambridge, MA / The Sinclair (Zoom H2)",AUD,FLAC,,
,,,,
[2019],,,,
"11-13-2019 / New York, NY / Late Night with Seth Meyers",TV,FLAC,,
,,,,
[2023],,,,
"11-8-2023 / Tucson, AZ / Rialto Theatre (SP-CMC-25) (unk)",AUD,FLAC,,
"11-11-2023 / San Francisco, CA / Masonic Auditorium (Schoeps MK4) (loughney)",AUD,FLAC,,
"11-18-2023 / Chicago, IL / Chicago Theatre (DPA 4060) (ademotte)",AUD,FLAC 24,,
"12-1-2023 / Austin, TX / Moody Theater (SP-CMC-8s) (rjl) ",AUD,FLAC 24,,
,,,,
,,,,
[MISC],,,,
Liz Phair - '96 Shelved Demos,,FLAC,,
Liz Phair - '96-'97 WCSE Sessions,,FLAC,,
,,,,
,,,,
,,,,
,,,,
,,,,
Luscious Jackson,,,,
Drive - E,,,,
,,,,
,,,,
[1993],,,,
"11-17-1993 /  Providence, RI / Lupo's Heartbreak Hotel - ANA(M) (Sony PC-62) (phil h.) ",AUD,FLAC,,
,,,,
[1994],,,,
"12-10-1994 / Los Angeles, CA / Universal Amphitheatre - KROQ's Almost Acoustic Christmas",FM,FLAC,,
,,,,
[1995],,,,
"5-16-1995 / Hollywood, CA / The Palace (ECM737) (unk) ",AUD,FLAC,,
"6-10-1995 / Burgettstown, PA / Star Lake Amphitheater ",SBD,FLAC,,
"6-24-1995 / New York, NY / Madison Square Garden ",SBD,FLAC,,
,,,,
[1996],,,,
"12-28-1996 / New York, NY / The Roxy ",preFM,FLAC,,
,,,,
[1997],,,,
"2-8-1997 / Victoria, BC / The Limit (Sony WM-F46) (crowflies) ",AUD,FLAC,,
,,,,
[1998],,,,
"6-14-1998 / Washington, DC / JFK Stadium - Tibetan Freedom Concert - ANA(M) (unk)",AUD,FLAC,,
"8-9-1998 / Burgettstown, PA / CCSLA (CSB) (smores)",AUD,FLAC,,
,,,,
[1999],,,,
"8-29-1999 / Reading, UK / Reading Festival ",preFM,FLAC,,
,,,,
,,,,
,,,,
,,,,
,,,,
Madder Rose,,,,
Drive - E,,,,
,,,,
,,,,
[1994],,,,
"6-9-1994 / San Francisco, CA / Slim's - ANA(M) (ECM-909) (tjcruz)",AUD,FLAC,,
,,,,
,,,,
,,,,
,,,,
,,,,
Marcy Playground,,,,
Drive - E,,,,
,,,,
,,,,
[2022],,,,
"8-27-2022 / Niagara Falls, ONT / Avalon Ballroom (CA14s) (binko)",AUD,FLAC 24,,
,,,,
[2024],,,,
"9-19-2024 / Los Angeles, CA / The Regent Theater (DPA 4081) (faninor)",AUD,FLAC 24,,
,,,,
,,,,
,,,,
,,,,
,,,,
Matthew Sweet,Versions,File Type,,
Drive - B,,,,
,,,,
,,,,
[1992],,,,
"2-27-1992 / San Francisco, CA / Slim's - ANA(M) (ECM-909) (tjcruz)",AUD,FLAC,,
"4-1-1992 / Philadelphia, PA / Chestnut Cabaret",SBD,FLAC,,
"6-5-1992 / Saratoga Springs, NY / Saratoga Performing Arts Center - DAT(M) (Nakamichi 700s) (scarletog)",AUD,FLAC,,
,,,,
[1993],,,,
"7-4-1993 / Chicago, IL / Grant Park (WXRT) *Shape Shifter",Silver CD,FLAC,,
,,,,
[1995],,,,
"6-17-1995 / Irvine, CA / Irvine Meadows - ANA(M) (unk)",AUD,FLAC,,
"11-18-1995 / San Francisco, CA / The Fillmore (unk) (neekrive)",AUD,FLAC,,
"11-20-1995 / Menlo Park, CA / Music Annex,  (KFOG-FM)",FM,FLAC,,
"11-XX-1995 / Vancouver, BC / CBC Studio 5 (stevemtl)",FM,FLAC,,
,,,,
[1997],,,,
"4-17-1997 / San Diego, CA / The Belly Up Tavern *Live from the Pit ",preFM,FLAC,,
"5-1-1997 / Solano Beach, CA / The Belly Up Club *Live from the Pit",preFM,FLAC,,
"6-13-1997 / New York, NY / Late Night with Conan O'Brien - VHS(2) (unk)",TV,MKV,,
,,,,
[2000],,,,
"3-17-2000 / Chicago, IL / Park West",FM,FLAC,,
,,,,
[2005],,,,
"11-10-2005 / Philadelphia, PA / World Cafe LIve ",FM,FLAC,,
,,,,
[2006],,,,
"3-18-2006 / Austin, TX / SXSW (Matthew Sweet & Susanna Hoff) (unk)",SBD,FLAC,,
"3-18-2006 / Austin, TX / SXSW (Matthew Sweet & Susanna Hoff) (unk)",FM,FLAC,,
"4-19-2006 / Philadelphia, PA / WXPN Studios (Matthew Sweet & Susanna Hoffs)",FM,FLAC,,
,,,,
[2009],,,,
"9-6-2009 / Turin, NY / Snow Ridge (Gefell M200s) (jason adler) ",AUD,FLAC,,
"9-12-2009 / Matthew Sweet & Susanna Hoffs / Chicago, IL - Old Town School of Folk Music (Edirol R09) (unk)",AUD,FLAC,,
,,,,
[2010],,,,
"4-1-2010 / Matthew Sweet & Susanna Hoffs / Osaka, Japan - Billboard Live (Kenwood MGR-A7) (unk)",AUD,FLAC,,
,,,,
[2011],,,,
"10-13-2011 / Chicago, IL / 93.1 WXRT",FM,FLAC,,
"10-28-2011 / Philadelphia, PA / World Cafe Live",FM,FLAC,,
,,,,
[2012],,,,
"6-8-2012 / Philadelphia, PA / World Cafe Live",FM,FLAC,,
"6-17-2012 / Northampton, MA / Iron Horse Music Hall (SP-CMC-2) (unk) ",AUD,FLAC,,
,,,,
[2024],,,,
"4-19-2024 / Jersey City, NJ / White Eagle Hall (CA-14s) (neil d) ",AUD,FLAC 24,,
"4-20-2024 / Washington, DC / Lincoln Theatre (DPA 4080s) (flysquirrel)",AUD,FLAC 24,,
"11-10-2024 / Santa Monica, CA / McCabe's Guitar Shop (Matthew Sweet Benefit (unk) (ijwthstd) ",AUD,FLAC 24,,
,,,,
,,,,
[MISC],,,,
Matthew Sweet - Demos (1989-1991),,FLAC,,
Matthew Sweet - 100% Fun Demos,,FLAC,,
Matthew Sweet - Earth Demos,,FLAC,,
Matthew Sweet - Sweet Demos 2,,FLAC,,
Matthew Sweet - Superdeformed #1,,FLAC,,
Matthew Sweet - Superdeformed #2,,FLAC,,
Matthew Sweet - Supervixen,Silver CD,FLAC,,
Matthew Sweet - Goodfriend - Another Take On Girlfriend (Promo CD),,FLAC,,
,,,,
,,,,
,,,,
,,,,
,,,,
Meat Puppets,Versions,File Type,,
Drive - D,,,,
,,,,
,,,,
[1980],,,,
"7-18-1980 / Tucson, AZ / Tumbleweeds (derrick bostrom)",AUD,FLAC,,*First public performance
,,,,
[1984],,,,
"7-27-1984 / San Francisco, CA / Mabuhay Gardens",SBD,FLAC,,
"9-21-1984 / San Francisco, CA / Mabuhay Gardens",SBD,FLAC,,
"10-15-1984 / Ann Arbor, MI / Blind Pig - WBCN",FM,FLAC,,
"11-29-1984 / San Francisco, CA / The Stone",SBD,FLAC,,
,,,,
[1985],,,,
XX-XX-1985 / Various Dates and Venues (derrick bostrom),SBD,FLAC,,
"3-1-1985 / San Francisco, CA / The Stone",SBD,FLAC,,
"11-15-1985 / Rock Island, IL / Rock Island Brewing Co.",FM,FLAC,,
,,,,
[1986],,,,
"1-XX-1986 / Santa Monica, CA / Live on SNAP KCRW ",FM,FLAC,,
"8-17-1986 / Los Angeles, CA / Live at the Roxy (Special Forces Radio Concert Promo LP)",SBD,FLAC,,
,,,,
[1987],,,,
"9-26-1987 / Groningen, The Netherlands / Vera",SBD,FLAC,,
,,,,
[1988],,,,
"1-25-1988 / San Francisco, CA / I Beam",SBD,FLAC,,
1-30-1988 / Seattle. WA / University of WA Ballroom,SBD,FLAC,,
"2-2-1988 / Eugene, OR / UofO - Condon Auditorium",SBD,FLAC,,
"2-6-1988 / Santa Barbera, CA / University of CA - Santa Barbera",SBD,FLAC,,
"12-16-1988 / San Francisco, CA / The Kennel Club - VHS(M) (Nakamichi 100s) (magister)",AUD,FLAC 24,,
,,,,
[1991],,,,
"8-6-1991 / San Francisco, CA / The Warfield - ANA(M) (fireball)",SBD,FLAC 24,,
"8-7-1991 / San Francisco, CA / The Warfield - ANA(M) (fireball)",SBD,FLAC 24,,
"10-9-1991 / Washington, D.C. / 930 Club (crash)",SBD,FLAC,,
"10-25-1991 / San Francisco, CA / Fashion Center - ANA(M) (fireball)																					",SBD,FLAC 24,,
"11-10-1991 / Santa Cruz, CA / The Catalyst (CM300) (markp)",AUD,FLAC,,
"11-10-1991 / Santa Cruz, CA / The Catalyst - ANA(M) (fireball) ",SBD,FLAC 24,,
"11-12-1991 / San Francisco, CA / Slim's - ANA(M) (fireball) ",SBD,FLAC 24,,
"11-13-1991 / San Jose, CA / Cactus Club - ANA(M) (fireball) ",SBD,FLAC 24,,
,,,,
[1992],,,,
"5-1-1992 / Isla Vista, CA / Anaconda Theatre - ANA(M) (unk)",SBD,FLAC 24,,
"5-2-1992 / Santa Cruz, CA / The Catalyst",SBD,FLAC 24,,
"5-3-1992 / San Francisco, CA / Slim's (fireball master)",SBD,FLAC 24,,
,,,,
[1993],,,,
"4-16-1993 / Santa Monica, CA / KCRW-FM - Man in the Moon ",FM,FLAC,,
"4-18-1993 / San Francisco, CA / Slim's (fireball master) ",SBD,FLAC 24,,
"9-24-1993 / Tucson, AZ / Club Congress (dave homes)",SBD,FLAC,,
,,,,
[1994],,,,
"5-23-1994 / Sacramento, CA / Cattle Club - DAT(M) (fireball)",SBD,FLAC 24,,
"5-31-1994 / West Hollywood, CA / The Roxy (SS)",AUD,FLAC,,
"7-19-1994 / Los Angeles, CA / Greek Theatre",SBD,FLAC,,
"7-24-1994 / Sacramento, CA / Arco Arena - DAT(M) (fireball)",SBD,FLAC,,
"12-31-1994 / San Francisco, CA / The Embarcadero - Mr. Jenkins Block Party",SBD,FLAC,,
,,,,
[1995],,,,
"11-8-1995 / New York, NY / Tramps",SBD,FLAC,,
"11-25-1995 / Balitimore, MD / UMBC Gym",SBD,FLAC,,
"12-10-1995 / Denver, CO / Mammoth Events Center (MarcR Binaurals) (marcr) ",AUD,FLAC 24,,
,,,,
[2000],,,,
"3-18-2000 / Austin, TX / Waterloo Park",SBD,FLAC,,
"10-13-2000 / San Francisco, CA / Slim's (Schoeps CCM4s + SBD) (fireball + sneaky bastard)",MIX,FLAC,,
,,,,
[2001],,,,
"2-11-2001 / Winooski, VT / Higher Ground (unk)",SBD,FLAC,,
"10-2-2001 / San Francisco, CA / Bottom of the Hill - DAT(M) (fireball)",SBD,FLAC,,
,,,,
[2007],,,,
"5-23-2007 / Boulder, CO / Fox Theater (CAC) (fanofthemule)",AUD,DVD,,
"9-8-2007 / Brooklyn, NY / Luna Lounge (AT825 + SBD) (ml + dc)",MIX,FLAC 24,,
"11-12-2007 / Lawrence, KS / Bottleneck - DAT(M) (SP831s) (sonictooth)",AUD,FLAC 24,,
,,,,
[2009],,,,
"5-29-2009 / Madison, WI / The Annex",AUD,FLAC,,
"11-12-2009 / Chicago, IL / Schubas (unk) (aadams jacobs)",AUD,FLAC,,
"11-13-2009 / Chicago, IL / Schubas (unk) (aadams jacobs)",AUD,FLAC,,
"11-14-2009 / Chicago, IL / Schubas (unk) (aadams jacobs)",AUD,FLAC,,
,,,,
[2014],,,,
"11-1-2014 / Brooklyn, NY / Rough Trade (SP-CMC-8) (nitcomb) ",AUD,FLAC,,
,,,,
[2022],,,,
"5-21-2022 / San Francisco, CA / Great American Music Hall - DAT(M) (SP-CMC-4U) (loughney)",AUD,FLAC,,
,,,,
[MISC],,,,
1980-XX-XX - Various Demos & Live - The Mike's Tape (1980) ,,FLAC,,
1987-01-XX - Mirage Instrumental Sessions (loughney transfer),SBD,FLAC,,
1987-XX-XX - Huevos Instrumental Sessions (loughney transfer),SBD,FLAC,,
Meat Puppets - Too High To Die Demos ,SBD,FLAC,,
Meat Puppets - Portland Zoo {PLR CD 9224} (1992) [Silver],,,,
,,,,
,,,,
,,,,
,,,,
,,,,
Ned's Atomic Dustbin,Versions,File Type,,
Drive - E,,,,
,,,,
,,,,
[1991],,,,
"7-25-1991 / West Hollywood, CA / KROQ Noontime Free Concert at the Roxy Theatre (van)",AUD,FLAC,,
,,,,
[2023],,,,
"12-9-2023 / Wolverhampton, UK / The Halls at the Civic (Roland R05) (motr1912) ",AUD,FLAC,,
,,,,
,,,,
,,,,
,,,,
,,,,
New Radicals,Versions,File Type,,
Drive - B,,,,
,,,,
,,,,
[1998],,,,
"12-31-1998 / Chicago, IL / House of Blues (unk) ",FM,FLAC,,
,,,,
,,,,
,,,,
,,,,
,,,,
Paw,Versions,File Type,,
Drive - E,,,,
,,,,
,,,,
[1993],,,,
"7-11-1993 / New York, NY / CBGB (Sony PC62) (george n.)",AUD,FLAC,,
"8-25-1993 / San Francisco, CA / Slim's - ANA(M) (ECM-909) (tjcruz) ",AUD,FLAC,,
,,,,
[1995],,,,
"11-25-1995 / Brisbane, Australia / Livid Festival (Triple J Live at the Wireless Broadcast)",FM,FLAC,,
,,,,
[MISC],,,,
Paw - Death To Traitors Demos (1994),,FLAC,,
,,,,
,,,,
,,,,
,,,,
,,,,
Pixies,Versions,File Type,,
Drive - D,,,,
,,,,
,,,,
[1987],,,,
"5-6-1987 / Boston, MA / The Rat (Aiwa Clip-on) (unk)",AUD,FLAC,,
"7-12-1987 / Cambridge, MA / Nightstage (Aiwa Clip-on) (harwilmer)",AUD,FLAC,,
"7-30-1987 / Cambridge, MA / TT the Bear's (Aiwa Clip-on) (unk) ",AUD,FLAC,,
"9-19-1987 / Boston, MA / Green Street Station (Aiwa Clip-on) (unk)",AUD,FLAC,,
"10-30-1987 / New York, NY / CBGB (unk) ",AUD,FLAC,,
,,,,
[1988],,,,
"4-8-1988 / London, England / Harlesden Mean Fiddler - CASS(x)",AUD,FLAC,,
"4-8-1988 / London, England / Mean Fiddler (unk)",AUD,FLAC,,
"4-14-1988 / Amsterdam, The Netherlands / Melkweg",FM,FLAC,,
"4-16-1988 / The Hague, Netherlands / Paard van Troje",AUD,FLAC,,
"10-1-1988 / Hilversum, Netherlands / VPRO",PRO,DVD,,
,,,,
[1989],,,,
"5-3-1989 / Liverpool, England / Royal Court Theatre *Give Me Ecstasy",Silver CD,FLAC,,
"5-4-1989 / Sheffield, England / Octagon Centre",FM,FLAC,,
"5-8-1989 / Bristol, UK / The Studio (Sony ECM-909)",AUD,FLAC,,
"5-15-1989 / Landgraaf, The Netherlands / Megaland Pink Pop Festival",SBD,FLAC,,
"6-12-1989 / Vienna, Austria / Messepalast *Supernova",Silver CD,FLAC,,
"6-26-1989 / Copenhagen, Denmark / Pumpehuset (Sony WMD3) (willer)",AUD,FLAC,,
"7-27-1989 / Los Angeles, CA / The Palace - CASS(M)",AUD,FLAC,,
"9-16-1989 / Detroit, MI / Fox Theatre (Sony Hand-held) (unk)",AUD,FLAC,,
,,,,
[1990],,,,
"3-24-1990 / Irvine, CA / University Of California, Crawford Hall  (Toshiba KT-4087) ",AUD,FLAC,,
"3-24-1990 / Irvine, CA / University Of California, Crawford Hall - CASS(M) (Source 2)",AUD,FLAC,,
"9-25-1990 / Utrecht, The Netherlands / Vredenburg (Sennheiser MKE-40)",AUD,FLAC,,
,,,,
[1991],,,,
"7-6-1991 / Torhout, Belgium - Torhout Festival (Sennheiser MKE-40) ",AUD,FLAC,,
"11-23-1991 / New York, NY / The Ritz (SS-DSM-3) (unk)",AUD,FLAC,,
"12-17-1991 / Seattle, WA / Moore Theater (SS-DSM) (legendary e.c.p.)",AUD,FLAC,,
"12-20-1991 / San Francisco, CA / Warfield (WM-D3 Master)",AUD,FLAC,,
"12-21-1991 / Los Angeles, CA / Hollywood Palladium (KCRW 105 FM)",FM,FLAC,,
,,,,
[1992],,,,
"1-26-1992 / Minneapolis, MN / First Avenue (SS mics) (unk) ",AUD,FLAC,,
"1-27-1992 / Minneapolis, MN / First Avenue (SS mics) (unk) ",AUD,FLAC,,
,,,,
[2014],,,,
"4-12-2014 / Indio, CA / Empire Polo Grounds - Coachella (PRO #1) (danderson)",Webcast,TS,,
,,,,
[2022],,,,
"10-1-2022 / San Diego, CA / SOMA (DPA 4081) (faninor)",AUD,FLAC 24,,
,,,,
[2023],,,,
"8-24-2023 / Bridgeport, CT / Hartford HealthCare Amphitheater (Shure MV88) (km)",AUD,FLAC 24,,
,,,,
[MISC],,,,
Pixies - 1986 Demos,,FLAC,,
Pixies - Give Me Ecstasy,Silver CD,FLAC,,
Pixies - Souls On Fire,Silver CD,FLAC,,
Pixies - All Over The World (1989),Silver CD,FLAC,,
Pixies - Black Hunter (1989) (CRC mismatch),Silver CD,FLAC,,
Pixies - Bone Machine (1989) ,Silver CD,FLAC,,
Pixies - Jaap Edenhall (1991) ,Silver CD,FLAC,,
Pixies - Live (Aulica) (1989) ,Silver CD,FLAC,,
Pixies - Planet Of Sound (1992),Silver CD,FLAC,,
Pixies - Rough Diamonds (1987-1991) ,Silver CD,FLAC,,
Pixies - Situation Red (1992),Silver CD,FLAC,,
Pixies - Subbacultcha (1991) ,Silver CD,FLAC,,
Pixies - The B-Side File,Silver CD,FLAC,,
Pixies - The B-Side File 2nd Edition ,Silver CD,FLAC,,
Pixies - The B-Side File 3rd Edition ,Silver CD,FLAC,,
Pixies - This Was My Life (1989) (CRC mismatch) ,Silver CD,FLAC,,
Pixies - Timeless Stars (1989) ,Silver CD,FLAC,,
Pixies - Velouria Live (1990) ,Silver CD,FLAC,,
Pixies - Zurich 1989 ,Silver CD,FLAC,,
,,,,
,,,,
,,,,
,,,,
,,,,
Polvo,Versions,File Type,,
Drive - E,,,,
,,,,
,,,,
[1998],,,,
"1-27-1998 / Austin, TX / Electric Lounge",SBD,FLAC,,
,,,,
,,,,
,,,,
,,,,
,,,,
Portishead,Versions,File Type,,
Drive - E,,,,
,,,,
,,,,
[1995],,,,
"4-16-1995 / Hollywood, CA / American Legion Hall (ECM-737) (unk) ",AUD,FLAC,,
,,,,
,,,,
,,,,
,,,,
,,,,
Quicksand,Versions,File Type,,
Drive - E,,,,
,,,,
,,,,
[1993],,,,
"9-5-1993 / Irvine, CA / Irvine Meadows Amphitheatre",FM,FLAC,,
"9-9-1993 / Burbank, CA / Hilton Ballroom - ANA(M) (unk)",AUD,FLAC,,
,,,,
[1994],,,,
"1-22-1994 / Providence, RI / Club Babyhead - ANA(M) (Sony PC-62) (phil183) ",AUD,FLAC,,
,,,,
[2012],,,,
"8-25-2012 / New York, NY / Hall of Williamsburg (Edirol R-09HR) (bliv)",AUD,FLAC,,
,,,,
[2014],,,,
"6-10-2014 / Berlin, Germany / S036 (Zoom H2) (uninvited94)",AUD,FLAC,,
,,,,
[2017],,,,
"9-27-2017 / Chicago, IL / Thalia Hall (Core Sound HEB 4060) (jb)",AUD,FLAC,,
"9-30-2017 / New York, NY / Irving Plaza (SP-CMC-8) (nitcomb)",AUD,FLAC,,
,,,,
[2021],,,,
"8-22-2021 / London, UK / BBC Radio 1 - Rock Show with Daniel P Carter",WEB,FLAC,,
"10-8-2021 / Denver, CO / Bluebird - AUD(M) (Olympia LS-12) (exene) ",AUD,FLAC,,
"10-15-2021 / San Francisco, CA / The Great American Music Hall (Sony PCM-M10) (unk)",AUD,FLAC 24,,
,,,,
[2022],,,,
"10-6-2022 / Las Vegas, NV / 24 Oxford (SP-CMC-4U) (unk) ",AUD,FLAC,,
"10-13-2022 / Denver, CO / Fillmore (Olympus LS-P4) (bluejane99) ",AUD,FLAC,,
,,,,
[2023],,,,
"10-13-2023 / Stockholm, SWE / Slaktkyrkan (Instamic Pro Plus) (qew)",AUD,FLAC 24,,
"12-1-2023 / San Francisco, CA / Bimbos (Schoeps MK4) (loughney)",AUD,FLAC,,
,,,,
[2024],,,,
"6-24-2024 / San Francisco, CA / GAMH (Schoeps MK4s) (loughney) ",AUD,FLAC 24,,
,,,,
,,,,
,,,,
,,,,
,,,,
Rancid,Versions,File Type,,
Drive - D,,,,
,,,,
,,,,
[1994],,,,
"9-24-1994 / New York, NY / Wetlands Preserve - ANA(x) (unk)",AUD,FLAC,,
,,,,
[1995],,,,
"10-11-1995 / Seattle, WA / DV8 - ANA(x) (unk) ",AUD,FLAC,,
,,,,
[1996],,,,
"3-27-1996 / Asbury Park, NJ / The Stone Pony (Sony D-6C) (unk)",AUD,FLAC,,
,,,,
,,,,
[MISC],,,,
Rancid - Turning Rebellion Into Money {RNCD01} (1998),Silver CD,FLAC,,
,,,,
,,,,
,,,,
,,,,
,,,,
The Refreshments,Versions,File Type,,
Drive - E,,,,
,,,,
,,,,
[1996],,,,
"6-11-1996 / Boulder, CO / Fox Theater (unk) ",FM,FLAC,,
,,,,
,,,,
,,,,
,,,,
,,,,
Rocket From The Crypt,Versions,File Type,,
Drive - E,,,,
,,,,
,,,,
[1995],,,,
"9-29-1995 / Denver, CO / Seven South (jim hucks)",SBD,FLAC,,
,,,,
,,,,
,,,,
,,,,
Royal Trux,Versions,File Type,,
Drive - B,,,,
,,,,
,,,,
[1999],,,,
"11-5-1999 / Baton Rouge, LA / Spanish Moon - VHS(x) (Hi8 Camcorder)",AUD,DVD,,
,,,,
,,,,
,,,,
School of Fish,Versions,File Type,,
Drive - E,,,,
,,,,
,,,,
[1991],,,,
"8-21-1991 / Redondo Beach, CA / Music Plus (Sony TCM-37V) (van) (inc)",AUD,FLAC,,
,,,,
,,,,
,,,,
,,,,
Scrawl,Versions,File Type,,
Drive - E,,,,
,,,,
,,,,
[1992],,,,
"1-25-1992 / New York, NY / Knitting Factory (jason)",SBD,FLAC,,
,,,,
,,,,
,,,,
,,,,
Screaming Trees,Versions,File Type,,
Drive - E,,,,
,,,,
,,,,
[1987],,,,
"2-6-1987 / Ellensburg, WA / Hal Holmes Community Center (unk)",AUD,FLAC,,
"10-14-1987 / Long Beach, CA / Bogart's (Sony D3) (db)",AUD,FLAC,,
"10-18-1987 / Los Angeles, CA / KXLU Los Angeles - Splat Winger's Brain Cookies Show",FM,FLAC,,
"11-17-1987 / San Diego, CA / UCSD Gym Steps (m2 FM upgrade)",FM,FLAC,,
,,,,
[1989],,,,
"2-5-1989 / Schwenningen, Germany / Bourdon's - ANA(M) (urschrei)",AUD,FLAC,,
"2-7-1989 / Duisburg, West Germany / Old Daddy (inc) (bobfather)",AUD,FLAC,,
,,,,
[1990],,,,
"3-4-1990 / Oldenburg, Germany / Alhambra (Sony WM-D3) (stadthfelder) ",AUD,FLAC,,
,,,,
[1992],,,,
"6-23-1992 / msterdam, NL / Melkweg - ANA(M) (Audio Technica mics) (unk) ",AUD,FLAC,,
"8-30-1992 / Reading, England / Reading Festival - VHS(1)",AUD,DVD,,
"11-17-1992 / Long Beach, CA / Bogarts *Winter Song (HAWK)",Silver CD,FLAC,,
,,,,
[1993],,,,
"2-8-1993 / Stockholm, Sweden / Radiohuset-Studio 4 (magnus gusrafsson)",FM,FLAC,,
"2-21-1993 / Hilversum, The Netherlands / Vara Studios (Unplugged)",FM,FLAC,,
"3-29-1993 / San Juan Capistrano, CA / The Coach House (Westwood One Broadcast)",FM,FLAC,,
"4-24-1993 / Syracuse, NY / Skytop Field - ANA(M) (Aiwa J505) (smores)",AUD,FLAC,,
"6-11-1993 / Birmingham, AL - Oak Mountain Amphitheatre *Screaming Trees Live! (Home Records) ",Silver CD,FLAC,,
"6-11-1993 / Pelham, AL / Oak Mountain Amphitheatre - DAT(M) (CSB) (willy sales) ",AUD,FLAC,,
"6-15-1993 / Miami, FL / Bayfront Park Amphitheatre - DAT(M) (SS-DSM6P) (datfly)",AUD,FLAC,,
,,,,
[1996],,,,
"6-XX-1996 / Philadelphia, PA / Trocadero (unk)",SBD,FLAC,,
7-13-1996 / Syracuse NY / State Fairgrounds (Sony D7 DAT) (steve hagar),AUD,FLAC,,
"7-16-1996 / Charles Town, WV / Charles Town Raceway - Lollapalooza (Sony D7 DAT) (steve hagar)",AUD,FLAC,,
"8-2-1996 / San Jose, CA / Spartan Stadium - Lollapalooza (unk) (neekrive)",AUD,FLAC,,
"11-16-1996 / Amsterdam, Holland / Paradiso (VPRO) (hanwaker transfer)",FM,FLAC,,
,,,,
[1998],,,,
"9-7-1998 / Seattle, WA /Bumbershoot & Beyond - DAT(M) (NAK 700s) (jems) + July 1998 Demos",AUD,FLAC,,
"9-12-1998 / Los Angeles, CA / The Roxy - DAT(M) (Sony ECM-737) (tapegeek)",AUD,FLAC,,
,,,,
[MISC],,,,
Screaming Trees - 1985-1988 Demos (Cassette),,FLAC,,
Screaming Trees - 10 Tons of Fun (KTS180) ,Silver CD,FLAC,,
,,,,
,,,,
,,,,
Seaweed,Versions,File Type,,
Drive - C,,,,
,,,,
,,,,
[1992],,,,
"5-9-1992 / Cheyenne, WY / Lion's Park Community House (Realistic SCP-29) (lantz barbour)",AUD,FLAC,,
,,,,
,,,,
,,,,
Sebadoh,Versions,File Type,,
Drive - E,,,,
,,,,
,,,,
[1991],,,,
"5-8-1991 / Minneapolis, MN / 7th St. Engry - ANA(1)",SBD,FLAC,,
,,,,
[1992],,,,
"6-20-1992 / Boston, MA / Axis",SBD,FLAC,,
"7-22-1992 / London, England / The Underworld - ANA(3) (o'lachtna production)",AUD,FLAC,,
"8-9-1992 / London, UK / Peel Session - CASS(2)",FM,FLAC,,
,,,,
[1993],,,,
"4-1-1993 / London, UK / Mean Fiddler - ANA(5) (o'lachtna production) ",AUD,FLAC,,
"4-13-1993 / Hartford, CT / Trinity College ",FM,FLAC,,
"5-3-1993 / Washington, DC / 15 Minute Club - ANA(x) ",AUD,FLAC,,
"5-6-1993 / Athens, GA / Showbox - ANA(2) (o'lachtna production)",SBD,FLAC,,
"5-7-1993 / Atlanta, GA / Cotton Club - ANA(4)",SBD,FLAC,,
"5-22-1993 / New York, NY / The Grand - ANA(3) (o'lachtna production)",AUD,FLAC,,
"6-14-1993 / Frankfurt, Germany / Corky's - VHS(1)",AUD,FLAC,,
"6-27-1993 / Pilton, UK / Glastonbury Festival - Worthy Farm",FM,FLAC,,
"8-16-1993 / Seattle, WA / Off Ramp Cafe - ANA(1) (unk)",AUD,FLAC,,
,,,,
[1994],,,,
"3-21-1994 / Princeton, NJ / Jon Soloman's House - ANA(2) (o'lachtna production)",AUD,FLAC,,
"4-9-1994 / London, UK / The Garage - ANA(x)",AUD,FLAC,,
"4-13-1994 / Newport, UK / TJ's - AUD(x) (unk)",AUD,FLAC,,
"4-14-1994 / Notthingham, UK / Narrowboat - AUD(x) (o'lachtna production) (inc)",AUD,FLAC,,
"8-19-1994 / Koln, Germany / Luxor",AUD,FLAC,,
"8-24-1994 / Gent, Belgium / Democrazy",SBD,FLAC,,
"9-18-1994 / Burlington, VT / Toast (gkay44) ",AUD,FLAC,,
"9-18-1994 / Burlington, VT / Club Toast - ANA(1)",SBD,FLAC,,
"9-21-1994 / Toronto, ON / Opera House - AUD(M) (loughney transfer)",AUD,FLAC,,
"10-6-1994 / Carrboro, NC / Cat's Cradle (unk)",SBD,FLAC,,
,,,,
[1995],,,,
"2-7-1995 / Tampa, FL / Stone Lounge - ANA(1) (loughney transfer)",AUD,FLAC,,
"2-24-1995 / San Francisco, CA / The Fillmore - ANA(1) (loughney transfer)",SBD,FLAC,,
"2-26-1995 / Olympia, WA / Library 4300 - The Evergreen State College - ANA(M) (Aiwa) (mike ziegler transfer)",AUD,FLAC,,
"3-3-1995 / Chicago, IL / The Metro",AUD,FLAC,,
"5-3-1995 / Boston , MA / The Avalon - ANA(1) (Sony WM-D3) (gkaye)",AUD,FLAC,,
"5-18-1995 / Bielefeld, Germany / Hechelei (thir13en)",MIX,FLAC,,
"6-8-1995 / London, UK / Shepherd's Bush Empire",SBD,FLAC,,
"6-8-1995 / London, UK / Shepherds Bush Empire (SBD+AUD) (thir13en)",MIX,FLAC,,
,,,,
[1996],,,,
"8-23-1996 / Reading, UK / Reading Festival ",preFM,FLAC,,
"9-8-1996 / Washington, DC / 930 Club (bobfather)",SBD,FLAC,,
"9-20-1996 / San Francisco, CA / Great American Music Hall (unk) (neekrive)",AUD,FLAC,,
"9-22-1996 / Portland, OR / La Luna - ANA(1) (Sony WM-D3) (loughney transfer)",AUD,FLAC,,
"9-29-1996 / Cleveland, OH / Odeon - ANA(1) (Sony WM-D3)",AUD,FLAC,,
,,,,
[1997],,,,
"1-20-1997 / Charlottesville, VA / Trax - DAT(M) (marcus winfree)",SBD,FLAC,,
"3-1-1997 / Boston, MA / Paradise (WBCN Broadcast) - ANA(3) (loughney transfer) ",FM,FLAC,,
"3-1-1997 / Boston, MA / Paradise - ANA(3) (WBCN Broadcast) (complete)",FM,FLAC,,
"3-2-1997 / Boston, MA / Paradise Rock Club (unk) (sluggo)",AUD,FLAC,,
,,,,
[1998],,,,
"11-21-1998 / Amsterdam, The Netherlands / Paradiso (unk)",AUD,FLAC,,
,,,,
[1999],,,,
"4-14-1999 / Chicago, IL / Metro - MD(M) (ECM-MS907) (matos)",AUD,FLAC,,
"5-12-1999 / Muenchen, Germany / Muffathalle",FM,FLAC,,
,,,,
[2004],,,,
"8-17-2004 / Denver, CO / Bluebird Theater (sxpxdxcx)",SBD,FLAC,,
"8-21-2004 / Lawrence, KS / Granada - MD(M) (SPC-MC8) (sonictooth)",AUD,FLAC,,
,,,,
[2011],,,,
"2-16-2011 / Kansas City, MO / Record Bar, (SP-CMC-8) (sonictooth)",AUD,FLAC,,
"9-21-2011 / Sydney, AUS / Metro Theatre (Webstream) (_tunic_)",PRO,FLV,,
,,,,
[2013],,,,
"10-28-2013 / Frankfurt, Germany / Zoom - DAT(M) (Sony D8) (bobfather + sten bert) ",MIX,FLAC,,
,,,,
[2014],,,,
"9-22-2014 / Kansas City, MO / Record Bar (SP-CMC-8) (sonictooth)",AUD,FLAC,,
,,,,
[MISC],,,,
Sebadoh - BBC Sessions 1992-1995,FM,FLAC,,
,,,,
,,,,
,,,,
Semisonic,Versions,File Type,,
Drive - F,,,,
,,,,
,,,,
[1999],,,,
"4-29-1999 / Blacksburg, VA / Burruss Auditorium (unk)",AUD,FLAC 24,,
,,,,
[2010],,,,
"10-8-2010 / Minneapolis, MN / First Avenue (Schoeps MK4s) (perks)",AUD,FLAC,,
,,,,
[2012],,,,
"5-19-2012 / Mound, MN / Our Lady Of The Lakes Catholic Church (Schoeps MK5s) (perks) ",AUD,FLAC,,
"8-31-2012 / Falcon Heights, MN / Grandstand - MN State Fairgrounds (Schoeps MK5s) (perks) ",AUD,FLAC,,
,,,,
[2023],,,,
"1-28-2023 / Minneapolis, MN / First Avenue (iPhone 13) (ngs428)",AUD,FLAC,,
,,,,
,,,,
,,,,
Soul Asylum,Versions,File Type,,
Drive - E,,,,
,,,,
,,,,
[1986],,,,
"2-13-1986 / Athens, GA / Unknown Venue (unk) (jon wells)",AUD,FLAC,,
,,,,
[1987],,,,
"5-23-1987 / Iowa City, IA / The Central - ANA(3) (unk)",AUD,FLAC,,
,,,,
[1988],,,,
"3-26-1988 / Eeklo, Belgium / De Media - ANA(1) (Walkman) (bobfather) ",AUD,FLAC,,
"6-19-1988 / Charlottesville, VA - Trax",SBD,FLAC,,
"6-23-1988 / Philadelphia, PA / Chestnut Cabaret (Schoeps CMC4) (unk)",AUD,FLAC,,
,,,,
[1989],,,,
"5-20-1989 / Frankfurt, Germany / Cookys - ANA(1) (Sony Walkman) (a.c.) ",AUD,FLAC,,
,,,,
[1990],,,,
"10-20-1990 / Madison, WI / Barrymore Theatre - ANA(1) (unk) (james l.) ",AUD,FLAC,,
"10-23-1990 / Minneapolis, MN / Cabooze - ANA(x) (bobfather) ",FM,FLAC,,
,,,,
[1991],,,,
"10-11-1991 / Minneapolis, MN / University of MN - Great Hall - ANA(1) (unk) ",AUD #2,FLAC,,
"12-23-1991 / Minneapolis, MN / First Avenue - AUD(M) (loughney transfer)",AUD,FLAC,,
,,,,
[1992],,,,
"12-3-1992 / Austin, TX / Liberty Lunch",SBD,FLAC,,
"12-22-1992 / Minneapolis, MN / First Ave - ANA(1) (unk)",AUD #2,FLAC,,
,,,,
[1993],,,,
"4-21-1993 / New York, NY / MTV Unplugged",TV,FLAC,,
"6-15-1993 / Miami, FL / Bayfront Park Amphitheatre (SS-DSM 6P) (datfly) ",AUD,FLAC,,
"8-30-1993 / Las Vegas, NV / Aladdin Theater (Sony Stereo Mic) - CASS(M) (scott tillotson)",AUD,FLAC,,
"10-22-1993 / Stockholm, Sweden / Palladium - ANA(1) (jontebus)",AUD,FLAC,,
"11-6-1993 / Pelham, AL / Oak Mountain Amphitheatre - DAT(M) (Sonic Studios) (unk)",AUD,FLAC 24,,
,,,,
[1995],,,,
"8-17-1995 / St.Paul, MN / Midway Stadium - ANA(x) (unk)",AUD,FLAC,,
"8-25-1995 / Chicago, IL / Aragon Ballroom ",preFM,FLAC,,
"10-12-1995 / San Francisco, CA / The Warfield (unk) (neekrive) ",AUD,FLAC,,
"11-15-1995 / Tokyo, Japan / Liquid Room - DAT(M)",AUD,FLAC,,
,,,,
[1996],,,,
"1-22-1996 / Minneapolis, MN / First Avenue - DAT(M) (SS-DSM6) (jay saari) ",AUD,FLAC,,
,,,,
[1997],,,,
"4-23-1997 / New York, NY / Tramps - DAT(M) (unk)",AUD,FLAC,,
"5-9-1997 / New York, NY / Late Show with David Letterman - VHS(2)",TV,FLAC,,
"6-28-1997 / Grand Forks, ND / Grand Forks Prom (unk)",SBD,FLAC,,
,,,,
[1998],,,,
"5-20-1998 / New York, NY / The Late Show with David Letterman - VHS(2)",TV,MKV,,
,,,,
[2011],,,,
"7-23-2011 / Chicago, IL / Sheffield Garden Walk (CA-14) (brian emerick) ",AUD,FLAC 24,,
,,,,
[2017],,,,
"8-19-2017 / Plymouth, MN / Hilde Performance Center (AKG CK63s) (dina)",AUD,FLAC,,
,,,,
[2018],,,,
7-17-2018 / Irving TX / Toyota Music Pavilion (AT943) (whotapes) ,AUD,FLAC,,
,,,,
[2021],,,,
"8-21-2021 / Aurora, IL / The Piazza (Edirol R-07) (lucca)",AUD,FLAC,,
"9-9-2021 / Milwaukee, WI / BMO Harris Pavilion - Summerfest (Edirol R-07) (lucca)",AUD,FLAC,,
,,,,
[2022],,,,
"5-12-2022 / Waukegan, IL / Genesee Theatre (Edirol R-07) (lucca)",AUD,FLAC,,
"5-13-2022 / Milwaukee, WI / Northern Lights Theater (Edirol R-07) (lucca) ",AUD,FLAC,,
"8-6-2022 / Romeoville, IL / Romeofest (Edirol R-07) (lucca)",AUD,FLAC,,
"10-29-2022 / Des Plaines, IL / Events Center - Rivers Casino (Edirol R-07) (lucca)",AUD,FLAC,,
,,,,
[2023],,,,
"4-29-2023 / Cedar Park, TX / Lakeline Park (MM-HLS0s) (rjlrjlrjl) ",AUD,FLAC 24,,
"7-21-2023 / San Jose, CA / Plaza de Ceasar Chavez (Schoeps MK4) (loughney)",AUD,FLAC,,
"8-5-2023 / Winston Salem, NC / Bailey Park - Gears and Guitars Festival (CA-11) (ultramega)",AUD,FLAC,,
9-30-2023 / Sandy Springs GA / City Green (Zoom H4n) (unk),AUD,FLAC,,
"11-17-2023 / Ocala, FL / Reilly Arts Center (Edirol R09) (the passenger) ",AUD,FLAC,,
,,,,
[2024],,,,
"7-26-2024 / Columbus, OH / Celeste Center (CA-14) (live2cd) ",AUD,FLAC,,
"10-10-2024 / San Francisco, CA / Brick & Mortar (Schoeps MK4) (loughney) ",AUD,FLAC 24,,
"10-25-2024 / Homer, NY / Center for the Arts (Core Sound Mics) (boeditaper)",AUD,FLAC,,
"11-13-2024 / Hollywood, CA / Amoeba Music (SP-CMC-4U) (unk) ",AUD,FLAC,,
,,,,
[2025],,,,
"4-19-2025 / Pontiac, MI / Flagstar Strand Theater (Edirol R09) (dcd6575) ",AUD,FLAC 24,,
"7-4-2025 / West Chester Township, OH / National VOA Museum of Broadcasting (CA-14) (live2cd)",AUD,FLAC,,
"12-14-2025 / Uncasville, CT / Mohegan Sun Arena (SP-CMC-8c) (farve4)",AUD,FLAC,,
,,,,
[MISC],,,,
Soul Asylum - The Lost Album (MO10004) (1993),Silver CD,APE,,
,,,,
,,,,
,,,,
Soul Coughing,Versions,File Type,,
Drive - E,,,,
,,,,
,,,,
[1992],,,,
"8-13-1992 / New York, NY / The Knitting Factory",SBD,FLAC,,
,,,,
[1993],,,,
"12-10-1993 / New York, NY / CBGBs - ANA(M (mat leffler-schulman transfer) (24/44.1)",SBD,FLAC,,
"12-17-1993 / New York, NY / CBGBs - ANA(M) (mat leffler-schulman transfer) (24/44.1) ",SBD,FLAC,,
,,,,
[1994],,,,
"2-11-1994 / New York, NY / CBGBs - ANA(M) (mat leffler-schulman transfer) (24/44.1)",SBD,FLAC,,
,,,,
[1995],,,,
"2-2-1995 / Amsterdam, Holland / Melkweg - ANA(M) (rene meister) (24/44.1)",SBD,FLAC,,
"4-16-1995 / Manhattan, NY / The Knitting Factory - ANA(M) (mat leffler-schulman transfer) (24/44.1)",SBD,FLAC,,
"5-2-1995 / Santa Monica, CA / KCRW",FM,MP3,,
"5-10-1995 / Denver, CO / Bluebird Theatre - DAT(M) (Binaurals) (marcr) ",AUD,FLAC 24,,
"7-25-1995 / New York, NY / Mercury Lounge",SBD,FLAC,,
"7-28-1995 / New York, NY / Mercury Lounge",SBD,FLAC 24,,
,,,,
[1996],,,,
"7-8-1996 / Minneapolis, MN / Let It Be Records - DAT(M) (DSM6) (jay saari)",AUD,FLAC,,
"7-15-1996 / Philadelphia, PA / Khyber Pass Pub (CSB) (zrrbrrt)",AUD,FLAC,,
"8-2-1996 / San Jose, CA / Spartan Stadium - Lollapalooza (unk) (neekrive) ",AUD,FLAC,,
"11-13-1996 / Boulder, CO / Fox Theater",SBD,FLAC,,
"11-29-1996 / New York, NY / Roseland Ballroom - ANA(M) (mat leffler-schulman transfer) (24/44.1)",SBD,FLAC,,
,,,,
[1997],,,,
"2-15-1997 / West Hollywood, CA / Tower Records - ANA(M) (unk) ",AUD,FLAC,,
,,,,
[1998],,,,
"8-28-1998 / Biddinghuizen, The Netherlands / Walibi Flevo - Lowlands Festival",FM,FLAC,,
"10-19-1998 / Winooski, VT / Higher Ground (Neumann KM184) (unk)",AUD,FLAC,,
"10-23-1998 / New York, NY / Irving Plaza (Schoeps CMC6-MK4) (unk) ",AUD,FLAC,,
"10-25-1998 / Washington, DC / 930 Club (unk) ",SBD,FLAC,,
,,,,
[2024],,,,
"9-14-2024 / San Francisco, CA / The Fillmore (CA-11) (vortexzephyr)",AUD,FLAC 24,,
"9-15-2024 / San Francisco, CA / The Fillmore (MG M300s) (michael zelner)",AUD,FLAC,,
"9-15-2024 / San Francisco, CA / The Fillmore (Schoeps MK4s) (tj) ",AUD,FLAC 24,,
"10-6-2024 / New York, NY / Terminal 5 (CA-11) (larryrulz)",AUD,FLAC,,
,,,,
[2025],,,,
"4-12-2025 / Atlanta, GA / The Eastern (CA-14) (unk)",AUD,FLAC,,
"12-13-2025 / Madison, WI / The Sylvee (Zoom H1N) (pael) ",AUD,FLAC,,
,,,,
[MISC],,,,
Soul Coughing - Ruby Vroom Roughs 1994-05-04,,FLAC 24,,
Soul Coughing - Down to This {Slash - D997} (1995) ,,FLAC,,
Soul Coughing - Hello Recording Club EP (1996) ,,FLAC,,
Soul Coughing - Made Especially for You by Soul Coughing {PRO-CD-9127} (1997),,FLAC,,
Soul Coughing - Lust in Phaze The Best of Soul Coughing {R2 78281} (2002} ,,FLAC,,
"Soul Coughing - Rennes, France 12.03.94 {KUF 0023} (2003) ",,FLAC,,
"Soul Coughing - Tokyo, Japan 02.03.1997 {KUF 0024} (2003)",,FLAC,,
"Soul Coughing - New York, NY 08.16.99 {KUF 0025} (2005)",,FLAC,,
Soul Coughing - Live Rarities {KUF 0027} (2005) ,,FLAC,,
Soul Coughing - Berlin-Amsterdam 1997 (2005),,FLAC,,
,,,,
[SINGLES],,,,
Soul Coughing - Sugar Free Jazz - Screenwriter's Blue's (Promo) {PRO-CD-7741-R} (1994),,FLAC,,
Soul Coughing - Sugar Free Jazz {943582-2} (1995),,FLAC,,
Soul Coughing - Super Bon Bon {LASCD60} (1996) ,,FLAC,,
Soul Coughing - Soft Serve {PRO-CD-8818} (1997),,FLAC,,
Soul Coughing - Circles (Promo) {PRO-CD-9555-R} (1998),,FLAC,,
Soul Coughing - Rolling {PRO-CD-9676} (1999),,FLAC,,
,,,,
,,,,
,,,,
,,,,
,,,,
Spacehog,Versions,File Type,,
Drive - A,,,,
,,,,
,,,,
[2025],,,,
"6-28-2025 / Las Vegas, NV / House of Blues - WAV(M) (AT853) (unk)",AUD,FLAC 24,,
,,,,
,,,,
,,,,
,,,,
,,,,
Spin Doctors,Versions,File Type,,
Drive - E,,,,
,,,,
,,,,
[1991],,,,
"6-22-1991 / Boston, MA / Necco Place",SBD,FLAC,,
"7-20-1991 / Parksville, NY / Arrowhead Ranch",SBD,FLAC,,
,,,,
[1992],,,,
"2-20-1992 / Syracuse, NY / Lost Horizon (AKG C460s) (terry sullivan)",AUD,FLAC 24,,
"7-12-1992 /  Ithaca, NY / The Haunt (AKG C460s) (terry sullivan) ",AUD,FLAC 24,,
"7-16-1992 / Rochester, NY / Downtown Festival Tent (AKG C460s) (terry sullivan)",AUD,FLAC 24,,
,,,,
,,,,
,,,,
,,,,
,,,,
Sponge,Versions,File Type,,
Drive - F,,,,
,,,,
,,,,
[1995],,,,
"1-XX-1995 / New York, NY / The Late Show with David Letterman - VHS(2)",TV,MKV,,
"7-30-1995 / San Francisco, CA / The Fillmore (unk) (neekrive)",AUD,FLAC,,
,,,,
[1996],,,,
"8-2-1996 / San Jose, CA / Spartan Stadium - Lollapalooza (unk) (neekrive)",AUD,FLAC,,
"9-17-1996 / Concord, CA / Concord Pavilion (unk) (neekrive) ",AUD,FLAC,,
,,,,
[2005],,,,
"11-4-2005 / Johnson City, TN / Gatsby's (CSBs) (geordy)",AUD,FLAC,,
,,,,
[2010],,,,
"2-27-2010 / Detroit, MI / Magic Stick (Church STC-11) (pothole productions)",AUD,FLAC,,
,,,,
[2022],,,,
"6-1-2022 / Columbus, OH / The King of Clubs (CA-14) (charles dewey cole) ",AUD,FLAC,,
"10-12-2022 / Vancouver, BC / Commodore Ballroom (CA-11) (leifh)",AUD,FLAC,,
,,,,
[2023],,,,
"5-24-2023 / Anaheim, CA / The Parish at House of Blues (DPA 4081) (faninor)",AUD,FLAC 24,,
"8-16-2023 / Syracuse, NY / Clinton Square (AKGck61) (beatkilla) ",AUD,FLAC 24,,
,,,,
[2024],,,,
"7-16-2024 / Liverpool, NY / Sharkey's Event Center (Schoeps MK4) (beatkilla) ",AUD,FLAC,,
"8-16-2024 / Syracuse, NY / Clinton Square (Sennheiser MKE1) (beatkilla)",AUD,FLAC 24,,
,,,,
[2025],,,,
"4-6-2025 / Sacramento, CA / Goldfield Trading Post (SP-CMC-4U) (vibrioidxire)",AUD,FLAC 24,,
"9-26-2025 / St. Charles, MO / Family Arena (Sony PCM-A10) (shane e. calhoon) ",AUD,FLAC 24,,
"10-7-2025 / Orlando, FL / The Plaza Theatre (Panasonic MM-BSM7s) (kevdogg)",AUD,FLAC,,
"10-16-2025 / Charlotte, NC / Neighborhood Theatre (M) (Shure MV88) (shynomi)",AUD,FLAC 24,,
"10-27-2025 / Cleveland, OH / House of Blues (SP-CMC-8) (live2cd)",AUD,FLAC,,
,,,,
,,,,
,,,,
,,,,
Sublime,Versions,File Type,,
Drive - E,,,,
,,,,
,,,,
[1995],,,,
"4-20-1995 / Boulder, CO / Fox Theatre",SBD,FLAC,,
"10-21-1995 / Hollywood, CA / The Palace *Fallen Idols",Silver CD,FLAC,,
,,,,
[MISC],,,,
Sublime - 13 Fl. Oz {RBO-920-SUB-2} (1994),Silver CD,FLAC,,
Sublime - 5.00 At The Door (Live at Tressel Tavern) (1994),WEB,FLAC,,
Sublime - Second-Hand Smoke {GASD-11714} (1997),Silver CD,FLAC,,
Sublime - Stand By Your Van {GASD-11798} (1998) ,Silver CD,FLAC,,
Sublime - Acoustic Bradley Nowell & Friends {GASD-11889} (1998),Silver CD,FLAC,,
,,,,
,,,,
,,,,
,,,,
,,,,
Sugar,Versions,File Type,,
Drive - F,,,,
,,,,
,,,,
[1992],,,,
"11-17-1992 / Seattle, WA / Moore Theater - ANA(M) (loughney transfer) ",AUD,FLAC,,
"12-11-1992 / Ghent, Belgium / Vooruit Concertzaal - DAT(M) (unk)",AUD,FLAC,,
,,,,
[1993],,,,
"5-7-1993 / New York, NY / Roseland Ballroom (unk) ",AUD,FLAC,,
"5-18-1993 / Seattle, WA / Oz Niteclub - DAT(M) (loughney transfer)",AUD,FLAC,,
,,,,
[2026],,,,
"5-2-2026 / New York, NY / Webster Hall (Schoeps MK4) (lachtna productions)",AUD,FLAC 24,,
"5-3-2026 / New York, NY / Webster Hall (Schoeps MK4) (lachtna productions)",AUD,FLAC 24,,
,,,,
,,,,
,,,,
,,,,
,,,,
Superdrag,Versions,File Type,,
Drive - E,,,,
,,,,
,,,,
[1996],,,,
"8-3-1996 / Dallas, TX / Orbit Room (CSBmod) (arnold leal)",AUD,FLAC,,
"11-15-1996 / New York, NY / Tramps - ANA(M) (AT8022) (auto_pilot)",AUD,FLAC,,
,,,,
[1998],,,,
"4-17-1998 / Boston, MA / Paradise Rock Club (CSBmod) (dave asselin)",AUD,FLAC,,
,,,,
[1999],,,,
"10-20-1999 / Cambridge, MA / The Middle East (CSBmod) (dave asselin)",AUD,FLAC,,
,,,,
[2007],,,,
"10-13-2007 / Chicago, IL / The Metro (DPA 4060) (charles dewey cole)",AUD,FLAC,,
,,,,
[2022],,,,
"9-30-2022 / Knoxville, TN / Suttree Landing Park (CA-14) (ryan teske)",AUD,FLAC,,
,,,,
[2024],,,,
"7-25-2024 / Chicago, IL / Subterranean (CA-14) (ryan teske)",AUD,FLAC,,
"7-25-2024 / Chicago, IL / Subterranean (benjamin gordon) ",SBD,FLAC,,
,,,,
,,,,
,,,,
,,,,
,,,,
Swell,Versions,File Type,,
Drive - F,,,,
,,,,
,,,,
[1994],,,,
"5-21-1994 / Holland, The Netherlands / NOB Radiostudeio - 2 Meter Sessie",FM,FLAC,,
,,,,
[1998],,,,
"9-14-1998 / Brussels, Belgium / Botanique (unk) ",AUD,FLAC 24,,
,,,,
[1999],,,,
"7-18-1999 / Oeiras, Portugal / Estadio Nacional - Cruz Quebrada ",FM,FLAC,,
,,,,
,,,,
,,,,
,,,,
,,,,
Teenage Fanclub,Versions,File Type,,
Drive - C,,,,
,,,,
,,,,
[1991],,,,
"5-22-1991 / Glasgow, Scotland / King Tuts Wah Wah Hut",FM,FLAC,,
,,,,
[1992],,,,
"2-1-1992 / London, UK / Town & Country Club (BBC Transcription Disc)",preFM,FLAC,,
"3-13-1992 / Koln, Germany / E-Werk",AUD,FLAC,,
"3-15-1992 / Pessac, Bordeaux, France / Salle Bellegrave (unk) ",AUD,FLAC,,
,,,,
[1993],,,,
"10-18-1993 / London, UK / London Forum",AUD  ,FLAC,,
"11-3-1993 / Lille, France / L'Aeronef",AUD #2,FLAC,,
,,,,
[1995],,,,
"8-20-1995  / San Francisco, CA / The Warfield (unk) (neekrive) ",AUD  ,FLAC,,
,,,,
[1996],,,,
"1-21-1996 / London, UK / Astoria (BBC Transcription Disc)",preFM,,,
,,,,
[2003],,,,
"2-3-2003 / Manchester, UK / Academy 2 (yousef)",AUD,FLAC,,
,,,,
[2005],,,,
"8-7-2005 / Los Angeles, CA / Knitting Factory (Sony WM-D3) (manofstealth) ",AUD,FLAC 24,,
,,,,
[2014],,,,
"7-26-2014 / Carrboro, NC / Cat's Cradle (ECM-909a) (steve hanna)",AUD,FLAC,,
,,,,
[2021],,,,
"8-22-2021 / Glanusk Park / Wales, UK / Green Man Festival - Far Out Tent (SP-CMC-2s) (rayrad)",AUD,FLAC,,
,,,,
[2022],,,,
"4-25-2022 / Copenhagen, Denmark / Pumpehuset (CA-14) (unk)",AUD,FLAC,,
,,,,
[2023],,,,
"10-15-2023 / San Sebastian, Spain / Victoria Eugenia (Yamaha PR7) (unaesfingelunar) ",AUD,FLAC,,
,,,,
[2024],,,,
"5-12-2024 / Portland, OR / Mississippi Studios (DPA 4061s) (tim kahn) ",AUD,FLAC 24,,
"5-13-2024 / Portland, OR / Mississippi Studios (DPA 4061s) (tim kahn) ",AUD,FLAC 24,,
"5-16-2024 / San Francisco, CA / The Filmore (Schoeps MK4) (loughney)",AUD,FLAC 24,,
"5-18-2024 / Los Angeles, CA / Teragram Ballroom (CA-11) (manofstealth)",AUD,FLAC 24,,
,,,,
[2025],,,,
"9-9-2025 / Buenos Aires, Argentina / C Art Media (MM-MCSM-4) (rony kohn)",AUD,FLAC,,
,,,,
,,,,
,,,,
,,,,
,,,,
The Lemonheads,Versions,File Type,,
Drive - B,,,,
,,,,
,,,,
[1989],,,,
"6-16-1989 / Gammelsdorf, Germany / Zirkus - ANA(1) (unk) (mark l.)",AUD,FLAC,,
"8-29-1989 / Berkeley, CA / Berkeley Square",AUD,FLAC,,
"9-2-1989 / Los Angeles, CA / Club Lingerie (jems 2021 transfer)",SBD,FLAC,,
,,,,
[1990],,,,
"4-5-1990 / Cambridge, MA / MIT Student Center",FM,FLAC,,
"5-28-1990 / Uebach Palenberg, Germany / Rockfabrik - ANA(1) (unk) (bobfather)",AUD,FLAC,,
,,,,
[1991],,,,
"5-11-1991 / New York, NY / Marquee",AUD,FLAC,,
,,,,
[1992],,,,
XX-XX-1992 / Lemon Alive 91' 92',Silver CD,FLAC,,
"9-6-1992 / Copenhagen, Denmark / Loppen (PC62)",AUD,FLAC,,
"9-13-1992 / Frankfurt, Germany / Batschkapp (buenaventura)",AUD,FLAC,,
"10-15-1992 / London, England / London Astoria",SBD,FLAC,,
"11-11-1992 / Urbana, IL / Foelinger Auditorium - University of Illinois",AUD,FLAC,,
"11-13-1992 / Chicago, IL / Riviera (ECM-S220) (jb)",AUD,FLAC,,
"11-19-1992 / Chicago, IL / Riviera (ECM-S220) (jb)",AUD,FLAC,,
,,,,
[1993],,,,
"4-8-1993 / Sheffield, England / Sheffield Leadmill",FM,FLAC,,
"5-XX-1993 / Los Angeles, CA / McCabes Guitar Shop",AUD,FLAC,,
"6-24-1993 / Glastonbury, England / Glastonbury Festival",FM,FLAC,,
"10-18-1993 / Chicago, IL / Tower Records",FM,FLAC,,
"11-6-1993 / Santa Monica, CA / McCabe's Guitar Shop (Evan Dando Acoustic Show) (Late Show) - DAT(M) (SS-DSM-6P) (jems)",AUD,FLAC,,
"11-18-1993 / Chicago, IL / Tower Records",SBD,FLAC,,
"11-18-1993 / Chicago, IL / Tower Records",,FLAC,,
12-1-1993 / Suck On This,Silver CD,FLAC,,
"12-11-1993 / Universal City, CA / Universal Amphitheatre",FM,FLAC,,
,,,,
[1994],,,,
XX-XX-1994 / Live and Alive,Silver CD,FLAC,,
"3-20-1994 / New York, NY / Kiamesha Lake - DAT(x) (gary watson transfer)",SBD #1,FLAC,,
"7-4-1994 / Chicago, IL / Petrillo Band Shell - Grant Park",FM,FLAC,,
,,,,
[1996],,,,
"10-3-1996 / London, UK / Astoria - 1Live Radio Concert",FM,FLAC,,
"10-28-1996 / New York, NY / Tramps",FM,FLAC,,
"11-13-1996 / Vancouver, BC / Starfish Room",FM,FLAC,,
,,,,
[1997],,,,
"1-4-1997 / Perth, Australia / Mudslinger Festival - Murdoch University (M) (Sony ECM-909a) (franger) ",AUD,FLAC,,
"2-22-1997 / Washington, D.C. / 9:30 Club",SBD,FLAC,,
,,,,
[2005],,,,
"9-15-2005 / London, UK / Sheperds Bush Empire (2nd Night)",AUD,FLAC,,
"12-16-2005 / New York, NY / Bowery Ballroom",AUD,,,
,,,,
[2006],,,,
"10-5-2006 / Norwich, England / UEA",AUD,FLAC,,
,,,,
[2007],,,,
"2-6-2007 / New Orleans, LA / The Parish - House of Blues",AUD,FLAC,,
"12-21-2007 / New York, NY / Highline Ballroom",AUD,FLAC,,
,,,,
[2009],,,,
"5-13-2009 / London, England / The Macbeth (Evan Dando) - WAV(M) (gary watson)",AUD,FLAC 24,,
,,,,
[2012],,,,
"2-1-2012 / Colorado Springs, CO / The Black Sheep",MTX,FLAC,,
,,,,
[2019],,,,
"5-2-2019 / Faiffield, CT / The Warehouse (Edirol R-7) (lucca)",AUD,FLAC,,
"12-11-2019 / Brisbane, Australia / The Zoo (CA-11s) (audiowhore) ",AUD,FLAC,,
,,,,
[2021],,,,
"9-18-2021 / Milwaukee, WI / Generac Power Stage - Summerfest (Edirol R-07) (lucca)",AUD,FLAC,,
"11-11-2021 / Chicago, IL / Thalia Hall (Edirol R-07) (lucca)",AUD,FLAC,,
"11-17-2021 / Cudahy, WI  / Xray Arcade (Edirol R-07) (lucca) ",AUD,FLAC,,
,,,,
[2022],,,,
"3-17-2022 / Austin, TX / Stubbs - SXSW 2022 (SP-CMC-8) (unk)",AUD,FLAC 24,,
"4-28-2022 / Hamburg, Germany / Gruenspan (CA-14s) (rcm)",AUD,FLAC 24,,
"5-13-2022 / Mannheim, Germany / Alte Feuerwache (Zoom H5) (wannerl) ",AUD,FLAC,,
"5-23-2022 / Copenhagen, Denmark / Pumpehuset (CA14s) (unk)",AUD,FLAC,,
"12-11-2022 / Detroit, MI / Saint Andrew's Hall (Shure MV88) (adavici)",AUD,FLAC 24,,
"12-15-2022 / New York, NY / Le Poisson Rouge (Roland CS-10EM) (phideaux3)",AUD,FLAC 24,,
,,,,
[2023],,,,
"3-30-2023 / Halifax, NS / Lighthouse Arts Centre (Tascam DR2d) (colin waldschutz) ",AUD,FLAC,,
,,,,
[2024],,,,
"3-2-2024 / San Francisco, CA / Swedish American Hall (Evan Dando Solo) (Schoeps MK4s) (loughney)",AUD,FLAC 24,,
"10-30-2024 / London, England / Islington Assembly Hall (Evan Dando) (Sennheiser AMBEO) (greg caliquette)",AUD,FLAC 24,,
,,,,
[2025],,,,
"8-29-2025 / Stockholm, SWE / Debaser (Line Audio CM4) (pata63) ",AUD,FLAC 24,,
"9-4-2025 / Copenhagen, Denmark / Loppen (DPA 4061) (tw)",AUD,FLAC 24,,
,,,,
[MISC],,,,
The Lemonheads - Sony Music TV Special - VHS(2) (1994),TV,MPG,,
,,,,
,,,,
,,,,
,,,,
,,,,
The Nixons,Versions,File Type,,
Drive - C,,,,
,,,,
,,,,
[1995],,,,
"10-12-1995 / San Francisco, CA / The Warfield (unk) (neekrive) ",AUD,FLAC,,
,,,,
,,,,
,,,,
,,,,
,,,,
The Urge,Versions,File Type,,
Drive - E,,,,
,,,,
,,,,
[1996],,,,
"6-21-1996 / San Francisco, CA / The Warfield (unk) (neekrive)",AUD,FLAC,,
,,,,
[2019],,,,
"8-31-2019 / Maryland Heights, MO / Hollywood Casino Amphitheater (Nokia Lumia Icon) (cptncrash76)",AUD,FLAC,,
,,,,
,,,,
,,,,
,,,,
,,,,
The Verve Pipe,Versions,File Type,,
Drive - B,,,,
,,,,
,,,,
[1997],,,,
"1-24-1997 / Kalamazoo, MI / Live from the Pit (107.3)",FM,FLAC,,
"4-18-1997 / Milwaukee, WI / The Rave (Sony ECM907)",AUD,FLAC,,
"8-15-1997 / Chicago, IL / Vic Theater - The Album Network - ANA(M) (unk)",FM,FLAC,,
,,,,
[2001],,,,
"9-8-2001 / Grand Rapids, MI / Ah-Nab-Awen Park WGRD - DAT(M) (AT933) (rlhammon)",AUD,FLAC,,
,,,,
[2014],,,,
"11-1-2014 / Ann Arbor, MI / The Ark (DPA 4060) (live2cd)",AUD,FLAC,,
,,,,
[2019],,,,
"3-28-2019 / Indianapolis, IN / The HiFi (CA-14) (charles dewey cole) ",AUD,FLAC 24,,
"9-7-2019 / Kalamazoo, MI / Bell's Eccentric Cafe (CA-14) (charles dewey cole)",AUD,FLAC 24,,
"10-12-2019 / Ann Arbor, MI / The Ark (DPA 4060) (charles dewey cole) ",AUD,FLAC 24,,
,,,,
[2020],,,,
"2-8-2020 / Detroit, MI / St. Andrews Hall (CA-14s) (charles dewey cole)",AUD,FLAC 24,,
,,,,
[2021],,,,
"10-9-2021 / Ann Arbor, MI / The Ark (HEB DPA 4060) (charles dewey cole) ",AUD,FLAC 24,,
"12-11-2021 / Milwaukee, WI / The Back Room - Colectivo (Zoom H4n) (charles dewey cole) ",AUD,FLAC,,
,,,,
[2022],,,,
"8-9-2022 / St. Louis, MO / The Pageant Theatre (Neumann KSM 184 + SBD) (shane e. calhoon)",MIX,FLAC,,
"8-11-2022 / Findlay, OH / Donnell Theater at the Marathon Center for the Performing Arts (CA-14s) (charles dewey cole)",AUD,FLAC 24,,
"8-20-2022 / Mason, OH / Timberwolf Amphitheatre at Kings Island (CA-14) (charles dewey cole)",AUD,FLAC 24,,
"9-24-2022 / Cincinnati, OH / Element Eatery (DPA 4060) (live2cd)",AUD,FLAC 24,,
"10-14-2022 / Ann Arbor, MI / The Ark (DPA 4060) (charles dewey cole)",AUD,FLAC 24,,
,,,,
[2023],,,,
"3-23-2023 / St. Louis, MO / City Winery (CA-14s) (live2cd)",AUD,FLAC 24,,
"7-22-2023 / Grand Rapids, MI / The Listening Lawn (Zoom H4n Pro) (oilman)",AUD,FLAC,,
"10-14-2023 / Ann Arbor, MI / The Ark (HEB DPA 4060) (live2cd)",AUD,FLAC,,
,,,,
[2024],,,,
"2-10-2024 / Grand Rapids, MI / 20 Monroe Live (Zoom H4n Pro) (oilman)",AUD,FLAC,,
"5-8-2024 / Columbus, OH / Woodlands Tavern (CA-14s) (live2cd) ",AUD,FLAC 24,,
"5-9-2024 / Cincinnati, OH / The Woodward Theatre (SP-CMC-8) (live2cd) ",AUD,FLAC 24,,
"10-12-2024 / Ann Arbor, MI / The Ark (DPA 4060) (live2cd)",AUD,FLAC 24,,
,,,,
[2025],,,,
"2-16-2025 / Ann Arbor, MI / The Ark (Brian Vander Ark Solo) (HEB DPA 4060) (live2cd) ",AUD,FLAC 24,,
"8-17-2025 / Appleton, WI / Crazy Todd's Block Party (Shure MV88 + Sennheiser Ambeo) (unk) ",MIX,FLAC 24,,
,,,,
[2026],,,,
"1-17-2026 / Wadsworth, OH / The Celestia Theater (CA-14) (live2cd)",AUD,FLAC 24,,
"3-29-2026 / Asbury Park, NJ / The Stone Pony (AT853) (tapergregg)",AUD,FLAC,,
"4-2-2026 / Detroit, MI / The Fillmore Detroit (SP-CMC-8) (live2cd) ",AUD,FLAC 24,,
"4-7-2026 / Cincinnati, OH / Bogart's (SP-CMC-8) (live2cd) ",AUD,FLAC 24,,
,,,,
,,,,
,,,,
,,,,
,,,,
Toadies,Versions,File Type,,
Drive - B,,,,
,,,,
,,,,
[1994],,,,
"7-30-1994 / Dallas, TX / Orbit Room (T-mic) (v4tx)",AUD,FLAC,,
,,,,
[1995],,,,
"2-10-1995 / Hollywood, CA / The Roxy (WW1 96-09) (exene remaster)",preFM,FLAC,,
"9-15-1995 / San Francisco, CA / The Warfield (unk) (neekrive)",AUD,FLAC,,
"12-6-1995 / New Britain, CT / Sting ",SBD,FLAC,,
"12-31-1995 / Dallas, TX / Bomb Factory",FM,FLAC,,
,,,,
[1996],,,,
"1-1-1996 / Dallas, TX / Bomb Factory (Version 1) ",FM,FLAC,,
"1-1-1996 / Dallas, TX / Bomb Factory (Version 2) ",FM,FLAC,,
"4-16-1996 / San Diego, CA / Live from the Pit",FM,FLAC,,
"6-28-1996 / Berkeley, CA / Greek Theater (unk) (neekrive)",AUD,FLAC,,
"7-6-1996 / Corpus Christi, TX / Texas Sky Park (CSBmod) (arnold leal)",AUD,FLAC,,
,,,,
[1997],,,,
"6-29-1997 / Dallas, TX / Trees (T-mic) (v4tx)",AUD,FLAC,,
"6-29-1997 / Dallas, TX / Trees",SBD,FLAC,,
"11-17-1997 / New York, NY / Tramps (unk) ",AUD,FLAC,,
,,,,
[2011],,,,
"8-26-2011 / New Braunfels, TX / Whitewater Amphitheater (Zoom H4n) (thewicke)",AUD,FLAC,,
"8-27-2011 / New Braunfels, TX / Whitewater Amphitheater (Zoom H4n) (thewicke)",AUD,FLAC,,
,,,,
[2017],,,,
"10-13-2017 / Detroit, MI / St. Andrew's Hall (CA-14s) (charles dewey cole)",AUD,FLAC,,
"10-29-2017 / Tampa, FL / The Ritz Ybor (Zoom H1) (besley)",AUD,FLAC,,
,,,,
[MISC],,,,
Toadies - Slaphead,,SHN,,
Toadies - Best Of Toadies - Live From Paradise (2002),,FLAC,,
Toadies - Live at Billy Bob's Texas (Deluxe Edition) (2018),,FLAC,,
,,,,
,,,,
,,,,
,,,,
Tonic,Versions,File Type,,
Drive - E,,,,
,,,,
,,,,
[1997],,,,
"3-9-1997 / Los Angeles, CA / Modern Rock Live - ANA(x) (unk) ",FM,FLAC,,
"4-15-1997 / Cologne, Germany / Luxor (unk)",AUD,FLAC,,
"6-25-1997 / Green Bay, WI / Riverside Ballroom (Sony D6) ",AUD,FLAC,,
"6-26-1997 / Milwaukee, WI / Marcus Amphitheater - Summerfest (unk)",AUD,FLAC,,
,,,,
[1999],,,,
"10-8-1999 / St. Louis, MO / Mississippi Nights (CSB) (unk)",AUD,FLAC,,
,,,,
[2000],,,,
"5-8-2000 / St. Petersburg, FL / 95.7 Starfest at Vinoy Park (unk)",AUD,FLAC,,
"5-8-2000 / Ybor City, FL / Tahiti Joes (unk) ",AUD,FLAC,,
"7-25-2000 / St. Louis, MO / Mississippi Nights (Core Sound Omnis) (shane e. calhoon)",AUD,FLAC,,
"7-31-2000 / Cincinatti, OH / Bogart's (unk) ",AUD,FLAC,,
"8-4-2000 / Toronto, ON / Lee's Palace (CSB) (unk)",AUD,FLAC,,
"11-17-2000 / Atlantic City, NJ / Trump Marina (unk)",AUD,FLAC,,
,,,,
[2002],,,,
"7-6-2002 / Farmingdale, NY / Dave Glicker's Downtown (unk)",AUD,FLAC,,
,,,,
[2003],,,,
"4-27-2003 / Charlotte, NC / Cityfest Live - WB Stage (unk)",AUD,FLAC,,
"4-30-2003 / Sauget, IL / Pop's (Core Sound Stealthy) (shane e. calhoon)",AUD,FLAC,,
"9-12-2003 / Nashville, TN / Unknown Venue (unk) ",AUD,FLAC,,
"10-25-2003 / Pensacola, FL / Unknown Venue (unk) ",AUD,FLAC,,
,,,,
[2008],,,,
"9-13-2008 / Antioch, IL / Blarney Island (Sony ECM-DS70P) (ryan fisher)",AUD,FLAC,,
,,,,
[2009],,,,
"5-22-2009 / Kelseyville, CA / Konocti Harbor (unk) ",AUD,FLAC,,
"5-22-2009 / Kelseyville, CA / Konocti Harbor (Sony MS907) (mike markov) ",AUD,FLAC,,
"10-3-2009 / St. Louis, MO / Soldier's Memorial (Edirol R-09) (shane e. calhoon)",AUD,FLAC,,
,,,,
[2010],,,,
"5-29-2010 / Galveston, TX / Moody Gardens Amphitheatre (SP-BMC-2) (mysticalcrow)",AUD,FLAC,,
"8-6-2010 / Sheboygan, WI / Sheboygan Brat Days (unk)",AUD,FLAC,,
,,,,
[2011],,,,
"7-4-2011 / O'Fallon, MO / Heritage & Freedom Festival (Tascam DR-07) (shane e. calhoon)",AUD,FLAC,,
"8-6-2011 / Toledo, OH / Promenade Park (Edirol R-09) (live2cd)",AUD,FLAC,,
"8-27-2011 / Columbus, IN / Cerland Amphitheater (Edirol R-09) (live2cd) ",AUD,FLAC,,
,,,,
[2012],,,,
"2-17-2012 / New Orleans, LA / House of Blues (Sony ECM-DS70P) (ryan fisher",AUD,FLAC,,
"5-11-2012 / Columbus, OH / Columbus Bicentennial Pavilion (CA-14) (live2cd)",AUD,FLAC,,
,,,,
[2013],,,,
"2-1-2013 / Columbus, OH / Hollywood Casino (CA-14) (live2cd) ",AUD,FLAC 24,,
,,,,
[2014],,,,
"3-1-2014 / Orlando, FL - House of Blues - Irish In Orlando (MM-BSM7s) (kevdogg) ",AUD,FLAC,,
"3-14-2014 / Agoura Hills, CA / The Canyon Club (AT853) (david sell)",AUD,FLAC,,
"7-26-2014 / Biloxi, MS / Golden Nugget (Sony ECM-DS70P) (ryan fisher) ",AUD,FLAC,,
,,,,
[2015],,,,
"7-4-2015 / O'Fallon, MO / Heritage & Freedom Fest (SP-C4-MKII) (shane e. calhoon)",AUD,FLAC,,
,,,,
[2017],,,,
"6-27-2017 / Huber Heights, OH / Rose Music Center (CA-14) (live2cd) ",AUD,FLAC 24,,
"6-29-2017 / Buffalo, NY / Albright Knox Art Gallery (AT831s) (binko) ",AUD,FLAC 24,,
,,,,
[2018],,,,
"6-6-2018 / Columbus, OH /Express LIVE (CA-14) (live2cd)",AUD,FLAC 24,,
"6-13-2018 / Huber Heights, OH / Rose Music Center (AT853) (live2cd)",AUD,FLAC 24,,
,,,,
[2019],,,,
"10-5-2019 / Huntersville, NC / Historic Rural Hall (CA-14) (charles dewey cole)",AUD,FLAC 24,,
,,,,
[2021],,,,
"9-11-2021 / Huber Heights, OH / Rose Music Center (CA-14) (charles dewey cole)",AUD,FLAC 24,,
,,,,
[2022],,,,
"9-9-2022 / Columbia, IL / Songs For Soldiers (Neumann SKM 184s) (shane e. calhoon)",AUD,FLAC,,
,,,,
[2024],,,,
4-20-2024 / Norwegian Pearl / Stardust Theater - Summer of 99 Cruise (Church Audio Omnis CA9200) (unk) ,AUD,FLAC,,
4-27-2024 / Norwegian Jade / Stardust Theater - Summer of 99 Cruise (Edirol R09HR) (unk),AUD,FLAC,,
4-29-2024 / Norwegian Jade / Stardust Theater - Summer of 99 & Beyond (Edirol R09HR) (unk) ,AUD,FLAC,,
"8-25-2024 / Columbus, OH / Columbus Bicentennial Pavilion (CA-14) (live2cd)",AUD,FLAC 24,,
9-21-2024 / Washington DC / Nationals Park (LG V60) (hemisphire),AUD,FLAC,,
,,,,
[2025],,,,
"6-21-2025 / Powell, OH / Village Green Park (CA-14) (live2cd) ",AUD,FLAC 24,,
"7-3-2025 / Mason, OH / Mason Municipal Campus (CA-14) (live2cd)",AUD,FLAC 24,,
,,,,
,,,,
,,,,
,,,,
,,,,
Tripping Daisy,Versions,File Type,,
Drive - D,,,,
,,,,
,,,,
[2025],,,,
"7-4-2025 / Milwaukee, WI / Summerfest - Briggs & Stratton Big Backyard Stage (Shure MV88) (unk)",AUD,FLAC 24,,
,,,,
,,,,
,,,,
,,,,
,,,,
Velocity Girl,Versions,File Type,,
Drive - E,,,,
,,,,
,,,,
[1992],,,,
"3-26-1992 / Boston, MA / Axis (unk) (sluggo) ",AUD,FLAC,,
,,,,
,,,,
,,,,
,,,,
,,,,
Veruca Salt,Versions,File Type,,
Drive - D,,,,
,,,,
,,,,
[1994],,,,
"11-12-1994 / Palo Alto, CA / The Edge (Binaurals) (marcr) ",AUD,FLAC 24,,
"12-10-1994 / Universal City, CA / Universal Amphitheatre",FM,FLAC,,
,,,,
[1995],,,,
"1-16-1995 / Glasgow, Scotland / Glasgow Garage (NME Tour) - ANA(x)",AUD,FLAC,,
"1-25-1995 / Paris, France / Studio 105",FM,FLAC,,
"4-25-1995 / Denver, CO / Ogden Theatre (Binaural Mics) (marcr) ",AUD,FLAC 24,,
"5-5-1995 / Hollywood, CA / The Palace (1st gen)",AUD,FLAC,,
"9-10-1995 / Hartford, CT / Meadows Music Theater",AUD,FLAC,,
,,,,
[1997],,,,
"7-30-1997 / Philadelphia, PA / Indre Studios (qew)",FM,FLAC,,
"8-13-1997 / Stockholm, Sweden / Riddarholmen",FM,FLAC,,
"8-13-1997 / Stockholm, SWE / Water Festival - VHS(1) (travisbickle1963) ",AUD,MKV,,
"8-15-1997 / Cologne, Germany / Bizarre Festival",PRO,DVD,,
"11-10-1997 / Des Moines, IA / Super Toad - DAT(M) (CSB) (cpscps)",AUD,FLAC,,
,,,,
[2003],,,,
"7-19-2003 / Byron Bay, Australia / Splendour In The Grass",FM,FLAC,,
,,,,
[2014],,,,
"6-22-2014 / Portland, OR / Mississippi Studios",AUD,FLAC,,
"6-23-2014 / Seattle, WA - Tractor Tavern",AUD,,,
"10-2-2014 / Sydney, Australia / Factory Theatre",AUD,FLAC,,
,,,,
[2015],,,,
"7-13-2015 / Hollywood, CA / Amoeba Music",AUD,FLAC,,
"7-19-2015 / North Hollywood, CA / Federal Bar (Mimosa Music Sunday) (AT831)",AUD,FLAC,,
"7-25-2015 / Chicago, IL / Beat Kitchen",AUD,FLAC,,
,,,,
[2018],,,,
"2-17-2018 / Los Angeles, CA / The Lodge Room",AUD,FLAC,,
,,,,
[2024],,,,
4-21-2024 / Norwegian Pearl / Atrium - Summer of 99 Cruise (Louise Post) (Zoom H4N) (unk),AUD,FLAC,,