Deftones,Versions,File Type,
Drive - A,,,
,,,
,,,
[1992],,,
"12-3-1992 / San Jose?, CA / Cactus Club (unk)",AUD,FLAC,
,,,
[1994],,,
"5-1-1994 / Davis, CA / Veterans Memorial Theater",AUD,MKV,
,,,
[1995],,,
"12-9-1995 / Minneapolis, MN / Mirage Club (Sonic Studios) (unk)",AUD,FLAC,
"12-19-1995 / San Diego, CA / Soma *Deft and Dumb",Silver CD,FLAC,
"12-20-1995 / Los Angeles, CA / The Palace - VHS(x) (unk) ",AUD,DVD,
,,,
[1996],,,
"1-12-1996 / San Jose, CA / Cactus Club",PROMO,AVI,
"2-25-1996 / Oakland, CA / Oakland Coliseum (unk)",AUD,DVD,
"3-24-1996 / Cleveland, OH / Grog Shop (CS-Omni) (def-head transfer)",AUD,FLAC,
"3-26-1996 / Cleveland, OH / Grog Shop - DAT(M) (D7-Coresound Omnis) (jlizard)",AUD,FLAC,
"4-27-1996 / Seattle, WA / DV8 - ANA(1) (unk) (steven serverin)",AUD,FLAC,
"6-14-1996 / Rochester, NY / The Water Street Music Hall (def-head transfer)",SBD,FLAC,
"6-14-1996 / Rochester, NY / The Water Street Music Hall (unk)",AUD,FLAC,
"7-27-1996 / Bowmanville, Ontario / Mosport Park",AUD,FLAC,
"8-10-1996 / Southgate, MI / Record X Change - VHS(M) (yann) ",AUD,DVD,
"8-23-1996 / Bristow, VA / Nissan Pavilion - VHS(x)",AUD,DVD,
"8-23-1996 / Bristow, VA / Nissan Pavilion (unk)",AUD,FLAC,
"8-23-1996 / Bristow, VA / Nissan Pavilion - DAT(M) (inc)",SBD,FLAC,
8-23-1996 / Bristow VA / Nissan Pavilion (SBD/AUD) (exene matrix),MIX,FLAC,
"9-11-1996 / Philadelphia, PA / Electric Factory (SS-DSM-6S) (def-head transfer)",AUD,FLAC,
"9-28-1996 / Minneapolis, MI / HHH Metrodome Parking Lot - VHS(x) (unk) ",AUD,DVD,
"10-10-1996 / Philadelphia, PA / Tower Records",,MP4,
"10-18-1996 / Richmond, VA / Twisters - VHS(3) ",AUD,DVD,
"10-21-1996 / Schaumburg, IL / Tower Records (CSB) (michael devitt)",AUD,FLAC,
"10-21-1996 / Chicago, IL / Rosemont Horizon (nashwolverine)",AUD,DVD,
"11-7-1996 / West Hollywood, CA / Tower Records - ANA(M) (unk)",AUD,FLAC,
"11-14-1996 / Houston, TX / Abyss Club",AMT,DVD,
"11-23-1996 / Rochester, NY / Harro East Ballroom (ECM-727P) (unk)",AUD,FLAC,
"11-27-1996 / Providence, RI / Club Babyhead *Keeping It Real",Silver CD,FLAC,
"12-10-1996 /  St. Louis, MO / The Galaxy - VHS(M) (deftfan)",PRO,DVD,
"12-12-1996 / Lawrence, KS / The Bottleneck",AUD,FLAC,
"12-20-1996 / San Francisco, CA / Maritime Hall - VID(M) (unk)",AUD,DVD,
,,,
[1997],,,
"5-1-1997 / Sacramento, CA / The Spot - VHS(x) (unk)",AMT,DVD,
"5-3-1997 / Sacramento, CA / The Cattle Club - VHS(2) (Sony TR-940) (unk) ",AUD,DVD,
"9-23-1997 / San Francisco, CA / Bottom of the Hill",AUD,DVD,
"10-13-1997 / Melkweg, Amsterdam - Max *Around the Max",Silver CD,FLAC,
"10-14-1997 / Paris, France / Divan du Monde (OKMIIR) (unk)",AUD,FLAC,
"10-28-1997 / Denver, CO / Ogden Theater - CDR(x) (unk)",AUD,FLAC,
"10-30-1997 / Tempe, AZ - Club Rio",AUD,DVD,
"11-1-1997 / Hollywood, CA / The Palace *High Voltage Radio",SBD,FLAC,
"11-2-1997 / Sacramento, CA / Tower Records - VHS(1) (unk)",AUD,DVD,
"11-4-1997 / Landgraaf, The Netherlands / Pinkpop Festival *Dynamo 1998",Silver CD,FLAC,
"11-22-1997 / Ft. Lauderdale, FL / Prop House (VHS Audio)",AUD,FLAC,
"11-24-1997 / Washington, D.C / Capitol Ballroom",AUD,FLAC,
"11-25-1997 / New York, NY / Irving Plaza (2 cam mix) (unk)",AUD,DVD,
"11-28-1997 / Providence, RI / Lupo's Heartbreak Hotel (VHS Mix Tape Master)",AUD,DVD,
"11-29-1997 / Asbury Park, NJ / The Stone Pony",AUD,DVD,
"12-2-1997 / Cincinnati, OH / Bogart's",AUD,FLAC,
"12-3-1997 / Cleveland, OH / The Odeon",AUD,DVD,
"12-4-1997 / Cleveland, OH / The Odeon - VHS(2)",AUD,DVD,
"12-31-1997 / Oakland, CA / Henry J. Kaiser Convention Center",AUD,DVD,
,,,
[1998],,,
"1-17-1998 / Dublin, Ireland / SFX (MD)",AUD,FLAC,
"1-20-1998 / London, UK / Astoria (M) (unk)",AUD,AVI,
"1-23-1998 / Amsterdam, Holland / Paradiso (Sony ECM909A)",AUD,FLAC,
"1-24-1998 / Rotterdam, Holland / Nighttown (Sony ECM909A)",AUD,FLAC,
"2-3-1998 / Essen, Germany / Zechecarl - DVD(M) (PRO)",PRO,DVD,
"2-19-1998 / Paris, France / Elysee Montmartre  (shynomi remaster)",AUD,FLAC,
"4-7-1998 / New Orleans, LA / House of Blues (unk)",AUD,FLAC,
"4-27-1998 / Toronto, Ontario / The Warehouse",AUD,FLAC,
"4-30-1998 / Grand Rapids, MI / Orbit Room - ANA(M)",AUD,FLAC,
"5-8-1998 /  Tempe, AZ / Hayden Square Amphitheatre - VHS(M) (unk)",AUD,DVD,
"5-23-1998 / Somerset, WI / Edgefest V - Apple River Amphitheatre *Mascara",Silver CD,FLAC,
"5-30-1998 / Eidhoven, Holland / Dynamo Open Air *Dynamo",Silver CD,FLAC,
"6-1-1998 / Laandgraft, Netherlands / Pinkpop Festival - VHS(M) (sly)",PRO,DVD,
"6-20-1998 / Irvine, CA / Irvine Meadows - KROQ Weenie Roast",preFM,FLAC,
"6-20-1998 / Irvine, CA / Irvine Amphitheatre - ANA(M) (Sony Walkman WM-D3) (ijwthstd)",AUD #1,FLAC,
"6-28-1998 / Dessel, Belgium / Graspop Festival ",FM,FLAC,
"6-29-1998 / Paris, France / Le Zenit (frank bazille)",AUD,FLAC,
"8-2-1998 / Asbury Park, NJ / Stone Pony Lot - Vans Warped Tour",SBD,FLAC,
"8-6-1998 / Orlando, FL / Central Florida Fairgrounds - Warped Tour (M) (unk)",AUD,AVI,
"8-22-1998 / Koln, Germany / Bizarre Festival + 1997-10-13 Amsterdam, Holland - Melkweg",PRO,DVD,
"8-30-1998 / Biddinghuizen, The Netherlands / Lowlands Festival",SBD #1,FLAC,
"9-2-1998 / Tokyo, Japan / On Air East - VHS(M) (TV)",TV,DVD,
"10-30-1998 / Boston, MA / The Roxy - WAAF Real Rock TV (PRO)",PRO,MPG,
"11-4-1998 / Los Angeles, CA / Hollywood Palladium - VHS(1) (Sony TR-940) (unk)",AUD,DVD,
"11-20-1998 / Asbury Park, NJ / Convention Hall (M) (unk)",AUD,AVI,
"11-21-1998 / Philadelphia, PA / The Electric Factory",AUD,FLAC,
"11-24-1998 / Montreal, QC / Metropolis (unk)",AUD,DVD,
,,,
[1999],,,
"2-6-1999 / Uniondale, NY / Nassau Veterans Memorial Coliseum *Uniondale, NY 2/6/99",AUD,FLAC,
"5-27-1999 / West Palm Beach, FL / Mars Music Amphitheatre - DAT(M) (Sony D8) (unk)",AUD,FLAC,
"6-2-1999 / Charlotte, NC / Blockbuster Pavilion",AUD,FLAC,
"6-12-1999 / Burgettstown, PA / Star Lake Ampitheatre - Ozzfest (CSC) (unk)",AUD,FLAC,
"6-14-1999 / Columbus, OH / Polaris Amphitheatre (Ozzfest) (Sony D7) (unk)",AUD,FLAC,
"7-5-1999 / Tinley Park, IL / New World Music - Ozzfest (unk)",AUD,FLAC,
"7-20-1999 / Mountain View, CA / Shoreline Amphitheatre - Ozzfest (unk)",AUD,FLAC,
"7-24-1999 / Devore, CA / Blockbuster Pavilion - ANA(M) (unk)",AUD,FLAC,
,,,
[2000],,,
"5-24-2000 / Petaluma, CA / Phoenix Theatre (M) (inc)",AUD,AVI,
"5-28-2000 / Landover, MD / HFStival FedExField",PRO,DVD,
"5-28-2000 / Landover, MD / HFStival - Fedex Field (Left Cam)",AUD,DVD,
"6-6-2000 / London, England / Brixton Academy",SBD,FLAC,
"6-8-2000 / Milan, Italy / The Alcatraz",,DVD,
"6-9-2000 / Nuremberg, Germany  Rock Im Park",PRO,DVD,
"6-15-2000 / Hultsfred, Sweden / Hultsfred Festival (z direkt)",PRO,MKV,
"6-17-2000 / Seina?joki, Finland / Provinssirock Festival",SBD,FLAC,
"6-23-2000 / Holmdel, NJ / PNC Banks Arts Center (markit aneight)",PRO,MP4,
"6-29-2000 / Milwaukee, WI / Circuit City Rock Stage - Summerfest 2000 (unk)",FM,FLAC,
"6-29-2000 / Milwaukee, WI / Circuit City Rock Stage - Summerfest 2000 - VHS(1) (Left Cam v.1)",AUD,DVD,
"6-29-2000 / Milwaukee, WI / Circuit City Rock Stage - Summerfest 2000 - VHS(1) (Left Cam with FM) ",AUD,DVD,
"6-29-2000 / Milwaukee, WI / Circuit City Rock Stage - Summerfest 2000 (Left Cam v.2)",AUD,DVD,
"6-29-2000 / Milwaukee, WI / Circuit City Rock Stage - Summerfest 2000 (Right Cam)",AUD,DVD,
"7-1-2000 / Chicago, IL / Riviera Theatre (Binaurals) (unk) ",AUD,FLAC,
"7-7-2000 / Columbus, OH / Newport Music Hall (SS-DSM6-L) (mxchino) ",AUD,FLAC,
"7-7-2000 / Columbus, OH / Newport Music Hall (PRO)",PRO,DVD,
"7-14-2000 / Rochester, NY / ESL Sports Center (AT853) (unk)",AUD,FLAC,
"7-15-2000 / Buffalo, NY / Runwayz (AT853) (toaster)",AUD,FLAC,
"7-23-2000 / Miami, FL / Bicentennial Park - Zetafest",AUD,DVD,
"8-4-2000 / Vancouver, BC / BC Place Stadium - Summersault Festival - MD(M) (DSM-6S-L) (unk)",AUD,FLAC,
"8-10-2000 / Hollywood, CA / Palladium - DAT(M) (DPA 4061s) (ed davis)",AUD,FLAC,
"8-19-2000 / Weeze, Germany / Bizarre Festival",TV,FLAC,
"8-23-2000 / Vieira do Minho, Portugal / Barragem da Ilha do Ermal - ANA(M) (z)",FM,FLAC,
"8-23-2000 / Vieira do Minho, Portugal / Barragem da Ilha do Ermal - VHS(3)",AUD,DVD,
"8-27-2000 / Leeds, England / Temple Newsam Park - Leeds Festival (inc)",SBD,FLAC,
"8-31-2000 / Wiesen, Austria / Visen - 2 Days Festival (unk)",SBD,FLAC,
"9-2-2000 / Konstanz, Germany / Rock am See Festival *White Pony Am See",Silver CD,FLAC,
"10-8-2000 / Lake Elsinore, CA / Lake Elsinore Motorsports Park - MTV Sports Center - VHS(1) (deftfan)",AUD,DVD,
"11-10-2000 / Detroit, MI / WRIF Studios - WRIF Session ",FM,FLAC,
"11-14-2000 / Montreal, QC / Verdoun (Digital 8) (unk)",AUD,DVD,
"11-18-2000 / Asbury Park, NJ / Convention Hall - VHS(1)  (Sony TR-7000) (unk)",AUD,DVD,
"11-20-2000 / Detroit, MI / WRIF RIFF Session",FM,FLAC,
"11-24-2000 / Upper Darby, PA / Tower Theater (unk)",AUD,FLAC,
"12-12-2000 / Denver, CO / The Fillmore (CSB) (sxpxdxcx)",AUD,FLAC,
"12-16-2000 / Universal City, CA / Universal Amphitheatre - KROQ Christmas (unk)",FM,FLAC,
"12-17-2000 / Universal City, CA / Universal Amphitheatre - KROQ Christmas (unk) ",FM,FLAC,
,,,
[2001],,,
"1-21-2001 / Rio de Janeiro, Brazil / Rock In Rio",Silver CD,FLAC,
"1-21-2001 / Rio de Janeiro, Brazil / Cidade do Rock - Rock In Rio",PRO #1,DVD,
"1-24-2001 / Buenos Aires, Argentina / Velez Sarsfield Stadium																								",SBD,FLAC,
"1-26-2001 / Santiago, Chile / Estadio Chile (unk)",AUD,DVD,
"2-1-2001 / Waikoloa Village, HI / Unknown Venue",SBD,MP3,
"2-26-2001 / Lisbon, Portugal / Esta?dio Jose? Alvalade - Super Rock",AUD,MP3,
"2-27-2001 / Porto, Portugal / Super Bock Super Rock Festival",AUD,DVD,
"3-12-2001 / Offenbach, Germany / Stadthalle (unk)",AUD,FLAC,
"3-24-2001 / London, England / Docklands Arena (SBD+AUD)",MIX,FLAC,
"6-28-2001 / Roskilde, Denmark / Roskilde Festival (unk)",AUD,FLAC,
"6-28-2001 / Roskilde, Denmark / Roskilde Festival (Vers 2)",FM,FLAC,
"6-30-2001 / Bergum, Netherlands / Waldrock Festival",FM,FLAC,
"8-4-2001 / Latrobe, PA / Westmoreland Fairgrounds - Rolling Rock Festival (unk)",AUD,FLAC,
"8-23-2001 / Hartford, CT / The Meadows - DAT(M) ",SBD,FLAC,
,,,
[2003],,,
"1-17-2003 / Auckland, NZ / Ericcson Stadium (unk) (shynomi transfer)",AUD,FLAC,
"5-11-2003 / Chicago, IL / Metro - WAV(M) (unk)",AUD,WAV,
"5-17-2003 / Las Vegas, NV / Sam Boyd Stadium - KTXE 107.5 (ECM-12) (unk)",AUD,FLAC,
"5-19-2003 / West Hollywood, CA / Roxy Theatre (DAB) (cavis)",AUD,FLAC,
"5-29-2003 / Lisbon, Portugal / Super Bock Super Rock",AUD,DVD,
"5-30-2003 / Madrid, Spain / Festimad - El Soto Park (unk)",FM,FLAC,
"5-31-2003 / Donington, UK / Castle Donington Race Track",SBD,FLAC,
"6-4-2003 / Manchester, England / Carling Apollo (CSB) (unk)",AUD,FLAC,
"6-7-2003 / Landgraaf, Holland / Pinkpop Festival",FM,FLAC,
"6-7-2003 / Landgraaf, Netherlands / Pinkpop Festival (toolmanwill) ",SBD,FLAC,
"6-14-2003 / Irvine, CA / Verizon Wireless Ampitheatre - KROQ Weenie Roast (WW1) ",SBD,FLAC,
"7-1-2003 / Lincoln, NE / Pershing Auditorium - Summer Sanitarium (unk)",AUD,FLAC,
"8-10-2003 / San Francisco, CA / Candlestick Park - Summer Sanitarium (AT831s) (thadrtymexican)",AUD,FLAC,
"9-16-2003 / Nottingham, UK / Rock City (Sony ECM-717) (rob)",AUD,FLAC,
"9-27-2003 / Paris, France / POPB - DAT(1) (Sennheiser mic) (unk)",AUD,FLAC,
"9-27-2003 / Paris, France / Palais Omnisport Bercy (Sony ECM 717) (unk) ",AUD,FLAC,
"10-26-2003 / San Jose, CA / San Jose State Events Center (Sony MDS-JE520) (stealth master schwilly)",AUD,FLAC,
"10-27-2003 / Los Angeles, CA / Wiltern LG Theatre (unk)",AUD,FLAC,
"10-28-2003 / Los Angeles, CA / Wiltern Theatre (DAB) (cavis)",AUD,FLAC,
"10-30-2003 / Las Vegas, NV / Cox Pavilion (ECM-12) (luke freteluco)",AUD,FLAC,
"10-31-2003 / San Diego, CA / Soma (unk)",AUD,FLAC,
"11-3-2003 / Las Cruces, NM / Pan American Center - NMSU (CSC) (nihilistic0)",AUD,FLAC,
"11-6-2003 / Austin, TX / Austin Music Hall (CMC-4) (roio420)",AUD,FLAC,
"11-11-2003 / Pompano Beach, FL / Beach Amphitheatre (CSB) (unk)",AUD,FLAC,
"11-19-2003 / Philadelphia, PA / Electric Factory (unk) (sipes remaster) ",AUD,WAV,
"11-20-2003 / New York, NY / Hammerstein Ballroom (DAB) (richard simms)",AUD,FLAC,
"11-24-2003 / Burlington, VT / Memorial Auditorium (Radio Shack 33-3013) (unk)",AUD,FLAC,
"11-25-2003 / Montreal, QC / Auditorium de Verdun",AUD,DVD,
"11-27-2003 / Mississauga, Ontario / Arrow Hall (Sony NetMD) (unk)",AUD,FLAC,
"11-29-2003 / Detroit, MI / State Theatre (ECM-MS907) (unk)",AUD,FLAC,
"11-30-2003 / Chicago, IL / Aragon Ballroom (unk)",AUD,FLAC,
"12-2-2003 / St. Paul, MN / Roy Wilkins Auditorium (3 Cam Mix)",AUD,DVD,
,,,
[2004],,,
"9-27-2004 / San Francisco, CA / The Grand (CSB) (unk)",AUD,FLAC,
"9-29-2004 / West Hollywood, CA /House of Blues (SP-CMC-2) (cavis)",AUD,FLAC,
"9-30-2004 / Anaheim, CA / House of Blues (SP-CMC-2) (cavis)",AUD,FLAC,
"10-15-2004 / Atlanta, GA / Earthlink Live (SPT16) (toriphilemaria)",AUD,FLAC,
"10-29-2004 / Sayreville, NJ / Starland Ballroom (Audix 1244) (rider) ",AUD,FLAC,
,,,
[2006],,,
"2-16-2006 / San Diego, CA / iPayone Center",AUD,MP3,
"2-16-2006 / San Diego, CA / iPayOne Center",AUD,DVD,
"2-25-2006 / Orlando, FL / Tinker Field (Sony ECM-717) (kevdogg)",AUD,FLAC,
"3-2-2006 / Washington, D.C. / 9:30 Club",AUD,FLAC,
"3-3-2006 / East Rutherford, NJ / Continental Airlines Arena ",AUD,MP3,
"3-19-2006 / St. Paul, MN / Roy Wilkens Theatre",AUD,DVD,
"3-22-2006 / Lincoln, NE / Pershing Center",AUD,DVD,
"3-29-2006 / Sacramento, CA / Arco Arena (DPA 4061) (hungover)",AUD,FLAC,
"4-5-2006 / Edmonton, Alberta / Rexall Place - MiniDV(x) (unk)",AUD,DVD,
"4-12-2006 / London, ON / John Labatt Centre",AUD,DVD,
"4-15-2006 / Montreal, QC / Stade Uniprix (Radio Shack 33-3013s) (imperium)",AUD,FLAC,
"5-26-2006 / Lisbon, Portugal / Super Bock Super Rock (M) V1",AUD,DVD,
"5-26-2006 / Lisbon, Portugal / Super Bock Super Rock V2",AUD,DVD,
"5-30-2006 / Paris, FR / Le Ze?nith (Left Cam)",AUD,DVD,
"6-2-2006 / Nu?rburg, Germany / Nu?rburgring",SBD,MP3,
"6-2-2006 / Eifel, Germany / Rock Am Ring (WDR TV Broadcast) ",TV,DVD,
"6-5-2006 / Landgraaf, Netherlands / Pinkpop Festival ",SBD,FLAC,
6-5-2006 / Pinkpop NL / Megaland (1080p) ,WEB,MKV,
"6-13-2006 / Luxembourg, Luxembourg / L'Atelier (unk)",AUD,FLAC,
"6-28-2006 / Vienna, Austria / Nova Rock - DV(M) (Panasonic NV-GS 11 EG) (unk) ",AUD,FLAC,
"6-29-2006 / Werchter, Belgium / Rockwerchter Festival (Pro-Shot)",PRO,DVD,
"7-7-2006 / Dublin, Ireland / The Ambassador Theatre (CSB) (jadg2) ",AUD,FLAC,
"7-8-2006 / Dublin, Ireland / The Ambassador Theatre (CSB) (jadg2) ",AUD,FLAC,
"8-20-2006 / Wheatland, CA / Sleep Train Amphitheatre (MDSR60) (spike)",AUD,FLAC,
"8-29-2006 / Darien, NY / Darien Lakes - Family Values Tour - DAT(M) (AT853s) (unk) ",AUD,FLAC,
"9-5-2006 / Saratoga Springs, FL / Saratoga Performing Arts Center (RS 33-3013) (unk) ",AUD,FLAC,
"10-12-2006 / London, England / Electric Ballroom",AUD,DVD,
"11-8-2006 / San Francisco, CA / The Fillmore (unk)",AUD,FLAC,
"11-11-2006 / Las Vegas, NV / Thomas and Mack Center ",AUD,DVD,
"11-25-2006 / Atlanta, GA / The Tabernacle (CSB) (derek)",AUD,FLAC,
"12-1-2006 / Boston, MA / Avalon (CSB) (unk)",AUD,FLAC,
"12-1-2006 / Boston, MA / Avalon (CSB) (bennyblanco)",AUD,FLAC,
"12-4-2006 / Washington, DC / 9.30 Club (Shure Beta 98) (unk) ",AUD,FLAC,
"12-19-2006 / Minneapolis, MN / First Avenue - miniDV(M) (JVC Everio G) (unk)",AUD,DVD,
,,,
[2007],,,
"2-12-2007 / Buenos Aires, Argentina / La Luna Park",SBD,FLAC,
"2-13-2007 / Santiago, Chile / Centro Cultural Estacio?n Mapocho",AUD,DVD,
"3-22-2007 / Paris, France / L'Olympia (Marantz EM8) (yld)",AUD,FLAC,
"3-30-2007 / Dijion, France / Ze?nith de Dijion",AUD,DVD,
"4-10-2007 / Schaarbeek, Belgium / Hallen Van Schaarbeek",AUD,DVD,
"4-14-2007 / London, England / Carling Brixton Academy (Sony W70) (jomiky) ",AUD,DVD,
"4-16-2007 / Bristol, England / Carling Academy (Sony ECM-719) (unk)",AUD,FLAC,
"5-30-2007 / Cleveland, OH / House of Blues (Giant Squid Omnis) (def-head)",AUD,FLAC,
"6-4-2007 / Washington, DC / 9.30 Club (AKG mics) (cps) ",AUD,FLAC,
"6-12-2007 / Detroit, MI / State Theatre (CA-STC9000) (paramnesiac)",AUD,FLAC,
"6-17-2007 / Maplewood, MN / Myth Nightclub (3-cam Mix) ",AUD,FLAC,
"7-22-2007 / Hampton Beach, NH / Casino Ballroom (CSB)",AUD,FLAC,
,,,
[2008],,,
"9-18-2008 / Los Angeles, CA / Spaceland (Edirol R-09) (darshun) ",AUD,FLAC,
,,,
[2009],,,
"8-21-2009 / Ludinghausen, Germany / Flugplatz Borkenberge - Area4 Festival (WDR ProShot)",PRO,DVD,
"8-29-2009 / Charleville-Me?zie?res, France / Le Cabaret Vert-Square Bayard (Edirol R09-HR) (coli)",AUD,FLAC,
,,,
[2010],,,
"4-27-2010 / El Paso, TX / Club 101 (Zoom H2) (unk)",AUD,FLAC 24,
"5-8-2010 / Lisbon, Portugal / Teatro Tivoli - Live Myspace Optimus Secret Show",PRO,DVD,
"5-12-2010 / Longon, England / ULU (MTV UK Special) - Live In Session 2010",PRO,MKV,
"5-14-2010 / London, England / BBC Radio 1 - Maide Vale (Webcast) ",WEB,FLAC,
"5-21-2010 / Grand Rapids, MI / The Orbit Room (Sony ECM-717) (ryan j.)",AUD,FLAC,
"5-25-2010 / Madison, WI / Majestic Theatre (CSB) (matt rogers)",AUD,FLAC,
"5-26-2010 / Milwaukee, WI / Rave Ballroom",AUD,MP3,
,,,
[2011],,,
"4-2-2011 / Santiago, Chile / Parque O'Higgins - Lollapalooza (unk)",AUD,FLAC,
"4-30-2011 / Chicago, IL / Riviera Theatre (CSC) (thatvulture, auger3d)",AUD,FLAC,
"5-4-2011 / Montre?al, Canada / The Metropolis (inc) (Zoom H2) (bootlegottawa)",AUD,FLAC,
"5-10-2011 / Philadelphia,, PA / Electric Factory (Sennheiser MMHLSC) (cabbage)",AUD,FLAC 24,
"5-16-2011 / Baltimore, MD / Sonar (Sennheiser MMHLSC) (cabbage)",AUD,FLAC 24,
"5-17-2011 / Baltimore, MD / Sonar (Sennheiser MMHLSC) (cabbage) ",AUD,FLAC 24,
"6-5-2011 / Corpus Christ, TX / Concrete Street Amphitheater (Audix CPS) (unk)",AUD,FLAC,
"6-10-2011 / Los Angeles, CA / Hollywood Palladium - Diamond Eyed (Olympus PCM) (unk) ",AUD,FLAC,
"9-3-2011 / Moscow, Russia / Arena Moscow Club (SP-CMC-8) (felix) ",AUD,FLAC,
,,,
[2012],,,
"8-4-2012 / Holmdel, NJ / PNC Bank Center (ATu8532s) (dassarri)",AUD,FLAC,
"8-15-2012 / Rosemont, IL / Allstate Arena (CA-14) (discopij)",AUD,FLAC,
"9-22-2012 / Irvine, CA / Verizon Wireless Amphitheater (CSB) (unk) ",AUD,FLAC,
"9-23-2012 / Sacramento, CA / Discovery Park (CSB) (unk)",AUD,FLAC,
"10-10-2012 / San Francisco, CA / The Warfield (CSB) (unk) ",AUD,FLAC,
"10-12-2012 / Portland, OR / Roseland Theatre (CSB) (unk) ",AUD,FLAC,
"10-13-2012 / Seattle, WA / Showbox SODO (CSB) (unk)",AUD,FLAC,
"10-14-2012 / Vancouver, Canada / Commodore Ballroom (CSB) (unk)",AUD,FLAC,
"10-26-2012 / Baltimore, MD / Ram's Head Live (CA-14s) (kabbage)",AUD,FLAC 24,
"10-28-2012 / Philadelphia, PA / Electric Factory (CA-14s) (cabbage) ",AUD,FLAC 24,
"11-2-2012 / Mexico City, MX / Arena Ciudad de Mexico (Sony MZ-RH910) (defthe1s) ",AUD,FLAC,
"11-21-2012 / Hollywood, CA / Hollywood Palladium (Olympus LS-11) (unk) ",AUD,FLAC,
,,,
[2013],,,
"2-21-2013 / London, UK / Maide Vale Studio - BBC Radio 1 ",WEB,FLAC,
"3-12-2013 / Stoudsburg, PA / Sherman Theatre (CA-14s) (spfreak77)",AUD,FLAC,
"5-1-2013 /  Chiba, Japan / Makuhari Messe - Ozzfest (M) (unk) (antihero)",AUD,FLAC,
"8-30-2013 / Wiesen, Austria / 2 Days A Week Festival (SP-CMC-4U) (fothermucker) ",AUD,FLAC,
"10-12-2013 / Bloomington, IL / US Cellular Colisseum (DPA 4061s) (unk)",AUD,FLAC,
,,,
[2015],,,
"5-9-2015 / Las Vegas, NV / Rock in Rio USA",Webcast,TS,
"7-22-2015 / Clarkston, MI / DTE Energy Music Theatre AT831a) (ryanj)",AUD,FLAC,
"7-25-2015 / Cincinatti, OH / Riverbend Music Center (Zoom H1) (hollowmoons)",AUD,FLAC,
"8-1-2015 / Gilford, NH / Bank of NH Pavilion at Meadowbrook (PCM-M10) (ericcagle)",AUD,FLAC 24,
"8-9-2015 / Charlotte, NC / PNC Music Pavilion (unk) (univonc)",AUD,FLAC,
"8-26-2015 / Mountain View, CA / Shoreline Amphitheatre (CA-11) (sea_of_cheese)",AUD,FLAC,
"9-27-2015 / Santiago, Chile / Hangares Suricato - Gets Louder Festival",FM,FLAC,
,,,
[2016],,,
"5-24-2016 / Sioux Falls, SD / The District (CA-14) (ozone21clutch)",AUD,FLAC,
"6-3-2016 / London, England / Wembley Arena (DPA 4061s) (rob) ",AUD,FLAC 24,
"8-23-2016 / Fresno, CA / Woodward Park Amphitheater (Olympus LS-11) (unk)",AUD,FLAC,
"8-26-2016 / Berkeley, CA / Greek Theater (Olympus LS-11) (unk) ",AUD,FLAC,
"9-19-2016 / Indianapolis, IN / The Old National Center (Zoom H1) (hollowmoons)",AUD,FLAC,
"9-23-2016 / Corpus Christi, TX / Concrete Street Amphitheater (unk)",AUD,MP3,
,,,
[2017],,,
"4-21-2017 / Milan, Italy /Fabrique (Zoom Q2HD) (unk)",AUD,FLAC,
"5-10-2017 / Dublin, Ireland / Vicar Street (M) (Edirol R-09HR) (unk) ",AUD,FLAC,
"7-3-2017 / Auburn, WA / White River Amphitheatre (Edirol R-09)",AUD,FLAC 24,
"7-6-2017 / Concord, CA / Concord Pavilion (DPA 4061s) (unk)",AUD,FLAC,*Includes Rise Against's set
,,,
[2018],,,
"6-20-2018 / London, England / Royal Festival Hall - Meltdown Festival (DPA 4061s) (rob)",AUD,FLAC 24,
"10-6-2018 / Austin, TX / Austin City Limits",Webrip,MKV,
,,,
[2019],,,
"8-31-2019 / Pasadena, CA / The Oaks Stage - Daydream Festival (SP-CMC-8) (unk)",AUD,FLAC 24,
"8-31-2019 / Pasadena, CA / Brookside Park - Daydream Festival (Roland R-05) (unk) ",AUD,FLAC 24,
,,,
[2022],,,
"4-18-2022 / San Francisco, CA / Bill Graham Civic Auditorium (Schoeps MK4s) (tj) ",AUD,FLAC,
"4-25-2022 / Denver, CO / Ball Arena (Olympus LS-P4) (exene) ",AUD,FLAC,
"5-18-2022 / Philadelphia, PA / Metropolitan Opera House (unk) (markit)",AUD,FLAC,
"12-2-2022 / Melbourne, Australia / Good Things Festival - Flemington Racecourse (Sony ECM-DS70P) (unk)",AUD,FLAC 24,*Single file
,,,
[2023],,,
"5-13-2023 / Las Vegas, NV / Sick New World Festival (Schoeps MK4s) (tj)",AUD,FLAC,
,,,
[2024],,,
"3-8-2024 / Chicago, IL / Lollapalooza Festival (unk)",SBD,MP3,
"4-12-2024 / Indio, CA / Coachella, Empire Polo Club (YouTube Livestream) (mrtast) ",WEB,MP4,
"4-19-2024 / Indio, CA / Coachella 2024 - Empire Polo Club (YouTube Livestream) (1080)",WEB,TS,
"8-16-2024 / San Francisco, CA / Golden Gate Park (Schoeps MK4) (loughney)",AUD,FLAC 24,
"8-17-2024 / San Francisco, CA - Golden Gate Park (Schoeps MK4) (tj)",AUD,FLAC 24,
"11-2-2024 / San Diego, CA / Petco Park (Schoeps MK4s + Feeds) (ryanj) ",MIX,FLAC,
,,,
[2025],,,
"3-1-2025 / Sacramento, CA / Golden 1 Center (Multiple Wireless Receivers) (hoserama)",MIX,FLAC,
"3-15-2025 / Dallas, TX / American Airlines Center (Schoeps MK41) (jesse mc)",AUD,FLAC 24,
3-24-2025 / Charlotte NC / Spectrum Center (Shure MV88) (ottomustaine) ,AUD,FLAC 24,
"3-26-2025 / Nashville, TN / Bridgestone Arena (Schoeps MK21) (jesse mc)",AUD,FLAC 24,
"3-28-2025 / Indianapolis, IN / Gainbridge Fieldhouse (Tascam DR-05) (unk)",AUD,FLAC 24,
"3-31-2025 / Chicago, IL / United Center (Schoeps MK4s) (tapeworm48)",AUD,FLAC 24,
"4-1-2025 / Detroit, MI / Little Ceasars Arena (Sennheiser Ambeo) (unk) ",AUD,FLAC 24,
"6-21-2025 / Eichenring, Scheebel, Germany / Hurricane Festival (magentamusik Livestream) (1080)",WEB,TS,
"6-29-2025 / London, England / Crystal Palace (Pansonic HC-VX3) (unk) (1080p)",WEB,MP4,
"9-19-2025 / Atlanta, GA / Shaky Knees (Schoeps MK4) (jesse mc)",AUD,FLAC 24,
"11-16-2025 / CDMX, Mexico /- Corona Capital (YouTube Livestream)",WEB,MP4,
,,,
[2026],,,
"2-9-2026 / Stuttgart, Germany / Hanns-Martin-Schleyer-Halle (Schoeps MK4-CMC1L) (unk)",AUD,FLAC,
"3-13-2026 / Santiago, Chile / Parque O'Higgins - Lollapalooza (Livestream)",WEB,MP4,
"3-13-2026 / Santiago, Chile / Parque O'Higgins - Lollapalooza (zatanax)",FM,FLAC,
"3-15-2026 / San Isidro, Argentina / Hipodromo de San Isidro - Lollapalooza (1080) ",WEB,MP4,
,,,
,,,
[MISC],,,
Deftones - Deftones (1992),Cassette,FLAC,
Absolutely Live - High Voltage (California 1997 & Leeds 2000),Silver CD,FLAC,
Deftones - Engine Number Nine - 7 Words (Demo Tape) (1993) ,,FLAC,
Deftones - (Like) Linus (1993),,FLAC,
Deftones - Root - Nosebleed (Advance Cassette) (1994),,FLAC,
Deftones - Live At Dynamo Open Air (1998-2019) {0555020961} (2019),,FLAC,
,,,
,,,
[OFFICIAL RELEASES],,,
Deftones - Adrenaline {9 46054-2} (1995),Official Release,FLAC,
Deftones - Around The Fur {9362-46810-2} (1997),Official Release,FLAC,
Deftones - Live {9362-46890-2} (1998),Official Release,FLAC,
Deftones - White Pony {WPCR-10689} (2000) (Japan),Official Release,FLAC,
Deftones - White Pony {Maverick 947705-2 RED LTD Bonus US} (2000),Official Release,FLAC,
Deftones - Back To School (Mini Maggit) {9362-48082-2} (2001),Official Release,FLAC,
Deftones - Deftones {US 48350-2} (2003),Official Release,FLAC,
Deftones - Saturday Night Wrist {US 43239-2} (2006),Official Release,FLAC,
Deftones - Diamond Eyes {511922-1} (2010),Official Release,FLAC,
Deftones - Koi No Yokan {093624947707} (2012),Official Release,FLAC,
Deftones - Gore {550092-2} (2016),Official Release,FLAC,
Deftones - Ohms {093624892137} (2020),Official Release,FLAC,
Deftones - White Pony 20th Anniversary Deluxe Edition {093624893080} (2020),Official Release,FLAC,
Deftones - private music {093624832249} (2025),Official Release,FLAC,
,,,
,,,
[SINGLES],,,
Deftones - 7 Words {PRO-CD-8450-R} (1994),Official Release,FLAC,
Deftones - My Own Summer (Shove It) CD1 {WO432CDX} (1997),Official Release,FLAC,
Deftones - Be Quiet and Drive {WO445CDX} (CD1) (1997),Official Release,FLAC,
Deftones - Be Quiet and Drive {WO445CDX} (CD2) (1997),Official Release,FLAC,
Deftones - Change (In the House of Flies) {44921 2} (2000) ,Official Release,FLAC,