Guster,Versions,File Type
Drive - C,,
,,
,,
[1992],,
XX-XX-1992 / Live at Various,AUD,FLAC
"10-8-1992 / Medford, MA / Hotung Cafe - Tufts University (greg labranche)",AUD,SHN
"11-18-1992 / Medford, MA / Hotung Cafe - Tufts University (greg labranche)",AUD,SHN
,,
[1993],,
"1-25-1993 / Cambridge, MA / Black Rose - ANA(x) (unk)",SBD,FLAC
,,
[1994],,
"8-4-1994 / Somerville, MA / Johnny D's (unk)",AUD,FLAC
,,
[1995],,
"5-20-1995 / Andover, NH / Phillips Academy Andover - ANA(x) (unk) ",SBD,FLAC
"7-21-1995 / New York, NY / The Wetlands",SBD,FLAC
"7-21-1995 / New York, NY / The Wetlands (dave nolan)",SBD,FLAC
"8-16-1995 / New York, NY / The Wetlands",SBD,FLAC
"10-9-1995 / Lynn, MA / WFNX-FM Station - ANA(x) (unk)",FM,FLAC
"11-15-1995 / Iowa City, IA / Gunnerz - ANA(x) (unk) ",SBD,FLAC
"11-24-1995 / New York, NY / Wetlands Preserve (brian hracyk transfer)",SBD,FLAC
"12-8-1995 / Port Chester, NY / 7 Willow Street - ANA(x) (unk) ",SBD,FLAC
,,
[1996],,
"1-26-1996 / Durham, NH / The MUB - University of New Hampshire (dave zbikowski master)",SBD,FLAC
"1-27-1996 / Manchester, NH / Palace Theater (peter smith)",SBD,FLAC
"1-27-1996 / Manchester, NH / Palace Theater - ANA(1) (Sony ECM 959A) (peter smith)",AUD,FLAC
"2-2-1996 / Iowa City, IA / Gunnerz",SBD,FLAC
"2-8-1996 / Washington, D.C. / The Bayou (unk)",AUD,FLAC
"2-21-1996 / Iowa City, IA / Gunnerz (Sony 60ES)",SBD,FLAC
"3-26-1996 / Boston, MA / Emerson College - WERS Radio",FM,FLAC
"5-17-1996 / Martinsville, NJ / The Pingry School (unk)",AUD,FLAC
"5-20-1996 / Scranton, PA / Tink's (unk)",AUD,FLAC
"7-19-1996 / Manhattan, NY / Lion's Den (CSB) (jeffry houser)",AUD,FLAC
"10-5-1996 / Boston, MA / Paradise Rock Club (neil brodsky)",SBD,FLAC
"10-23-1996 / Cambridge, MA / The Middle East (bill lakenan)",SBD,FLAC
,,
[1997],,
"1-21-1997 / Villanova, PA / Villanova University (Octava MC012) (bill lakenan)",AUD,FLAC
"2-14-1997 / Boulder, CO / Fox Theatre (Gefell SMS 200s) (dave mallick)",AUD,FLAC 24
"2-15-1997 / Denver, CO / Herman's Hideaway (unk)",AUD,FLAC
"2-22-1997 / Nashville, TN / 328 Performance Hall - AWARE Records Showcase ",SBD,FLAC
"2-28-1997 / Boston, MA / Avalon Ballroom (Goldfly Release Party) (neil brodsky)",SBD,FLAC
"3-6-1997 / Charlottsville, VA / Trax (unk) (jeffry houser)",AUD,FLAC
"3-8-1997 / New York, NY / Wetlands Preserve (CSB) (jeffry houser)",AUD,FLAC
"3-28-1997 / Winston-Salem, NC / Ziggy's (will foy)",SBD,SHN
"3-29-1997 / Charlotte, NC / Tremont Music Hall",SBD,FLAC
"4-8-1997 / New Haven, CT / Toad's Place (jeffry houser)",SBD,FLAC
"5-2-1997 / Middletown, CT / Wesleyan University - Wesleyan Arena (Hockey Rink) (CSB) (jeffry houser)",AUD,FLAC
"5-6-1997 / Northampton, MA / Iron Horse Music Hall",SBD,FLAC
"7-12-1997 / Washinton, D.C. / The Bayou (bill lakenan)",SBD,FLAC
"7-23-1997 / New Haven, CT / Toad's Place (Brian Rosenworcel's 24th birthday) (CSB) (jeffry houser)",AUD,FLAC
"8-24-1997 / Cambridge, MA / Lizard Lounge (Gefell SMS2000)  (bill lakenan)",AUD,SHN
"9-4-1997 / Danbury, CT / Tuxedo Junction (CSB) (jeffry houser)",AUD,FLAC
"9-5-1997 / Providence, RI / Providence College - ANA(x) (unk) ",SBD,FLAC 24
"9-13-1997 / Providence, RI / Met Cafe (CSB) (jeffry houser)",AUD,FLAC
"9-20-1997 / Chestertown, MD / Washington College ",SBD,FLAC
"10-4-1997 / Princeton, NJ / Princeton University (bill lakenan & louie rendek)",SBD,SHN
"10-5-1997 / Morristown, NJ / Community Theatre - ANA(x)",SBD,FLAC 24
"10-9-1997 / Ann Arbor, MI / Blind Pig (unk)",AUD,FLAC
"10-10-1997 / Chicago, IL / House of Blues (unk)",AUD,FLAC
"10-22-1997 / Charlotte, NC / Amos' (unk)",AUD,FLAC
"10-23-1997 / Carrboro, NC / Cat's Cradle (will foy)",SBD,SHN
"10-25-1997 / Washington, D.C. / The Bayou (Gefell SMS2000) (bill lakenan)",AUD,FLAC
"10-30-1997 / Newark, NJ / New Jersey Performing Arts Center (Gefell SMS2000) (michael corcoran) ",AUD,FLAC
"10-31-1997 / Boston, MA / Avalon (neil brodsky)",SBD,SHN
"11-13-1997 / Portland, ME / Stone Coast (dave mallick)",SBD,FLAC
"11-28-1997 / New York, NY / Irving Plaza (Gefell M-300) (jason reiser)",AUD,FLAC
"12-8-1997 / Worcester, MA / College of the Holy Cross (scott kompa & ron diaz)",SBD,FLAC
,,
[1998],,
"1-23-1998 / Worcester, MA / Worcester Polytechnic Institute (SBD + AT825) (unk)",MIX,SHN
"2-20-1998 / Amherst, MA / University of Massachusetts",SBD,FLAC
"2-21-1998 / Providence, RI / Met Cafe (dave mallick)",SBD,SHN
"2-27-1998 / Hartford, CT / Webster Theatre (CSB) (jeffry houser)",AUD,FLAC
"3-11-1998 / Manayunk, PA / Grape St. (unk)",AUD,FLAC
"3-14-1998 / Chicago, IL / The Metro (allan chen conversion)",SBD,SHN
"3-17-1998 / Boulder, CO / Fox Theatre",SBD,FLAC
"3-18-1998 / Cleveland, OH / The Odeon - ANA(x) ",SBD,FLAC 24
"3-20-1998 / Ft. Collins, CO / Aggie Theatre (unk)",AUD,FLAC
"4-3-1998 / Ft. Worth, TX / Texas Christian University - ANA(M)",SBD,SHN
"4-4-1998 / Dallas, TX / Trees",SBD,FLAC 24
"4-9-1998 / Evanston, IL / Northwestern University - Patten Gymnasium",SBD,FLAC 24
"4-16-1998 / East Lansing, MI / Small Planet - ANA(x)",SBD,FLAC 24
"4-17-1998 / Ann Arbor, MI / Michigan Theater - ANA(x)",SBD,FLAC 24
"4-23-1998 / Somerville, MA / Somerville Theater (allan chen conversion)",SBD,FLAC
"4-24-1998 / Somerville, MA / Somerville Theater (allan chen conversion)",SBD,FLAC
"4-30-1998 / Boston, MA / Boston University - Commonwealth Armory - ANA(x)",SBD,FLAC 24
"5-1-1998 / Washington, DC / The Bayou",SBD,FLAC 24
"5-3-1998 / Princeton, NJ / Quadrangle Club (allan chen conversion)",SBD,SHN
"6-17-1998 / Augusta, GA / Red Lion Pub ",SBD,FLAC 24
"6-27-1998 / Greenwich, CT / Roger Sherman Baldwin Park (CSB) (jeffry houser)",AUD,FLAC
"7-8-1998 / Boston, MA / WBCN Studios",FM,FLAC
"7-8-1998 / Boston, MA / WBCN-FM/WFNX-FM Studios) - ANA(1) (michelle poirier) ",FM,FLAC 24
"7-9-1998 / Wantaugh, NY / Jones Beach (Gefell 200) (freddie g)",AUD,FLAC
"7-18-1998 / Raleigh, NC / Walnut Creek Amphitheater (will foy)",SBD,FLAC
"7-19-1998 / Charlotte, NC / Blockbuster Pavilion (will foy)",SBD,SHN
"8-9-1998 / Summt, NJ / Rob Fleissner's House (allan chen conversion)",SBD,SHN
"8-17-1998 / Portland, ME / Stone Coast Brewing Company - ANA(x)",SBD,FLAC 24
"8-20-1998 / New York, NY / Irving Plaza (CM300s) (dave mallick)",AUD,SHN
"8-21-1998 / New York, NY / Irving Plaza (CM300s) (brian van0rnum)",AUD,SHN
"9-5-1998 / Portland, OR / Portland Meadows - H.O.R.D.E. Festival (unk)",AUD,FLAC
"9-23-1998 / Providence, RI / Lupo's Heartbreak Hotel (dave mallick)",SBD,SHN
"9-24-1998 / Winooski, VT / Higher Ground (unk)",AUD,FLAC
"9-25-1998 / Chestnut Hill, MA / Boston College - Eagle's Nest - ANA(x) ",SBD,FLAC 24
"9-26-1998 / Lewiston, ME / Gray Cage - Bates College (dave mallick)",SBD,SHN
"9-27-1998 / Durham, NH / Lundholm Gymnasium - University of NH (dave mallick)",SBD,SHN
"10-1-1998 / Washington, D.C. / 9:30 Club (Gefell SMS2000) (bill lakenan)",AUD,SHN
"10-2-1998 / Philadelphia, PA / Theater of the Living Arts (Gefell SMS2000) (bill lakenan)",AUD,SHN
"10-3-1998 / Cleveland, OH / The Odeon",SBD,SHN
"10-9-1998 / Chicago, IL / House of Blues (dave mallick conversion)",SBD,FLAC
"10-14-1998 / Atlanta, GA / 99x - APC Studios",FM,FLAC
"10-28-1998 / San Francisco, CA / The Fillmore (Sound Pro Binaurals) (allan chen)",AUD,SHN
"11-12-1998 / Winston-Salem, NC / Ziggy's (will foy)",SBD,SHN
"11-27-1998 / Morristown, NJ / Morristown Theater (allan chen conversion)",SBD,SHN
"11-28-1998 / Hartford, CT / Webster Theater (mike corcoran)",SBD,
"12-5-1998 / Middlebury, VT / Ross Lounge - Middlebury College (dave mallick conversion)",SBD,FLAC
,,
[1999],,
"6-24-1999 / Buffalo, NY / Lafayette Square (unk)",SBD,FLAC
"6-27-1999 / Guelph, ON / Guelph Lake Conservation (Sony WM-GX53) (greg valiquette)",AUD,FLAC
"7-13-1999 / Toronto, ON / Horseshoe Tavern (Sony WM-GX53) (greg valiquette)",AUD,FLAC
"7-17-1999 / Towson, MD / Recher Theatre (SBD>D8)",SBD,FLAC
"7-21-1999 / Boston, MA / Bill's Bar (SBD>DA-P1) (brandon smith)",SBD,FLAC
"7-22-1999 / New York, NY / Wetlands Preserve (unk)",AUD,FLAC
"7-29-1999 / Boston, MA / Hatch Shell - ANA(1) (reiko takemasa)",SBD,FLAC
"7-29-1999 / Boston, MA / MDC Hatch Memorial Shell (dave mallick)",SBD,FLAC
"8-25-1999 / New York, NY / Bowery Ballroom (unk)",AUD,FLAC
"8-26-1999 / New York, NY / Bowery Ballroom (unk)",SBD,FLAC
"8-27-1999 / Hoboken, NJ / Maxwell's (unk)",AUD,FLAC
"9-10-1999 / Northampton, MA / Pearl Street Nightclub (Shure SKM32/CGs) (brandon smith)",AUD,FLAC
"9-10-1999 / Northampton, MA / Pearl Street Nightclub (Sony PC-62) (woody monaco master)",AUD,FLAC
"9-17-1999 / Charlottesville, VA / Trax  (Microtech Geffell SMS2000) (bill lakenan)",AUD,FLAC
"9-26-1999 / Morristown, NJ / Scotti's Record Shop (AT853) (unk)",AUD,FLAC
"9-28-1999 / Providence, RI / Lupo's *Lost and Gone Forever Release Party (Shure KSM32s) (dave mallick)",AUD,SHN
"10-1-1999 / Ann Arbor, MI / Michigan Theater (Sound Pro Binaurals) (unk)",AUD,FLAC
"10-2-1999 / Chicago, IL / Vic Theater (unk)",AUD,FLAC
"10-27-1999 / Toronto, ON / Horseshoe Tavern (Sony WM-GX53) (greg valiquette)",AUD,FLAC
"10-30-1999 / Boston, MA / Orpheum Theatre (AKG C-1000) (dave mallick)",AUD,SHN
"10-30-1999 / Boston, MA / Orpheum Theatre (SR77) (mike vernal)",AUD,SHN
"11-3-1999 / St. Louis, MO / Mississippi Nights (CSS Omni's) (shane e. calhoon)",AUD,SHN
"11-6-1999 / Boulder, CO / Fox Theatre (unk)",AUD,FLAC
"11-12-1999 / San Francisco, CA / Great American Hall (AKG C3000) (allan chen)",AUD,SHN
"11-15-1999 / Vancouver, BC / The Starfish (AT933) (tyler bradford)",AUD,SHN
"11-26-1999 / Washington, D.C. / 9:30 Club (Gefell SMS2000/200) (bill lakenan)",AUD,SHN
"11-27-1999 / New York, NY / Hammerstein Ballroom (MG200) (bill lakenan)",AUD,SHN
"11-30-1999 / Providence, RI / WBRU-FM Down City Stage - Veteran's Memorial Auditorium (Sony PC-62)  (dave mallick)",AUD,SHN
"12-1-1999 / Clifton Park, NY / Northern Lights (CSB)  (sim morrell)",AUD,SHN
"12-4-1999 / Durham, NH / Lundholm Gymnasium - University of NH (AT853a) (dave mallick)",AUD,SHN
"12-9-1999 / Rochester, NY / Milestones - ANA(1) (unk)",AUD,FLAC
"12-10-1999 / Portland, ME / State Theatre - WCYY-FM (AT853a) (dave mallick)",AUD,SHN
"12-11-1999 / Villanova, PA / Villanova Room (AKG C1000s) (keith cetera)",AUD,SHN
"12-12-1999 / Boston, MA / Orpheum Theater (Sony PC-62) (woody monaco)",AUD,FLAC
,,
[2000],,
"1-18-2000 / San Diego, CA / Cane's (Binaurals) (jeff eberlin)",AUD,SHN
"1-19-2000 / San Juan Capistrano, CA / Coach House (Schoeps) (unk)",AUD,SHN
"1-20-2000 / Palo Alto, CA / The Edge (AKG 480/CK61) (allan chen)",AUD,SHN
"1-21-2000 / Sacramento, CA / Crest Theater (AKG 480/CK61) (allan chen)",AUD,SHN
"1-22-2000 / Petalume, CA / Mystic Theatre and Dance Hall (AKG 480/CK61) (allan chen)",AUD,SHN
"1-26-2000 / Buffalo, NY / Tralf Cafe (AKG C1000s) (daniel godwin)",AUD,SHN
"1-27-2000 / Philadelphia, PA / WXPN-FM Studios - ANA(1) (mary london)",FM,FLAC 24
"1-28-2000 / Worcester, MA / The Palladium (AKG C1000s) (brandon smith & dave mallick)",AUD,FLAC
"1-29-2000 / Boston, MA / Metcalf Hall - Boston University (mike corcoran & dave mallick)",SBD,FLAC
"2-4-2000a / Hartford, CT / Radio 104 - Dee Snider Radio (jeffry houser)",FM,FLAC
"2-4-2000b / Hartford, CT / Webster Theatre (Shure VP88 + SBD) (dave mallick)",AUD,FLAC
"3-2-2000 / San Francisco, CA / Fillmore (AT853a) (alex coluzzi & allan chen)",AUD,FLAC
"3-4-2000 / Roseville, CA / Big Shots Billiards (AKG C3000s)",AUD,FLAC
"3-9-2000 / Vancouver, BC / Richard's On Richards (AKG C391b) (tyler bradford)",AUD,FLAC
"3-11-2000 / Seattle, WA / Fenix Underground (CM300s) (brian van0rnum)",AUD,SHN
"3-23-2000 / East Lansing, MI / MSU Union Ballroom (Shure VP88 + SBD) (dave mallick)",MIX,FLAC
"3-24-2000 / Granville, OH / Slayter Union - Denison University (Shure VP88 + SBD) (mike corcoran)",MIX,FLAC
"3-26-2000 / Peoria, IL / Bradley University (Shure VP88 + SBD) (allan chen)",MIX,FLAC
"3-28-2000 / St. Louis, MO / Mississippi Nights (Core Sound Omnis) (shane e. calhoon)",AUD,FLAC
"3-31-2000 / Madison, WI / The Barrymore (Shure VP88 + SBD) (unk)",MIX,SHN
"4-8-2000 / Toronto, Ontario / Horseshoe Tavern (DA-P1) (greg valiquette)",AUD,SHN
"4-12-2000 / Chestnut Hill, MA / Boston College - Conte Forum (Shure VP88 + SBD) (mike corcoran)",MIX,FLAC
"4-15-2000 / Worcester, MA / Assumption College - Laska Gym (AKG C1000) (brandon smith)",AUD,FLAC
"4-19-2000 / Portsmouth, NH / The Music Hall (Nakamichi 700/CP1) (eric white)",AUD,FLAC
"4-19-2000 / Portsmouth, NH / The Music Hall (Shure VP88 + SBD) (dave mallick)",MIX,FLAC
"4-21-2000 / Providence, RI / Providence Performing Arts Center (AT853a) (chris mathews)",AUD,FLAC
"4-22-2000 / Philadelphia, PA / Electric Factory - ANA(2) (unk)",AUD,FLAC 24
"4-30-2000 / Richmond, VA / Mayo Islands (Gefell SMS2000/200) (bill lakenan)",AUD,SHN
"5-6-2000 / Atlanta, GA / Music Midtown Festival (unk)",AUD,FLAC
"5-13-2000 / Portland, ME / State Theatre (Shure VP88 + SBD) (mike corcoran)",MIX,FLAC
"5-13-2000 / Portland, ME / State Theatre (AKG C1000) (brandon smith)",AUD,FLAC
"6-23-2000 / Hudson, OH / Hudson High School (Gefell SMS2000/200) (bill lakenan)",AUD,FLAC
"6-24-2000 / Noblesville, IN / Deer Creek Amphitheater (AKG C1000s) (jason woods)",AUD,FLAC
"6-24-2000 / Noblesville, IN / Deer Creek Music Center (Microtech Gefell SMS2000) (bill lakenan)",AUD,FLAC
"7-2-2000 / Andover, MA / Viv's House (AKG C-1000) (brandon smith)",AUD,FLAC
"7-2-2000 / Andover, MA / Viv's House (Gefell SMS2000/200) (bill lakenan)",AUD,FLAC
"7-15-2000 / Clarkston, MI / Pine Knob Music Theater (CSB) (greg valiquette)",AUD,FLAC
"7-16-2000 / Winter Park, CO / KBCO 97.3 Rockfest (mr. twister)",FM,FLAC
"7-16-2000 / Winter Park, CO / KBCO 97.3 Rockfest (liveconcerts.com webcast)",SBD,FLAC
"7-29-2000 / Darien, NY / Darien Lake PAC (unk) ",AUD,FLAC
"8-4-2000 / Boston, MA / Boston Fleet Pavilion (Neumann KM184) (brandon smith)",AUD,FLAC
"8-19-2000 / New York, NY / Central Park Summerstage (Gefell MG200s) (unk)",AUD,FLAC
"9-17-2000 / Ithaca, NY / Arts Quad - Cornell University (Neumann KM184) (joe polastre)",AUD,FLAC
"9-21-2000 / Springfield, OH / Old Gymnasium - Wittenberg University (AT4041) (lee strauss)",AUD,FLAC
"9-29-2000 / Madison, WI / Barrymore Theatre (ryan) (unk)",AUD,FLAC
"10-11-2000 / Mountain View, CA / Shoreline Amphitheatre (AT853a) (unk)",AUD,FLAC
"10-13-2000 / Portland, OR / Rose Garden Theater of the Clouds (SS mics) (brian van0rnum)",AUD,FLAC
"10-14-2000 / Seattle, WA / Key Arena (SS mics) (brian van0rnum)",AUD,FLAC
"11-3-2000 / Notre Dame, IN / Notre Dame University (AKG C1000s) (jason woods)",AUD,FLAC
,,
[2001],,
"2-15-2001 / New York, NY / Madison Square Garden (SP-BMC-1) (unk)",AUD,FLAC
"3-30-2001 / San Francisco, CA / The Fillmore (MC012) (joe navratil)",AUD,FLAC
"4-2-2001 / Portland, OR / Roseland Ballroom (CM300s) (brian van0rnum)",AUD,FLAC
"4-12-2001 / St. Louis, MO / The Pageant Theatre (Core Sound Omnis) (shane e. calhoon)",AUD,FLAC
"4-12-2001 / St. Louis, MO / The Pageant Theatre (Oktava MC012) (joe shambro)",AUD,FLAC
"4-27-2001 / Durham, NH / Whittemore Center Arena (CM700s) (eric white)",AUD,FLAC
,,
[2002],,
"4-13-2002 / Charlottesville, VA / UVA Madison Bowl - Rugby Road (Oktava MC-012) (shaun nicholson)",AUD,FLAC
"4-14-2002 / Scranton, PA / Marywood University (Core Sounds) (jeffry houser)",AUD,FLAC
"4-19-2002 / Oxford, OH / John D. Millett Hall - Miami University (Oktava MC012) (dan glaser)",AUD,FLAC
"4-26-2002 / Poughkeepsie, NY / Marist College - McCann Center (AT853s) (oysterhead)",AUD,FLAC
"4-28-2002 / New Haven, CT / Battell Chapel - Yale University (Aiwa HP-AS288) (unk)",AUD,FLAC
"4-28-2002 / New Haven, CT / Battell Chapel - Yale University (unk) (rory mason)",AUD,FLAC
"5-1-2002 / Boston, MA / Boston University (AKG 391s) (greg lowder)",AUD,FLAC
"5-2-2002 / Waltham, MA / Shapiro Gymnasium - Breandeis University (AT853s) (dave mallick)",AUD,FLAC
"5-5-2002 / Amherst, MA / Mullins Center (CSC) (unk)",AUD,FLAC
"5-9-2002 / Asbury Park, NJ / Paramount Theater (AT853s) (dave mallick)",AUD,FLAC
"5-11-2002 / Asbury Park, NJ / Paramount Theater (AKG 480s) (peter lang)",AUD,FLAC
"5-15-2002 / Providence, RI / Lupo's (AT853s) (viv mallick)",AUD,FLAC
"5-17-2002 / Hanover, NJ / Leede Arena - Dartmouth College (AT853s) (dave mallick)",AUD,FLAC
"7-25-2002 / Pittsburgh, PA / Amphitheatre at Station Square (SR77s) (cameron lister)",AUD,FLAC
"7-26-2002 / Columbus, OH / Promowest Pavilion (AT853s) (viv mallick)",AUD,FLAC
"7-27-2002 / Chicago, IL / A. Finkl & Sons (AT853) (a. nonymous)",AUD,FLAC
"7-29-2002 / Kettering, OH / Fraze Pavilion (AT853s) (a. nonymous)",AUD,FLAC
"8-2-2002 / Kansas City, MO / City Market (Oktava MC012a) (timothy maus)",AUD,FLAC
"8-2-2002 / Kansas City, MO / City Market (SP-CMC-4) (kcmoejoe)",AUD,FLAC
"8-3-2002 / St. Louis, MO / The Fox Theatre (CSC) (shane e. calhoon)",AUD,FLAC
"8-10-2002 / Seattle, WA / Paramount Theatre (unk)",MTX,FLAC
"8-15-2002 / Santa Barbara, CA / Santa Barbara Bowl (unk)",AUD,FLAC
"8-16-2002 / Berkeley, CA / Greek Theatre (Schoeps CCM4s) (some puerto rican guy)",AUD,FLAC
"8-17-2002 / Los Angeles, CA / Greek Theatre (Schoeps CCM4s) (unk)",AUD,FLAC
"8-21-2002 / Mesa, AZ / Mesa Amphitheatre (Schoeps CCM4s) (unk)",AUD,FLAC
"9-3-2002 / Washington, D.C. / DAR Constitution Hall (DPA 4022) (george wang)",AUD,SHN
"9-7-2002 / Cary, NC / Amphitheatre at Regency Park (AT853s) (andrew gresko)",AUD,SHN
"9-13-2002 / New Orleans, LA / Saenger Theatre (SP-BMC-3) (will hennegan)",AUD,SHN
"9-14-2002 / Atlanta, GA / HiFi Buys Amphitheatre (AT853s) (viv mallick)",AUD,SHN
"11-21-2002 / Poughkeepsie, NY / The Chance (SP-CMC-8) (david jeffers)",AUD,SHN
"11-23-2002 / North Andover, MA / Merrimack College (AT853s) (dave mallick)",AUD,SHN
"11-24-2002 / Manchester, NH / Southern New Hampshire University - Athletic Complex (AT853s) (dave mallick)",AUD,SHN
"11-27-2002 / New York, NY / Hammerstein Ballroom (AT853s) (viv mallick)",AUD,SHN
"11-30-2002 / Philadelphia, PA / Electric Factory (AT853s) (dave mallick)",AUD,SHN
"11-30-2002 / Philadelphia, PA / Electric Factory (SR-71) (dave thoma)",AUD,SHN
"12-3-2002 / Washington, D.C. / 9:30 Club (SMS2000) (unk)",AUD,FLAC
"12-5-2002 / Boston, MA / Orpheum Theatre (AT853s) (dave mallick)",AUD,SHN
"12-5-2002 / Boston, MA / Orpheum Theatre (Oktava MC012) (jon daly)",AUD,SHN
"12-6-2002 / Portland, ME / State Theatre (AT853s) (dave mallick)",AUD,SHN
"12-8-2002 / Waltham, MA / Dana Athletic Center - Bentley College (AT853s) (dave mallick)",AUD,SHN
,,
[2003],,
"3-23-2003 / Binghamton, NY / West Gym - Binghampton University (AT803b's) (dave mallick)",AUD,SHN
"3-25-2003 / Cincinnati, OH / Bogart's (AKG CK61) (eric phipps)",AUD,SHN
"3-25-2003 / Cincinnati, OH / Bogart's (Gefell M300) (nate jedinak)",AUD,SHN
"3-27-2003 / Pontiac, MI / Clutch Cargo's (AKG C1000s) (jason woods)",AUD,SHN
"3-29-2003 / Chicago, IL / The Riviera",FM,FLAC
"4-2-2003a / Seattle, WA / Mountain Music Lounge - 103.7FM (abz)",FM,FLAC
"4-2-2003b / Seattle, WA / The Showbox (AT943s) (kevin davis)",AUD,SHN
"4-8-2003 / Tempe, AZ / Nita's Hideaway (AKG 391) (david baty)",AUD,SHN
"4-12-2003 / Lawrence, KS / Liberty Hall (AKG 460/CK61s) (kcmoejoe)",AUD,SHN
"4-13-2003 / St. Louis, MO / The Pageant (CSC) (shane e. calhoon)",AUD,SHN
"4-21-2003 / Winston-Salem, NC / Ziggy's (AKG 480/CK61s) (will foy)",AUD,SHN
"4-25-2003 / Hamden, CT / Burt Kahn Basketball Court - Quinnipiac University (Elation KM201s)  (dave mallick)",AUD,SHN
"4-26-2003 / Smithfield, RI / Multipurpose Athletic Center - Bryant College (Elation KM201s) (dave mallick)",AUD,SHN
"4-27-2003 / Glen Mills, PA / Newlin Grist Mill - Rep Rok 4 (KM201s) (dave mallick)",AUD,SHN
"4-27-2003 / Philadelphia, PA / University of PA - Irvine Auditorium (KM201s) (dave mallick)",AUD,SHN
"4-30-2003 / Newark, DE / University of DE - The Bob Carpenter Center (ADK GC-1) (pat nobles) ",AUD,SHN
"4-30-2003 / Newark, DE / University of DE - The Bob Carpenter Center (SR-71) (ashley davenport) ",AUD,SHN
"5-2-2003 / New Brunswick, NJ / Louis Brown Athletic Center - Rutgers University (KM201s) (rebecca mallick) ",AUD,SHN
"5-3-2003 / Plymouth, NH / Plymouth State College - Recreation Field (KM201s) (dave mallick)",AUD,SHN
"6-19-2003 / Somerville, MA / Q Division Studios - CASS(M) (dave mallick)",FM,SHN
"6-19-2003 / Somerville, MA / WBOS Radio - Q Division Studios",FM,FLAC
"6-20-2003 / Woodstock, NY / Woodstock Playhouse (KM201s) (dave mallick)",AUD,SHN
"6-21-2003 /  Rochester, NY / Water Street Music Hall (KM201s) (dave mallick)",AUD,SHN
"6-24-2003 / Boston, MA / City Hall Plaza - Government Center (AT853) (morgan halton) ",AUD,SHN
"6-24-2003 / Boston, MA  City Hall Plaza - Government Center (KM201) (dave mallick)",AUD,SHN
"6-24-2003 / Boston, MA / City Hall Plaza - Government Center (SR71s) (derek gilbert)",AUD,SHN
"6-24-2003 / Boston, MA / City Hall Plaza - Government Center (SR77s) (cameron lister)",AUD,SHN
"6-25-2003 / Portland, ME / Rooftop of One City Center (KM201s) (dave mallick)",AUD,SHN
"6-26-2003 / New York, NY / Scott and Todd in the Morning - WPLJ Studios (bryan hall)",FM,SHN
"6-26-2003 / Providence, RI / India Point Park (KM201) (rebecca mallick) ",AUD,SHN
"6-26-2003 / Providence, RI / India Point Park (Oktava MC012) (jason adler)",AUD,SHN
"6-27-2003 / Morristown, NJ / Scotti's Record Shop (KM201s) (rebecca mallick)",AUD,SHN
"6-28-2003 / Philadelphia, PA / Tower Records (KM201s) (dave mallick)",AUD,SHN
"6-29-2003 / Pittsburgh, PA / Chevrolet Amphitheatre (AT933s) (john kelly)",AUD,SHN
"6-29-2003 / Pittsburgh, PA / Chevrolet Amphitheatre (KM201) (dave mallick)",AUD,SHN
"6-29-2003 / Pittsburgh, PA / Chevrolet Amphitheatre - Station Square - MD(M) (alex herd)",AUD,SHN
"7-2-2003 / Cleveland, OH / The Odeon (AKG CK61) (eric phipps)",AUD,SHN
"7-2-2003 / Cleveland, OH / The Odeon (AKG CK61) (rhett wegehaupt)",AUD,SHN
"7-10-2003 / Apple Valley, MN / Weesner Amphitheater - MN Zoo (ECM-MS907) (jake foust)",AUD,SHN
"7-10-2003 / Minneapolis, MN / Cities 97 (97.1) ",FM,SHN
"7-10-2003 / Minneapolis, MN / Studio C - KTCZ-FM",WEB,SHN
"7-15-2003 / Boise, ID / Big Easy Concert House (Late show) (Sony ECM-MS907) (andy watts)",AUD,FLAC
"7-15-2003 / Boise, ID / The Record Exchange (ECM-MS907) (andy watts) ",AUD,SHN
"7-16-2003 / Seattle, WA / Easy Street Records (AT831) (ryan olsen)",AUD,FLAC
"7-17-2003 / Portland, OR / Pioneer Square (ECM-MS907) (andy watts)",AUD,SHN
"8-14-2003 / Towson, MD / Recher Theatre (KM201s) (dave mallick)",AUD,SHN
"8-16-2003 / New York, NY / Radio City Music Hall (KM201s) (dave mallick)",AUD,SHN
"8-24-2003 / Los Angeles, CA / Village Studios - Sounds Eclectic with Nic Harcourt (KRCW 89.9)",FM,FLAC
"9-3-2003 / Asheville, NC / Orange Peel (AKG 480) (will foy)",AUD,SHN
"9-11-2003 /- Haverhill, MA / River Music Hall - WXRV-FM",FM,SHN
"9-12-2003 / Boston, MA / FleetBoston Pavilion (KM184) (brandon smith)",AUD,SHN
"9-14-2003 / Beverly, MA / MacDonald Gym - Post Center - Endicott College (KM201s) (dave mallick)",AUD,SHN
"9-20-2003 / Rochester, NY / University of Rochester - The Louis Alexander Palestra (RS33) (sanjay suchak)",AUD,SHN
"9-24-2003 / Albany, NY / Palace Theatre (KM201s) (dave mallick) ",AUD,SHN
"9-26-2003 / Burlington, VT / Flynn Center - MainStage (KM201s) (dave mallick)",AUD,SHN
"9-27-2003 / Philadelphia, PA / Penn's Landing (KM201s) (dave mallick)",AUD,SHN
"9-27-2003 / Philadelphia, PA / Festival Pier - Penn's Landing (SR-77s) (dave thoma)",AUD,SHN
"9-28-2003 / Lewiston, ME / Bates College - Clifton Daggett Gray Athletic Building (KM-150) (gary comley)",AUD,SHN
"9-28-2003 / Lewiston, ME / Bates College - Gray Cage (KM201s) (dave mallick)",AUD,SHN
"10-3-2003 /  Nashville, TN / Ryman Auditorium (MD) (unk)",AUD,SHN
"10-7-2003 / New Orleans, LA / Tulane University - McAlister Auditorium (SP-CMC-2) (will hennegan)",AUD,SHN
"10-9-2003 / Lake Buena Vista, FL / House of Blues (CCM4V) (paul chrostowski)",AUD,SHN
"10-11-2003 / St. Petersburg, FL / Jannus Landing (CCM4V) (paul chrostowski)",AUD,SHN
"10-24-2003 / Chicago, IL / Aragon Ballroom (MD)",AUD,SHN
"10-30-2003 / Durham, NH / University of NH - Whittemore Center (KM201s) (dave mallick)",AUD,SHN
"10-31-2003 / Washington, D.C. / 930 Club (KM201s) (dave mallick)",AUD,SHN
"11-1-2003 / Washington, D.C. / 930 Club (MBHO 603a/KA200n)",AUD,FLAC
"11-2-2003 / Allston, MA / Harvard University - Gordon Gymnasium (KM201s) (dave mallick)",AUD,FLAC
"11-9-2003 / Tempe, AZ / Marquee Theatre (Nak CM101) (tom m.)",AUD,FLAC
"11-13-2003 / Eugene, OR / CD World (MK-012s) (adam crowthers)",AUD,SHN
"11-13-2003 / Eugene, OR / McDonald Theatre (MK-012s) (adam crowthers)",AUD,SHN
"11-15-2003 / Portland, OR / Roseland Theatre (MK-012s) (adam crowthers) ",AUD,SHN
"11-16-2003 / Seattle, WA / Moore Theatre (KM140s) (mike vernal) ",AUD,SHN
"11-16-2003 / Seattle, WA / Moore Theatre (MK-012s) (adam crowthers)",AUD,SHN
"12-7-2003 / St. Louis, MO / The Pageant Theatre (CSC) (shane e. calhoon)",AUD,SHN
"12-10-2003 / Indianapolis, IN / Murat Theater (CK63) (jon ice)",AUD,SHN
"12-12-2003 / Hartford, CT / Bushnell Hall - WTIC 96.5 FM All Star Christmas(Sony C-3002) (kingjeff)",AUD,SHN
"12-12-2003 / Hartford, CT / The Bushnell Center for the Performing Arts (AT803bs) (dave mallick)",AUD,SHN
"12-12-2003 / Hartford, CT - WTIC Acoustic Cafe",FM,FLAC
"12-13-2003 / Sayreville, NJ / Starland Ballroom (KM201s) (dave mallick)",AUD,SHN
"12-16-2003 / Boston, MA / Orpheum Theatre - Mix 98.5 Holiday Hoedown (AT803bs) (dave mallick)",AUD,SHN
"12-19-2003a / Portland, ME / WCLZ - Studio Z",FM,FLAC
"12-19-2003 / Portland, ME / State Theatre (KM201s) (dave mallick)",AUD,SHN
"12-20-2003 / Portland, ME / State Theatre (KM201s) (dave mallick)",AUD,SHN
"12-31-2003 / Chicago, IL / House of Blues (KM201s) (dave mallick)",AUD,SHN
,,
[2004],,
"2-19-2004 / Northampton, MA / Calvin Theatre and Performing Arts Center (KM201s) (dave mallick)",AUD,SHN
"2-20-2004 / Worcester, MA / Plourde Recreation Center (KM201s) (dave mallick)",AUD,SHN
"2-22-2004 / Charleston, WV / Mountain Stage (Radio Webcast) (bret s.)",WEB,SHN
"2-27-2004 / St. Louis, MO / The Pageant Theatre (CSC) (shane e. calhoon)",AUD,SHN
"2-27-2004 / St. Louis, MO / The Pageant Theatre (Earthworks SR77) (joe shambro)",AUD,SHN
"2-28-2004 / Kansas City, MO / Uptown Theatre (AKG-C-2000B)",AUD,SHN
"2-28-2004 / Kansas City, MO / Uptown Theatre (AT853) (ryan hoyt)",AUD,SHN
"3-1-2004 / Blacksburg, VA / Burruss Hall Auditorium - Virginia Tech (Octave MC012s) (john kelly)",AUD,SHN
"3-11-2004 / Morgantown, WV / WVU Coliseum (MKH-800s) (ian white)",AUD,SHN
"3-12-2004 / Louisville, KY / Max and Erma's (Early Show) Freedom Hall (Late Show) (CK63) (jon ice)",AUD,SHN
"3-18-2004 / Troy, NY / Houston Field House - Rensselaer Polytechnic Institute (KM201s) (dave mallick)",AUD,SHN
"3-18-2004 / Troy, NY / RPI Field House (AT853s) (david jeffers)",AUD,SHN
"3-20-2004 / Providence, RI / Dunkin' Donuts Center (CSC) (unk)",AUD,SHN
"3-26-2004 / St. Paul, MN / Xcel Energy Center (AT933) (jason glynn)",AUD,SHN
"3-27-2004 / Kenosha, WI / Tarble Atheletic and Recreation Center - Carthage College (Giant Squids) (connor cronk)",AUD,FLAC
"3-27-2004 / Kenosha, WI / Tarble Athletic and Recreation Center (AKG CK93) (allan short)",AUD,FLAC
"4-7-2004 / Lowell, MA / Paul Tsongas Arena (Sony ECM-719) (kingjeff42)",AUD,FLAC
"4-23-2004 / Richmond, VA / University of Richmond Robins Center (SP-CMC-2) (melissa bollbach)",AUD,SHN
"4-24-2004 / Baltimore, MD / JHU Gymnasium (M210s) (dave thoma)",AUD,SHN
"4-25-2004 / Newport, RI / Rodgers Recreation Center - Salve Regina University (KM201s) (dave mallick) ",AUD,SHN
"5-1-2004 / Rochester, NY / Fank Ritter Ice Arena - Rochester Institute of Technology (KM201s) (dave mallick)",AUD,SHN
"6-15-2004 / Lake Buena Vista, FL / House of Blues (CCM4V) (paul chrostowski)",AUD,SHN
"6-23-2004 / St. Louis, MO / The Fox Theatre (CSC) (shane e. calhoon)",AUD,SHN
"6-29-2004 / Vienna, VA / Filene Center - Wolf Trap (MBHO 603A/KA200N) (unk)",AUD,FLAC
"6-29-2004 / Vienna, VA / Wolf Trap (CSC) (van0rnum)",AUD,SHN
"6-29-2004 / Vienna, VA / Wolf Trap (DPA 4021s) (matt denardo)",AUD,FLAC
"7-1-2004 / Gilford, NH / Meadowbrook Musical Arts Center (AT803bs) (dave mallick) ",AUD,SHN
"7-3-2004 / Buffalo, NY / Niagara Square (CSB) (daniel godwin)",AUD,SHN
"7-5-2004 / Sayreville, NJ / Starland Ballroom (SP-CMC-8) (rider)",AUD,SHN
"7-8-2004 / Boston, MA / FleetBoston Pavilion (AT803bs) (dave mallick)",AUD,SHN
"7-10-2004 / Wallingford, CT / Oakdale Theatre (AT803bs) (dave mallick)",AUD,SHN
"7-10-2004 / Wallingford, CT / Oakdale Theatre (DSM-6S) (david jeffers)",AUD,FLAC
"7-11-2004 / Boston, MA / FleetBoston Pavilion (AT803bs) (dave mallick)",AUD,SHN
"7-13-2004 / New York, NY / Central Park Summerstage (KM201s) (dave mallick)",AUD,SHN
"7-13-2004 / New York, NY / Central Park Summerstage (DPA 4060s) (jason reiser)",AUD,FLAC
"8-7-2004 / East Troy, WI / Alpine Valley (Aud Mics) (kurt osterkorn) ",AUD,FLAC
"8-8-2004 / East Troy, WI / Alpine Valley (Aud Mics) (kurt osterkorn) ",AUD,FLAC
"8-25-2004 / Redmond, WA / Marymoor Amphitheater (AT ES943s) (coach k)",AUD,FLAC
"8-25-2004 / Redmond, WA / Marymoor Amphitheatre (Gefell M300s) (adam crowthers)",AUD,
,,
[2005],,
"4-15-2005 / Delaware, OH / Ohio Wesleyan University - Gordon Field House (Oktava MC012a) (jonathan reckers)",AUD,FLAC
"4-24-2005 / Peoria, IL / Bradley University - Robertson Memorial Fieldhouse (Sony TCM-S67V) (vanessa thomas)",AUD,FLAC
"5-5-2005 / Boston, MA / Boston College - Modstock - Mod Parking Lot (KM201s) (dave mallick)",AUD,FLAC
"5-11-2005 / Quincy, MA / Waterworks (KM201s) (dave mallick)",AUD,FLAC
"6-22-2005 / Boston, MA / Symphony Hall - Pops on the Edge (AT803bs) (dave mallick)",AUD,FLAC
"6-23-2005 / Boston, MA / Symphony Hall - Pops on the Edge (AT803bs) (dave mallick)",AUD,FLAC
"6-25-2005 / Newport, RI / Sunset Music Festival - Newport Yachting Center (KM201s) (dave mallick)",AUD,FLAC
"10-31-2005 / Columbia, MO / The Blue Note (Studio Projects C-4) (brian price)",AUD,FLAC
"11-11-2005 / Hampton Beach, NH / Hampton Beach Casino Ballroom (KM201s) (dave mallick)",AUD,FLAC
"11-12-2005 / Providence, RI / Lupo's at the Strand (KM201s) (dave mallick)",AUD,FLAC
"11-18-2005 / New York, NY / Nokia Theatre (KM201s) (dave mallick)",AUD,FLAC
"11-18-2005 / New York, NY / Nokia Theatre (Neumann TLM-170R) (jason reiser)",AUD,FLAC
"11-18-2005 / New York, NY / Nokia Theatre (Schoeps MK4) (jason reiser)",AUD,FLAC
"11-19-2005 / New York, NY / Nokia Theatre (KM201s) (dave mallick)",AUD,FLAC
,,
[2006],,
"3-24-2006 / West Hollywood, CA / The Roxy (AT803b) (dave mallick)",AUD,FLAC
"3-25-2006 / West Hollywood, CA / The Roxy (AT803bs) (dave mallick)",AUD,FLAC
"3-28-2006 / Portland, OR / Roseland Theater (AT831) (josh petersen)",AUD,FLAC
"3-29-2006 / Tacoma, WA / University of Puget Sound Fieldhouse (Gefell M300s) (adam crowthers) ",AUD,FLAC 24
"4-10-2006 / Chicago, IL / Cubby Bear (AKG 480) (matt hedegard)",AUD,FLAC
"4-10-2006 / Chicago, IL / Cubby Bear Lounge (AT853s) (brian emerick)",AUD,FLAC
"4-11-2006 / Chicago, IL / Joseph J. Gentile Center - Loyola University (AKG480) (matt hedegard)",AUD,FLAC
"4-15-2006 / Geneseo, NY / SUNY-Geneseo at Merritt Athletic Center (Schoeps MK4) (daniel godwin)",AUD,FLAC 24
"4-20-2006 / New York, NY / Madison Square Garden - The Jammys (CM300) (unk)",AUD,FLAC
"4-21-2006 / New York, NY / Hiro Ballroom (Schoeps MK21) (jason reiser)",AUD,FLAC
"4-21-2006 / New York, NY / Maritime Hotel - Hiro Ballroom (DPA 4011) (christopher jones)",AUD,FLAC
"4-27-2006 / Selinsgrove, PA / Susquehanna University - Weber Chapel Auditorium (SP-C4s) (chris howell)",AUD,FLAC
"4-29-2006 / Medford, MA / Tufts University (Early Show) (KM201s) (dave mallick)",AUD,FLAC
"4-29-2006 / Amherst, MA / Amherst College - LeFrank Gymnasium (Late Show) (KM201s) (dave mallick)",AUD,FLAC
"4-30-2006 / Hartford, CT / Science Quad - Trinity College (KM201s) (dave mallick)",AUD,FLAC
"5-2-2006 / Worcester, MA / College of the Holy Cross - Hart Center (KM201s) (dave mallick)",AUD,FLAC
"5-4-2006 / Fitchburg, MA / Fitchburg State College (Fostex DAT) (matt n.)",AUD,FLAC
"6-19-2006 / Boston, MA / 92.9 WBOS - Studio 7",FM,FLAC
"6-19-2006 / Boston, MA / Boston Harbor Cruise (AT803bs) (dave mallick)",AUD,FLAC
"6-20-2006 / Boston, MA / Newbury Comics (Sony ECM-719)",AUD,FLAC
"6-20-2006 / Charleston, MA / Tavern on the Water (AT803bs) (dave mallick)",AUD,FLAC
"6-20-2006 / Boston, MA / Paradise Lounge (AT803bs) (dave mallick)",AUD,FLAC
"6-20-2006 / Charlestown, MA / Tavern On The Water (ECM-719)",AUD,FLAC
"6-21-2006 / Portland, ME / WCLZ-FM (Webstream) (dave mallick)",WEB,FLAC
"6-21-2006 / Scarborough, ME / Bull Moose Music (AT803bs) (dave mallick) ",AUD,FLAC
"6-22-2006 / Philadelphia, PA / WXPN-FM Studios - World Live Cafe (Webstream) (dave mallick)",WEB,FLAC
"6-22-2006 / Providence, RI / Station Park (KM201s) (dave mallick)",AUD,FLAC
"6-23-2006 / Philadelphia, PA / Tower Records (Broad Street) (AT803bs) (dave mallick)",AUD,FLAC
"6-30-2006 / Santa Monica, CA / Live In-studio KCRW",FM,FLAC
"6-30-2006 / Santa Monica, CA / Morning Becomes Eclectic - KCRW Webstream (dave mallick)",WEB,FLAC
"7-11-2006 / Baltimore, MD / Pier Six Pavilion (SPC4s) (timothy brown) ",AUD,FLAC
"7-14-2006 / Wallingford, CT / The Venue Formerly Known as the Oakdale Theatre (KM201s) (dave mallick)",AUD,FLAC
"7-17-2006 / Myrtle Beach, SC / House of Blues (AKG 1000s) (jon galante)",AUD,FLAC
"7-28-2006 / Chicago, IL / Charter One Pavilion at Northerly Island (AKG 480/CK63) (crumbo)",AUD,FLAC
"7-28-2006 / Chicago, IL / Charter One Pavilion at Northerly Island (Earthworks SR77) (scuba jeremy)",AUD,FLAC 24
"8-8-2006 / Toledo, OH / Toledo Zoo (AKG CK63) (john wilson)",AUD,FLAC
"8-9-2006 / Rochester, NY / High Falls Festival Site (Schoeps MK4) (daniel godwin)",AUD,FLAC 24
"8-11-2006 / Boston, MA / The Venue Formerly Known As Harborlights (KM201s) (dave mallick)",AUD,FLAC
"8-12-2006 / Boston, MA / The Venue Formerly Known As Harborlights (KM201s) (dave mallick)",AUD,FLAC
"8-17-2006 / Saratoga Springs, NY / Saratoga Performing Arts Center (SMK-H8K/Us) (david jeffers)",AUD,FLAC
"8-19-2006 / Portland, ME / Cumberland County Civic Center (KM201s) (dave mallick)",AUD,FLAC
"9-15-2006 / Austin, TX / Austin City Limits Festical - AMD Stage (Schoeps MK4)",AUD,FLAC
"9-22-2006 / Kansas City, MO / The Beaumont Club (MBHO 603/KA200N) (brian)",AUD,FLAC
"9-28-2006 / San Diego, CA / SDSU Open Air Theater (AT831) (tyler huff)",AUD,FLAC
"11-15-2006 / Geneva, NY / The Smith Opera House (Schoeps MK4) (daniel godwin) ",AUD,FLAC 24
"12-8-2006 / Boston, MA / Borders (Sony ECM-719) (kingjeff)",AUD,FLAC
"12-12-2006 / Hartford, CT / Hartford Civic Center - 96.5 TIC's All Star Christmas (Sony ECM-719) (ed rooney)",AUD,FLAC
,,
[2007],,
"1-17-2007 / Miami, FL / Ships and Dip Cruise - Follies (Sony ECM-719) (unk) ",AUD,FLAC
"1-18-2007 / Miami, FL / Ships and Dip Cruise - Lido Deck (Sony ECM-719) (unk)",AUD,FLAC
"2-23-2007 / St. Louis, MO / The Pageant Theatre (SP C4) (shane e. calhoon)",AUD,SHN
2-26-2007 / Toronto Ontario / Phoenix Concert Theatre (AKG 463) (dave caley),AUD,FLAC
"2-28-2007 / Washington, D.C. / 930 Club (SPC4s) (chris howell)",AUD,FLAC
"3-1-2007 / Washington, D.C. / 930 Club (Neumann AK40) (chris howell)",AUD,FLAC
"3-2-2007 / Providence, RI / Lupo's at the Strand (KM201s) (dave mallick)",AUD,FLAC
"4-2-2007 / Lawrence, KS / Liberty Hall (MBHO 603/KA200N) (brian price)",AUD,FLAC
"4-6-2007 / Austin, TX / Stubb's BBQ (Beyerdynamic MC930) (rick bendes)",AUD,FLAC
"4-14-2007 / New York, NY / Beacon Theater (DPA 4021s) (ericv)",AUD,FLAC
"4-14-2007 / New York, NY / Beacon Theatre (KM201s) (dave mallick)",AUD,FLAC
"4-18-2007 / Hampton Beach, NH / Casino Ballroom (KM201s) (dave mallick)",AUD,FLAC
"4-19-2007 / Boston, MA / The Roxy (KM201s) (dave mallick)",AUD,FLAC
"4-20-2007 / Boston, MA / Opera House (KM201s) (dave mallick)",AUD,FLAC
"4-21-2007 / Boston, MA / Opera House (KM201s) (dave mallick)",AUD,FLAC
"5-26-2007 / Boston, MA / DCR Hatch Shell Memorial Shell (KM201s) (dave mallick)",AUD,FLAC
"5-26-2007 / Boston, MA / Earthfest at the Hatch Shell (Sony ECM-719) (unk)",AUD,FLAC
"6-22-2007 / Telluride, CO / Town Park - Telluride Bluegrass Festival (Marshall 2003s) (unk)",AUD,FLAC
"7-8-2007 / Bridgeview, IL / Toyota Park (Giant Squid Audio Omni's) (mike peters)",AUD,FLAC
"7-8-2007 / Bridgeview, IL / Toyota Park (Sennheiser MKH-800s) (timothy brown)",AUD,FLAC
"7-28-2007 / Florence, MA / The Pines Theatre at Look Park (Sony ECM-719) (brian h.)",AUD,FLAC
"9-7-2007 / Providence, RI / Providence Piers (AT803bs) (ken parry)",AUD,FLAC
"9-8-2007 / Boston, MA / Bank of America Pavilion - WFNX DisOrientation 2007 (Sony ECM-719) (unk)",AUD,FLAC
"9-8-2007 / Boston, MA / The Venue Formerly Known As Harborlights (AT803bs) (ken parry)",AUD,FLAC
"9-9-2007 / New York, NY / Randall's Island - Farm Aid 2007 (DPA 4061) (fz)",AUD,FLAC
"10-5-2007 / Rochester, NY / University of Rochester - Goergen Atheletic Center Beyer Dynamic MC 930) (dgodwin) ",AUD,FLAC 24
"10-6-2007 / Burlington, VT / University of Vermont - Patrick Gymnasium (Audix m1290) (jason johnson)",AUD,FLAC
,,
[2008],,
"1-28-2008 / Miami, FL / Ships & Dip III - Carnival Victory (AT803bs) (bunnie lebowski)",AUD,FLAC
"1-30-2008a / Miami, FL - Ships & Dip III / Carnival Victory (Soundcheck) (AT803bs) (bunnie lebowski)",AUD,FLAC
"1-30-2008 / Miami, FL / Caribbean Sea - Caribbean Lounge - Carnival Victory (Sony ECM-719) (kingjeff)",AUD,FLAC
"1-31-2008 / Miami, FL / Ships & Dip III - Carnival Victory - Fan Show (AT803bs) (bunnie lebowski)",AUD,FLAC
,,
[2009],,
"3-11-2009 / New York, NY / Carnegie Hall - R.E.M. Tribute Concert (Belkin TuneTalk) (unk)",AUD,FLAC
"4-4-2009 / Boston, MA / Matthew Arena (T-mic) (dave mallick)",AUD,FLAC
"4-7-2009 / Worcester, MA / Kneller Athletic Center - Clark University (KM201s) (dave mallick) ",AUD,FLAC
"4-16-2009 / Durham, NH / Whittemore Center Arena (KM201s) (dave mallick)",AUD,FLAC
"5-2-2009 / Reading, PA / Sovereign Performing Arts Center (KM201s) (dave mallick)",AUD,FLAC
"6-20-2009 / Atlanta, GA / Candler Park (DPA 4023) (jeff brock)",AUD,FLAC
"6-20-2009 / Atlanta, GA / Midsummer Music Festival - Candler Park (Beyerdynamic MC930) (todd fleisher)",AUD,FLAC 24
"7-4-2009 / Chicago, IL / Petrillo Band Shell - Grant Park (WXRT Free Fourth of July Concert) (93.1) ",FM,FLAC
"7-4-2009 / Chicago, IL / Petrillo Music Shell ",FM,FLAC
"7-25-2009 / Bridgeport, CT / Seaside Park (Gefell M200s) (keith)",AUD,FLAC
"7-25-2009 / Bridgeport, CT / Seaside Park (Neumann TLM-170R) (r. mckinney)",AUD,FLAC
"7-25-2009 / Bridgeport, CT / Seaside Park (Schoeps MK41) (andy murray)",AUD,FLAC 24
"7-26-2009 / Camden, NJ / XPoNential Festival - Wiggins Park (Aiwa CX-NAJ50U)",FM,FLAC
"7-26-2009 / Camden, NJ / XPoNential Festival - Wiggins Park (T-mic) (dave mallick)",AUD,FLAC
"7-31-2009 / St. Louis, MO / Live on the Levee - Gateway Arch (SPC4) (shane e. calhoon)",AUD,FLAC
"8-7-2009 / Newport, RI / Newport Yachting Center (KM150s) (dave mallick)",AUD,FLAC
"8-8-2009 / Portland, ME / Maine State Pier - Batstock Music Festival (KM150s) (dave mallick)",AUD,FLAC
"10-28-2009 / Charlotte, NC / The Neighborhood Theatre (Busman BSC-1) (unk)",AUD,FLAC
"10-28-2009 / Charlotte, NC / The Neighborhood Theatre (Zoom X/Y Mics) (chris)",AUD,FLAC
"10-29-2009 / Washington, DC / 930 Club (KM201s) (dave mallick)",AUD,FLAC 24
"10-30-2009 / Washington, DC / 930 Club (AT853s) (ian white)",AUD,FLAC
"10-30-2009 / Washington, DC / 930 Club (Neumann KM150s) (dave mallick)",AUD,FLAC 24
"10-31-2009 / Boston, MA / Orpheum Theatre (Neumann KM150s) (dave mallick)",AUD,FLAC 24
"11-6-2009 / Rochester, NY / Main Street Armory (Beyerdynamic MC 930s) (daniel)",AUD,FLAC
"11-7-2009 / South Burlington, VT / Higher Ground (KM150s) (dave mallick)",AUD,FLAC 24
"11-28-2009 / New York, NY / Beacon Theatre (KM201s) (dave mallick)",AUD,FLAC 24
"12-1-2009 / New York, NY / East Village Radio Studios (Steve Lillywhite and Ryan Miller) (East Village Radio Webcast)",WEB,FLAC
,,
[2010],,
"4-14-2010 / Worcester, MA / Hanover Theater (KM201s) (dave mallick) ",AUD,FLAC 24
"4-14-2010 / Worcester, MA / Hanover Theater (Sony ECM-719) (unk)",AUD,FLAC
"4-14-2010 / Worcester, MA / Hanover Theatre (KM201s) (dave mallick)",AUD,FLAC 24
"7-31-2010 / Gilford, NH / Meadowbrook Musical Arts Center (T-mic) (dave mallick)",AUD,FLAC
"8-1-2010 / Uncasville, CT / Mohegan Sun Arena (T-mic) (dave mallick) ",AUD,FLAC
"9-12-2010 / Canton, MA / Life Is Good Festival (AKG 393) (vanark)",AUD,FLAC
"9-12-2010 / Canton, MA / Life is Good Festival (Sony ECM-719) (kingjeff)",AUD,FLAC
"9-12-2010 / Canton, MA / Prowse Farm - Life is Good Festival (Gefell M200s) (jason adler)",AUD,FLAC
"9-29-2010 / San Diego, CA / Inspiration Hornblower Boat (Edirol R-09)",AUD,FLAC
"10-6-2010 / Boston, MA / Royale - Red Room WXRV-FM's 15th Anniversary Party (KM201s) (dave mallick)",AUD,FLAC 24
"10-9-2010 / St. Louis, MO / The Pageant Theatre (SPC4) (shane e. calhoon)",AUD,FLAC
"10-13-2010 / Kansas City, MO / The Beaumont Club (MBHO KA200N/MB603) (brian price)",AUD,FLAC
"10-22-2010 / Philadelphia, PA / The Electric Factory (AKG463) (jeff prater)",AUD,FLAC
"10-27-2010 / Portland, ME / State Theatre (KM201s) (dave mallick)",AUD,FLAC 24
"10-29-2010 / New York, NY / Beacon Theatre (Gefell M210s) (jon pasternak)",AUD,FLAC
"10-30-2010 / Providence, RI / Lupo's at the Stand (KM201s) (dave mallick) ",AUD,FLAC 24
"10-31-2010 / Boston, MA / Hard Rock Cafe - Mix 104.1 Boo Bash (KM201s) (dave mallick)",AUD,FLAC 24
"12-5-2010 / Worcester, MA / Mechanics Hall - WXLO Acoustic Xmas (ECM-719) (kingjeff)",AUD,FLAC
,,
[2011],,
"1-27-2011 / Des Moines, IA / Hoyt Sherman Place (Zoom H2) (unk)",AUD,MP3
"1-29-2011 / Chicago, IL / Riviera Theatre (SP-CMC-4) (will harrelson)",AUD,FLAC
"2-5-2011 / Orlando, FL / House of Blues (Sony ECM-719) (unk)",AUD,FLAC
"2-6-2011 / Miami, FL / Norwegian Dawn - Ships & Dip 4 Cruise (Zoom H1) (acady)",AUD,FLAC
"2-7-2011 / Miami, FL / Ships & Dip - Norwegian Dawn - Spinnaker Lounge (Zoom H1) (acady)",AUD,FLAC
"2-8-2011 / Miami, FL / Norwegian Dawn - Ships & Dip 4 (Sony ECM-719) (unk)",AUD,FLAC
"2-8-2011 / Miami, FL / Norwegian Dawn - Ships & Dip 4 Cruise (Zoom H1) (acady)",AUD,FLAC
"2-25-2011 / New York, NY / Grace Rainey Roges Auditorium - Metropolitan Museum of Art (Zoom H4) (ken parry)",AUD,FLAC
"3-21-2011 / New York, NY / Irving Plaza (Gefell M210s) (jon pasternak)",AUD,FLAC
"3-21-2011 / New York, NY / Irving Plaza (TLM-170) (scott bernstein)",AUD,FLAC
"3-31-2011 / Toronto, Ontario / The Phoenix (Busman BCS1) (chris)",AUD,FLAC
"4-7-2011 / Austin, TX / KGSR Music Lounge (KGSR Webcast) (ken parry)",WEB,FLAC
"4-8-2011 / Dallas, TX / House of Blues (Scheops CCM41) (unk)",AUD,FLAC
"5-2-2011 / Buffalo, NY / Town Ballroom (Schoeps MK4) (izaak micah)",AUD,FLAC 24
"5-5-2011 / New Haven, CT / Toad's Place (DPA 4022) (james bonaiuto)",AUD,FLAC 24
"5-5-2011 / New Haven, CT / Toad's Place (Sony ECM-719) (brian h)",AUD,FLAC
"5-6-2011 / Hampton Beach, NH / Hampton Beach Casino (KM201s) (dave mallick)",AUD,FLAC
"5-7-2011 / Boston, MA / House of Blues (KM201s) (dave mallick)",AUD,FLAC
"6-25-2011 / Atlantic City, NJ / Bader Field (DPA 4015-TL) (christopher jones)",AUD,FLAC
"8-2-2011 / Hyannis, MA / Cape Cod Melody Tent (KM201s) (dave mallick) ",AUD,FLAC 24
"8-3-2011 / Danbury, CT / Ives Concert Park (KM201s) (dave mallick) ",AUD,FLAC 24
"8-4-2011 / Newport, RI / Newport Yachting Center (KM201s) (dave mallick) ",AUD,FLAC 24
"8-6-2011 / Portland, ME / State Theatre (KM201s) (dave mallick)",AUD,FLAC 24
"8-8-2011 / New York, NY / Central Park Summerstage (Gefell M210s) (jon pasternak)",AUD,FLAC
"8-8-2011 / New York, NY / Central Park Summerstage (KM201s) (dave mallick)",AUD,FLAC 24
"8-9-2011 / Asbury Park, NJ / Stone Pony Summer Stage (KM201s) (dave mallick)",AUD,FLAC 24
"8-12-2011 / Boston, MA / The Venue Formerly Known as Harborlights (KM201s) (dave mallick)",AUD,FLAC 24
"9-2-2011 / Interlochen, MI / Kresge Auditorium (SP-BMC-2) (josh prins)",AUD,FLAC 24
"9-22-2011 / Chicago, IL / Montrose Beach - The Dock (MC012) (scuba)",AUD,FLAC 24
"9-24-2011 / Waltham, MA / Shapiro Gym - Brandeis University (KM201s) (dave mallick)",AUD,FLAC 24
"11-25-2011 / Montclair, NJ / Wellmont Theatre (Gefell M210s) (jon pasternak)",AUD,FLAC
"11-25-2011 / Montclair, NJ / Wellmont Theatre (KM201s) (dave mallick)",AUD,FLAC 24
"11-26-2011 / Montclair, NJ / Wellmont Theatre (KM201s) (dave mallick)",AUD,FLAC 24
,,
[2012],,
"3-8-2012 / Denver, CO / Boettcher Concert Hall (SP-BMC-2) (beth prins)",AUD,FLAC 24
"3-25-2012 / Ludlow, VT / The Ice House at Jackson Gore - Okemo Ski Resort (Sony ECM-719) (ed rooney)",AUD,FLAC  
"3-30-2012 / Martinsville, NJ / Hauser Auditorium - Pingry School (CM700s) (jon pasternak)",AUD,FLAC
"4-4-2012 / St. Louis, MO / The Sheldon Concert Hall (Tascam DR-07) (shane e. calhoon)",AUD,FLAC
"4-5-2012 / Chicago, IL / Vic Theatre (Zoom H1) (acady)",AUD,FLAC
"4-5-2012 / Chicago, IL / Yak-Zies Bar & Grill (Wrigleyville) - WXRT Webstream (beth prins)",WEB,FLAC
"4-5-2012 / Chicago, IL / Vic Theatre (CA-14s) (brian emerick)",AUD,FLAC 24
"4-7-2012 / Milwaukee, WI / Pabst Theater (SP-BMC-2) (josh prins) ",AUD,FLAC 24
"4-18-2012 / Washington, DC / Lincoln Theatre (M-Audio T-mic) (robert ruszczyk)",AUD,FLAC
"4-19-2012 / Tarrytown, NY / Tarrytown Music Hall (Zoom H2) (ken parry)",AUD,FLAC
"4-19-2012 / Tarrytown, NY / Tarrytown Music Hall (DPA 4021s) (eric vandercar)",AUD,FLAC 24
"4-20-2012 / Boston, MA / Paramount Theater (Evening show) (SP-CMC-2) (unk)",AUD,FLAC
"4-20-2012 / Boston, MA / Paramount Theatre (KM201s) (dave mallick)",AUD,FLAC 24
"4-21-2012 / Boston, MA / Paramount Theater (Evening show) (SP-CMC-2) (unk)",AUD,FLAC
"4-21-2012 / Boston, MA / Paramount Theatre (Evening show) (KM201s) (dave mallick)",AUD,FLAC 24
"4-21-2012 / Boston, MA / Paramount Theatre (Matinee) (KM201s) (dave mallick)",AUD,FLAC 24
"4-21-2012 / Boston, MA / Paramount Theatre at Emerson College (ECM-719) (brian)",AUD,FLAC
,,
[2013],,
"1-17-2013 / Northampton, MA / Calvin Theater (SP-CMC-2) (unk)",AUD,FLAC
"1-17-2013 / Northampton, MA / Calvin Theatre (ECM-719) (brian)",AUD,FLAC
"1-18-2013 / Port Chester, NY / Capitol Theatre (CSB) (jeffrey houser)",AUD,FLAC
"1-19-2013 / Portsmouth, NH / The Music Hall (KM201s) (dave mallick)",AUD,FLAC 24
"5-30-2013 / Pittsburgh, PA / 91.3 WYEP",WEB,FLAC
"6-8-2013 / Mansfield, MA / The Venue formerly known as Great Woods (KM201s) (dave mallick)",AUD,FLAC 24
"6-17-2013 / Grand Prairie, TX / Verizon Theater (SP-CMC-08s) (whotapes)",AUD,FLAC
"6-24-2013 / Los Angeles, CA / KCSN 88.5",FM,FLAC
"7-10-2013 / Brooklyn, NY / Prospect Park (DPA 4021) (scott bernstein & eric vandercar)",AUD,FLAC
"7-19-2013 / Uncasville, CT / Arena at Mohegan Sun Casino (ME-104s) (ringfedder)",AUD,FLAC
"7-19-2013 / Uncasville, CT / Mohegan Sun Arena (ECM-719) (brian)",AUD,FLAC
"7-19-2013 / Uncasville, CT / Mohegun Sun (CSB) (unk)",AUD,FLAC
"7-23-2013 / Lenox, MA / Tanglewood Music Center (ECM-719) (brian)",AUD,FLAC
"8-1-2013 / Providence, RI / Lupo's Heartbreak Hotel (SP-CMC-2) (kingjeff)",AUD,FLAC
"8-10-2013 / Freeport, ME / LL Bean Discovery Park (KM201s) (dave mallick)",AUD,FLAC 24
"11-16-2013 / Lowell, MA / Lowell Memorial Auditorium (ECM-719) (brian)",AUD,FLAC
"11-16-2013 / Lowell, MA / Lowell Memorial Auditorium (KM201s) (dave mallick)",AUD,FLAC 24
"11-30-2013 / New York, NY / Beacon Theatre (KM201s) (dave mallick)",AUD,FLAC 24
"12-1-2013 / Brooklyn, NY / Brooklyn Bowl (Early show) (CSB) (jeffrey houser)",AUD,FLAC
"12-1-2013 / Brooklyn, NY / Brooklyn Bowl (Early show) (KM201s) (dave mallick)",AUD,FLAC 24
"12-1-2013 / Brooklyn, NY / Brooklyn Bowl (Evening show) (CSB) (unk)",AUD,FLAC
"12-1-2013 / Brooklyn, NY / Brooklyn Bowl (Evening show) (KM201s) (dave mallick)",AUD,FLAC 24
,,
[2014],,
"2-15-2014 / Ludlow, VT / Sitting Bull Lounge at Okemo Mountain Resort (SP-CMC-2) (kingjeff)",AUD,FLAC
"8-3-2014 / Nantucket, MA / Tom Nevers Field (AT2020) (g-man)",AUD,FLAC
"9-12-2014 / Manchester, NH / Palace Theatre (KM201s) (dave mallick)",AUD,FLAC 24
,,
[2015],,
1-12-2015 / Internet of Things Interview on Radio 92.9,FM,FLAC
1-12-2015 / Internet Radio BDC,WEB,FLAC
"1-15-2015 / Boston, MA / 90.9 Boston - Internet of Things",WEB,FLAC
"1-15-2015 / Boston, MA / Guster Day (KM201s)",AUD,FLAC 24
"1-20-2015 / Anaheim, CA / House of Blues (brian) [WEB]",WEB,FLAC
"2-11-2015 / St. Louis, MO / The Pageant Theatre (C4 MKII) (shane e. calhoon)",AUD,FLAC
2-25-2015 / Greene Space / WNYC's Soundcheck,WEB,FLAC
"4-8-2015 / Madison, WI / Orpheum (Zoom H2) (unk)",AUD,FLAC
"4-10-2015 / Chicago, IL / Elbo Room - Studio X",WEB,FLAC
4-18-2015 / WCBE.org Interwebs,WEB,FLAC
"5-2-2015 / Portland, ME / State Theatre (Early show) (KM201s) (dave mallick)",AUD,FLAC 24
"5-2-2015 / Portland, ME / State Theatre (Late show) (KM201s) (dave mallick)",AUD,FLAC 24
"7-18-2015 / Boston, MA / Boston Commons - The Box Earth Fest (Busman BSC-1) (cam keough)",AUD,FLAC
"7-18-2015 / Boston, MA / Boston Commons (KM201s) (dave mallick)",AUD,FLAC 24
"7-20-2015 / New York, NY / Central Park Summerstage (DPA 4061s) (jon pasternak) ",AUD,FLAC 24
"7-23-2015 / Stamford, CT / Columbus Park - Alive at Five Concert Series (ECM-719) (brian)",AUD,FLAC
"7-23-2015 / Stamford, CT / Columbus Park (Zoom Handy H4n) (jeffrey houser)",AUD,FLAC
"8-1-2015 / Falmouth, MA / Barnstable County Fair - The Real Cape Music Festival (BSC-1 + AKG 460) (cam keough)",MIX,FLAC
"8-8-2015 / Portland, ME / Maine State Pier (SP-CMC-2) (unk)",AUD,FLAC
"11-5-2015 / Providence, RI / Lupo's Heartbreak Hotel (KM201s) (dave mallick)",AUD,FLAC
"11-6-2015 / Northampton, MA / Calvin Theatre (ECM-719) (brian)",AUD,FLAC
"11-21-2015 / Montclair, NJ / Wellmont Theatre (KM201s) (dave mallick)",AUD,FLAC 24
"11-27-2015 / Port Chester, NY / Capitol Theatre (Neumann KMR 82i) (unk)",AUD,FLAC
"11-27-2015 / Port Chester, NY / Capitol Theatre (Mono)",SBD,FLAC
"11-27-2015 / Port Chester, NY / Capitol Theatre (Remaster)",SBD,FLAC
"11-28-2015 / Port Chester, NY / Capitol Theatre at Garcia's (3pm Show) (ECM-719) (brian) ",AUD,FLAC
"11-28-2015 / Port Chester, NY / Capitol Theatre (Night 2) (930pm Show) (ECM-719) (brian)",AUD,FLAC
"11-28-2015 / Port Chester, NY / Capitol Theatre (Mono)",SBD,FLAC
,,
[2016],,
"1-15-2016 / Boston, MA / House of Blues - Foundation Room (2pm show) (CAFS) (dave mallick)",AUD,FLAC
"1-15-2016 / Boston, MA / House of Blues (KM201s) (dave mallick)",AUD,FLAC
"1-15-2016 / Boston, MA / House of Blues - Night 1 (ECM-719) (brian)",AUD,FLAC
"1-15-2016 / Boston, MA / House of Blues (CA-14) (kevin nastasia) ",AUD,FLAC
"1-16-2016 / Boston, MA / House of Blues - Night 2 (ECM-719) (brian)",AUD,FLAC
"1-16-2016 / Boston, MA / House of Blues (KM201s) (dave mallick)",AUD,FLAC 24
"1-20-2016 / Washington, DC / 930 Club (MG-300) (unk)",AUD,FLAC 24
"2-9-2016 / Tempe, AZ / Marquee Theatre (AT853) (kenny smith)",AUD,FLAC 24
"6-11-2016 / Lowell, MA / Boarding House Park (ECM-719) (brian)",AUD,FLAC
"6-11-2016 / Lowell, MA / Boarding House Park - Soundcheck (SP-CMC-2) (kingjeff)",AUD,FLAC
"6-11-2016 / Lowell, MA / Boarding House Park (KM201s) (dave mallick)",AUD,FLAC 24
"6-16-2016 / Philadelphia, PA / The Fillmore (ECM-719) (brian)",AUD,FLAC
"6-16-2016 / Philadelphia, PA / The Fillmore (Webcast) (brian)",WEB,FLAC
"6-17-2016 / Dover, DE / The Woodlands of Dover International Speedway (unk)",SBD,FLAC
"7-7-2016 / Highland Park, IL / Ravinia Festival Pavilion (Zoom H1) (acady)",AUD,FLAC
"7-7-2016 / Highland Park, IL / The Ravinia Festival (DPA 4061s) (jon pasternak)",AUD,FLAC
"7-9-2016 / Pleasantville, NY / Pleasantville Music Festival at Parkway Field (CA-14) (larryrulz)",AUD,FLAC
"9-16-2016 / Concord, NH / Capitol Center for the Arts (CA-14) (kevin nastasia)",AUD,FLAC 24
"9-16-2016 / Concord, NH / Capitol Center for the Arts (ECM-719) (brian)",AUD,FLAC
"11-18-2016 / Portsmouth, NH / The Music Hall (KM201s) (dave mallick) ",AUD,FLAC 24
"11-19-2016 / Providence, RI / Columbus Theatre (ECM-719) (brian)",AUD,FLAC
"11-19-2016 / Providence, RI / Columbus Theatre (KM201s) (dave mallick)",AUD,FLAC 24
"11-25-2016 / New York, NY / Beacon Theatre (Gefell M210s) (jon pasternak)",AUD,FLAC
"11-25-2016 / New York, NY / Beacon Theatre (KM201s) (dave mallick)",AUD,FLAC 24
,,
[2017],,
"1-12-2017 / Boston, MA / 92.5 The River (Internet Stream)",WEB,FLAC
"1-12-2017 / Boston, MA / Paradise Rock Club (ECM-719) (brian)",AUD,FLAC
"1-12-2017 / Boston, MA / Paradise Rock Club (KM201s) (dave mallick)",AUD,FLAC 24
"1-12-2017 / Boston, MA / Paradise Rock Club (Zoom H1) (acady)",AUD,FLAC
"1-13-2017 / Boston, MA / Paradise Rock Club (Zoom H1) (acady)",AUD,FLAC
"1-13-2017 / Boston, MA / Paradise Rock Club (Late show) (KM201s) (dave mallick)",AUD,FLAC 24
"1-13-2017 / Boston, MA / Newsfeed Cafe - Boston Public Library (Early) (KM201s) (dave mallick) ",AUD,FLAC 24
"1-14-2017 / Boston, MA / Paradise Rock Club (Zoom H1) (acady)",AUD,FLAC
"1-14-2017 / Boston, MA / Paradise Rock Club (KM201s) (dave mallick)",AUD,FLAC 24
"1-15-2017 / Boston, MA / Paradise Rock Club (KM201s) (dave mallick)",AUD,FLAC 24
"1-15-2017 / Boston, MA / Paradise Rock Club (Zoom H1) (acady)",AUD,FLAC
"1-15-2017 / Somerville, MA / The Burren (KM201s) (dave mallick)",AUD,FLAC
"4-1-2017 / Sunapee, NH / Sunapee Lodge (KM201s)  (dave mallick)",AUD,FLAC 24
"6-29-2017 / Milwaukee, WI / Uline Warehouse Stage (Zoom H1) (acady)",AUD,FLAC
"7-1-2017 / Chicago, IL / Huntington Beach Pavilion at Northerly Island (Zoom H1) (acady)",AUD,FLAC
"7-8-2017 / Woodstock, NY / Levon Helm's Barn (ECM-719) (brian)",AUD,FLAC
"8-11-2017 / Portland, ME / Casco Bay - Bay Mist Cruise Boat (ECM-719) (brian)",AUD,FLAC
"8-11-2017 / Portland, ME / Casco Bay - Bay Mist Cruise Boat (KM201s) (dave mallick)",AUD,FLAC 24
"8-11-2017 / Portland, ME / Casco Bay - Bay Mist Cruise Boat (Zoom H1) (acady)",AUD,FLAC
"8-12-2017 / Portland, ME / Thompson's Point - On the Ocean (Early) (KM201s) (dave mallick)",AUD,FLAC 24
"8-12-2017 / Portland, ME / Thompson's Point - On the Ocean (KM201s) (dave mallick)",AUD,FLAC 24
"8-13-2017 / Portland, ME / Gazebo at Fort Allen Park (ECM-719) (brian) ",AUD,FLAC
"8-13-2017 / Portland, ME / Gazebo at Fort Allen Park (Zoom H1) (acady)",AUD,FLAC
,,
[2018],,
"1-11-2018 / Rochester, NY / Anthology (AT-4041) (daniel godwin)",AUD,FLAC 24
"1-12-2018 / New Haven, CT / College Street Music Hall (ECM-719) (brian)",AUD,FLAC
"1-13-2018 / Boston, MA / House of Blues (ECM-719) (brian)",AUD,FLAC
"1-13-2018 / Boston, MA / House of Blues (KM201s) (dave mallick)",AUD,FLAC 24
"1-13-2018 / Boston, MA / House of Blues (Tascam DR-07) (kevin nastasia)",AUD,FLAC
"5-26-2018 / Chillicothe, IL / Three Sisters Park (YouTube) (unk)",PRO,FLAC
"7-21-2018 / Shelburne, VT / Shelburne Museum (ECM-719) (brian) ",AUD,FLAC
"7-21-2018 / Shelburne, VT / Shelburne Museum (KM201s) (dave mallick)",AUD,FLAC 24
"7-21-2018 / Shelburne, VT / Shelburne Museum (CA-14s) (kevin nastasia)",AUD,FLAC
"8-3-2018 / Portland, ME / State Theatre (KM201s) (dave mallick)",AUD,FLAC 24
"8-3-2018 / Portland, ME / State Theatre (Zoom H1) (acady)",AUD,FLAC
"8-4-2018 / Portland, ME / Thompson's Point (KM201s) (dave mallick)",AUD,FLAC 24
"8-5-2018 / Portand, ME / Outside Hadlock Field (Zoom H1) (acady)",AUD,FLAC
"8-5-2018 / Portland, ME / Hadlock Field (KM201s) (dave mallick)",AUD,FLAC 24
"11-10-2018 / Louisville, KY / Headliners Music Hall (Zoom H1) (acady)",AUD,FLAC
"11-11-2018 / St. Louis, MO / Delmar Hall (SP-C4 MKII) (shane e. calhoon)",AUD,FLAC
"11-13-2018 / Madison, WI / Live from Studio M - Triple MMM 105.5 (Webstream) (brian)",FM,FLAC
"11-13-2018 / Madison, WI / The Sylvee (Zoom H1) (acady)",AUD,FLAC
,,
[2019],,
"1-14-2019 / Boston, MA / Fraser Performance Studio - WGBH Boston Public Radio (Webstream) (brian)",WEB,FLAC
"1-14-2019 / Boston, MA / WERS-FM (Webcast) (dave mallick)",WEB,FLAC
"1-15-2019 / New York, NY / WNYC New Sounds 1PM (Webstream) (brian)",WEB,FLAC
"1-16-2019 / Albany, NY / Overit Studios - WEQX Radio (Webstream) (brian)",WEB,FLAC
"1-18-2019 / New York, NY / The Strand (Tascam DR-07) (dave mallick)",AUD,FLAC
"1-19-2019 / Boston, MA / House of Blues (ECM-719) (brian)",AUD,FLAC
"1-19-2019 / Boston, MA / House of Blues (KM201s) (dave mallick) ",AUD,FLAC 24
"1-23-2019 / Rochester, NY / Anthology (AT4041) (dgodwin)",AUD,FLAC 24
"1-28-2019 / Hollywood, CA / Amoeba Records (Zoom Q2) (bob moran) ",AUD,FLAC
"1-29-2019 / Santa Monica, CA / KCRW Morning Becomes Eclectic (Webstream) (brian)",WEB,FLAC
"1-30-2019 / Santa Monica, CA / KCRW - Morning Becomes Eclectic",FM,FLAC
"2-2-2019 / Santa Ana, CA / The Observatory (Zoom Q2) (magicelf1980)",AUD,FLAC
"2-7-2019 / Denver, CO / Ogden Theatre (CA-14) (filefly)",AUD,FLAC 24
"2-7-2019 / Denver, CO / The Ogden Theatre (AKG P170) (the space fish)",AUD,FLAC
"2-9-2019 / Minneapolis, MN / First Avenue (Zoom H1) (acady)",AUD,FLAC
"3-14-2019 / Providence, RI / The Strand Ballroom & Theatre (ECM-719) (brian)",AUD,FLAC
"3-14-2019 / Providence, RI / The Strand Ballroom & Theatre (KM201s) (dave mallick)",AUD,FLAC 24
"3-15-2019 / Portsmouth, NH / The Music Hall (KM201s) (dave mallick)",AUD,FLAC 24
"3-16-2019 / New York, NY / Beacon Theatre (KM201) (dave mallick)",AUD,FLAC 24
"3-22-2019 / New York, NY / WNYC 93.9 - All of It 130pm (Webstream) (brian)",WEB,FLAC
"3-23-2019 / Philadelphia, PA / The Fillmore (ECM-719) (brian)",AUD,FLAC
"3-23-2019 / Philadelphia, PA / The Fillmore (KM201s) (dave mallick)",AUD,FLAC 24
"3-23-2019 / Philadelphia, PA / The Fillmore (Gefell M210s) (jon pasternak)",AUD,FLAC
"3-23-2019 / Philadelphia, PA / The Fillmore (Gefell M300) (unk)",AUD,FLAC
"4-4-2019 / Nashville, TN / Lightning 100 (100.1 FM) 920am (Webstream) (brian)",FM,FLAC
"4-13-2019 / Chicago, IL / Riviera Theatre (Zoom H1) (acady)",AUD,FLAC
"4-13-2019 / Chicago, IL / WXRT - Live from Xtudio X - Martyr's (Webstream) (brian)",AUD,FLAC
"6-1-2019 / Vienna, VA / Wolf Trap - Live From Here",SBD,MP3
"6-30-2019 / Littleton, CO / Breckenridge Brewery (AKG P170s) (the space fish)",AUD,FLAC
"7-6-2019 / Frisco, CA / Copper Mountain Ski Resort (AKG P170s) (the space fish)",AUD,FLAC
"7-10-2019 / Phoenix, AZ / The Van Buren (AT853) (unk)",AUD,FLAC
"7-12-2019 / Los Angeles, CA / John Anson Ford Amphitheatre (Zoom Q2) (magicelf1980)",AUD,FLAC
"7-23-2019 / Milwaukee, WI / Pabst Theater (acady)",AUD,FLAC
"7-28-2019 / Camden, NJ / Wiggins Park - Xponential Music Festival (Webstream) (brian)",WEB,FLAC
"8-3-2019 / Accord, NY / Arrowod Farm Brewery (CA-14s) (unk)",AUD,FLAC
"8-7-2019 / Bethlehem, PA / Levitt Pavilion SteelStacks (KM201s) (dave mallick)",AUD,FLAC 24
"8-8-2019 / New York, NY / SummerStage (KM201s) (dave mallick)",AUD,FLAC 24
"8-9-2019 / Portland, ME / First Parish Church (CA-14s) (kevin nastasia)",AUD,FLAC 24
"8-9-2019 / Portland, ME / First Parish Church  (Zoom H1) (acady)",AUD,FLAC
"8-9-2019 / Portland, ME / First Parish Church (KM201s) (dave mallick) ",AUD,FLAC 24
"8-9-2019 / Portland, ME / First Parrish Church (ECM-719) (brian)",AUD,FLAC
"8-10-2019 / Portland, ME / Thompson's Point (KM201s) (dave mallick) ",AUD,FLAC 24
"8-10-2019 / Portland, ME / Thompson's Point (LG V20) (kevin nastasia)",AUD,FLAC
"8-10-2019 / Portland, ME / Thompson's Point (Zoom H1) (acady)",AUD,FLAC
"9-21-2019 / Portland, OR / Arlene Schnitzer Concert Hall (w/ the Oregon Symphony) (acady)",AUD,FLAC
"11-22-2019 / Burlington, VT / Higher Ground (KM201s) (dave mallick)",AUD,FLAC 24
"11-23-2019 / Burlington, VT / Contois Auditorium - City Hall (Rehearsal) (iPhone) (dave mallick)",AUD,FLAC
"11-23-2019 / Burlington, VT / First Unitarian Universalist Society of Burlington (CA-14s) (kevin nastasia)",AUD,FLAC
"11-23-2019 / Burlington, VT / First Unitarian Universalist Society of Burlington (Early) (KM201s) (dave mallick)",AUD,FLAC 24
"11-23-2019 / Burlington, VT / First Unitarian Universalist Society of Burlington (Late) (KM201s) (dave mallick) ",AUD,FLAC 24
"11-30-2019 / New York, NY / Terminal 5 (KM201s) (dave mallick)",AUD,FLAC 24
"11-30-2019 / New York, NY / Terminal 5 (Schoeps CCM41) (christopher jones)",AUD,FLAC
,,
[2020],,
"1-25-2020 / Stowe, VT / Spruce Peak Performing Arts Center (Secret Stash) (KM201s) (dave mallick)",AUD,FLAC 24
"3-5-2020 / Boulder, CO / The Boulder Theater (SP C4 MKII) (the space fish)",AUD,FLAC
"3-6-2020 / Omaha, NE / Scottish Rite Masonic Center Auditorium (KM201s) (dave mallick)",AUD,FLAC 24
"3-7-2020 / Iowa City, IA / Englert Theater (Zoom H1) (acady)",AUD,FLAC
"3-7-2020 / Iowa City, IA / Englert Auditorium (KM201s) (dave mallick)",AUD,FLAC 24
"3-10-2020 / Nashville, TN / Belcourt Theater (Edirol R-09)",AUD,FLAC
"3-11-2020 / St. Louis, MO / The Sheldon Concert Hall (SP-CMC-1) (shane e. calhoon)",AUD,FLAC
"5-8-2020 / Boston, MA / WXRV-FM (Webstream) (dave mallick)",WEB,FLAC
"5-10-2020 / Council Bluffs, IW / 89.7 The River KIWR (Webstream) (brian)",FM,FLAC
"8-15-2020 / Swanzey, NH / Drive-in Live - Cheshire Faigrounds (Early) (KM201s) (dave mallick)",AUD,FLAC
"8-15-2020 / Swanzey, NH - Drive-in Live - Cheshire Faigrounds (Late) (KM201s) (dave mallick)",AUD,FLAC
"8-15-2020 / Swanzey, NH - Drive-in Live - Cheshire Faigrounds (Late) (ECM-719) (brian)",AUD,FLAC
"8-15-2020 / Swanzey, NH / Cheshire Fair Grounds (CA-14) (kevin nastasia)",AUD,FLAC 24
"8-15-2020 / Swanzey, NH / Cheshire County Fairgrounds (Early)",FM,FLAC
"8-15-2020 / Swanzey, NH / Cheshire County Fairgrounds (kingjeff)",FM,FLAC
"8-15-2020 / Swanzey, NH / Cheshire County Fairgrounds (Late show)",FM,FLAC
"8-15-2020 / Swanzey, NH / Cheshire Fairground (Afternoon) (CSB) (unk)",AUD,FLAC
"10-21-2020 / Cape Neddick, ME / Atlantic Ballroom - Cliff House (Adam Gardner) (Tascam DR-100MKII) (reebs)",AUD,FLAC 24
,,
[2021],,
"3-11-2021 / Ogunquit, ME / Cliff House (Adam Gardner) (Tascam DR-100MKII) (dave mallick)",AUD,FLAC 24
"7-10-2021 / Shelburne, VT / Shelburne Museum (KM201s) (dave mallick) ",AUD,FLAC 24
"7-25-2021 / Morrison, CO / Red Rocks Amphitheatre (KM201s) (dave mallick) ",AUD,FLAC 24
,,
[2022],,
"5-22-2022 / Boston, MA / House of Blues (Elation KM201s) (dave mallick) ",AUD,FLAC 24
"6-12-2022 / Lafayette, NY / Beak & Skiff Orchards (AT4041) (dgodwin)",AUD,FLAC 24
"6-18-2022 / Winnetka, IL / Winnetka Music Festival (Zoom H1n) (acady)",AUD,FLAC
"6-24-2022 / Greenfield, MA / Greenfiled Savings Bank Stage (ECM-719) (brian h)",AUD,FLAC  
"7-6-2022 / Nashville, TN / Schermerhorn Symphony Center (Tascam DR-05) (dr. ohfive)",AUD,FLAC 24
"7-9-2022 / Milwaukee, WI / Johnson Controls World Sound Stage (Zoom H1n) (acady)",AUD (48k),FLAC
"7-30-2022 / Park City, UT / Deer Valley Resort (unk) (cameron frye)",AUD,FLAC 24
"8-10-2022 / Montclair, NJ / Wellmont Theater (AKG C414 XLII) (zachary semcken) ",AUD,FLAC 24
"8-12-2022 / Portland, ME / State Theatre (KM201s) (dave mallick)",AUD,FLAC 24
"11-3-2022 / Solana Beach, CA / Belly Up (Elation KM201s) (dave mallick)",AUD,FLAC 24
"11-4-2022 / Los Angeles, CA / Palace Theatre (Elation KM201s) (dave mallick)",AUD,FLAC 24
"11-4-2022 / Los Angeles, CA / Palace Theatre (Zoom H1) (dave mallick)",AUD,FLAC 24
"11-15-2022 / St. Louis, MO / The Pageant Theatre (SKM 184s) (shane e. calhoon)",AUD,FLAC
"11-16-2022 / Louisville, KY / WFPK-FM (91.9 WFPK) (YouTube Rip",FM,FLAC
"11-21-2022 / Washington, D.C. / Lincoln Theatre (Elation KM201s) (dave mallick) ",AUD,FLAC 24
"11-21-2022 / Washington, D.C. / Lincoln Theatre )Gefell MG200s) (bill lakenan)",AUD,FLAC 24
"11-25-2022 / New York, NY / Carnegie Hall - Stern Auditorium (H1) (cameron frye)",AUD,FLAC 24
,,
[2023],,
"3-23-2023 / Orlando, FL / The Plaza Live (MC012) (scuba)",AUD,FLAC 24
"3-31-2023 / Huntington, NY / The Paramount (unk)",AUD,MP3
"4-7-2023 / Philadelphia, PA / The Fillmore (Geffell MG200) (bill lakenan)",AUD,FLAC 24
"4-8-2023 / Port Chester, NY / Capitol Theatre (BSC-1+AKG460) (cam keough) ",MIX,FLAC 24
"4-8-2023 / Port Chester, NY / Capitol Theatre (Vanguard V1+AT 3031+AKG c414) (eric lugassy)",MIX,FLAC 24
"5-13-2023 / Albany, NY / Washington Park (sE Electronics) (steve gravel)",AUD,FLAC
"5-13-2023 / Albany, NY / Washington Park Tulip Festival (CA-14s) (jp)",AUD,FLAC
"5-21-2023 / Columbia, MD / Merriweather Post Pavilion (Geffell MG200) (bill lakenan)",AUD,FLAC 24
"6-6-2023 / Boston, MA / Symphony Hall (unk) (cameron frye) ",AUD,FLAC 24
"6-7-2023 / Boston, MA / Symphony Hall (unk) (cameron frye) ",AUD,FLAC 24
"7-27-2023 / Ventura, CA / Ventura Music Hall (Elation KM201s) (dave mallick)",AUD,FLAC 24
"7-28-2023 / Pioneertown, CA / Pappy & Harriet's Pioneertown Palace (Elation KM201s) (dave mallick) ",AUD,FLAC 24
"7-29-2023 / San Diego, CA / Rady Shell at Jacob's Park (Elation KM201s) (dave mallick)",AUD,FLAC 24
"7-29-2023 / San Diego, CA / Rady Shell at Jacob's Park (Set 1) (Zoom Q2 HD) (magicelf1980) ",AUD,FLAC 24
"7-29-2023 / San Diego, CA / Rady Shell at Jacob's Park (Set 2) (Zoom Q2 HD) (magicelf1980)",AUD,FLAC 24
"8-1-2023 / Bellvue, CO / The Mishawaka Ampitheatre (SP C4 MKII) (the space fish)",AUD,FLAC
"8-2-2023 / Bellvue, CO / Mishawaka Amphitheatre (StudioProjects C4 MKII) (the space fish) ",AUD,FLAC
"8-8-2023 / Canandaigua, NY / Lincoln Hill Farms (AT4041) (dgodwin)",AUD,FLAC 24
"8-8-2023 / Canandaigua, NY / Lincoln Hill Farms (Sennheiser AMBEO) (greg valiquette)",AUD,FLAC 24
"8-11-2023 / Portland, ME / State Theatre (Elation KM201s) (dave mallick)",AUD,FLAC 24
"8-12-2023 / Portland, ME / Thompson's Point (AKG C414 XLII) (zachary semcken)",AUD,FLAC 24
"8-12-2023 / Portland, ME / Thompson's Point (Elation KM201s) (dave mallick)",AUD,FLAC 24
"8-12-2023 / Portland, ME / Thompson's Point (Zoom H1n) (acady)",AUD,FLAC 24
"8-13-2023 / Portland, ME / Thompson's Point - On the Ocean (AKG C414 XLII) (zachary semcken) ",AUD,FLAC 24
"8-13-2023 / Portland, ME / Thompson's Point (Elation KM201s) (dave mallick)",AUD,FLAC 24
"8-13-2023 / Portland, ME / Thompson's Point (Zoom H1n) (acady) ",AUD,FLAC 24
"9-15-2023 / Grand Rapids, MI / Frederik Meijer Gardens Amphitheater (Zoom H1n) (acady)",AUD,FLAC 24
"9-16-2023 / Chicago, IL / The Salt Shed Fairgrounds (Zoom H1n) (acady)",AUD,FLAC 24
"11-24-2023 / Ridgefield, CT / Ridgefield Playhouse (Elation KM201's) (dave mallick) ",AUD,FLAC 24
"11-25-2023 / New York, NY / Beacon Theatre (Elation KM201 (dave mallick) ",AUD,FLAC 24
"11-25-2023 / New York, NY / Beacon Theatre (Zoom H4n Pro) (dennis heyman)",AUD,FLAC 24
"12-1-2023 / Puerto Morelos, MEX / Dreams Sapphire Resort (Zoom H4n Pro) (roundlakeden)",AUD,FLAC 24
"12-4-2023 / Puerto Morelos, MEX / Dreams Sapphire Resort (Zoom H4n Pro) (foundlakedan) ",AUD,FLAC
,,
[2024],,
"2-10-2024 / Stowe, VT / Apres Only (CA-14) (kevin nastasia) ",AUD,FLAC 24
"2-10-2024 / Stowe, VT / Field Guide Lodge (Zoom H4n Pro) (roundlakedan)",AUD,FLAC
"3-10-2024 / Oklahoma City, OK / Jones Assembly (unk) (j.m. branum)",AMT,MP4
"3-15-2024 / St. Louis, MO / The Pageant Theatre (Neumann SKM 184s) (shane e. calhoon) ",AUD,FLAC
"3-17-2024 / Orlando, FL / The Plaza Live (MC012) (scuba)",AUD,FLAC 24
"3-22-2024 / Colombus, OH / KEMBA LIVE! (Zoom H1n) (acady) ",AUD,FLAC 24
"3-23-2024 / Baltimore, MD / Rams Head Live (Zoom H4n) (dennis heyman)",AUD,FLAC 24
"3-25-2024 / West Hurley, NY / WDST - Radio Woodstock Steeple Session (CA14s) (jp)",AUD,FLAC 24
"3-26-2024 / Red Bank, NJ / Count Basie Center for the Arts (Elation KM201s) (dave mallick)",AUD,FLAC 24
"3-27-2024 / Harrisburg, PA / XL Live (Gefell SMS2000) (bill lakenan)",AUD,FLAC 24
"3-29-2024 / Brooklyn, NY / Brooklyn Paramount (Gefell MG210s) (dave mallick)",AUD,FLAC 24
"3-29-2024 / Brooklyn, NY / Brooklyn Paramount (Neumann KMR82i's) (jon pasternak)",AUD,FLAC 24
"3-30-2024 / Boston, MA / MGM Music Hall at Fenway (Zoom H4n Pro) (dennis heyman) ",AUD,FLAC 24
"3-30-2024 / Boston, MA / Some Venue Near Fenway Park (Zoom H1n) (dave mallick)",AUD,FLAC 24
"5-15-2024 / Dobbs Ferry, NY / Mercy University Studio A (107.1 The Peak) (YouTube Rip) ",FM,FLAC
"5-17-2024 / Philadelphia, PA / WXPN 88.5 World Cafe Live (Zoom H4n Pro) (dennis heyman)",AUD,FLAC 24
"6-14-2024 / Woodstock, NY / Bearsville Theater (Zoom H4n Pro) (dennis heyman)",AUD,FLAC 24
"6-15-2024 / Woodstock, NY / Bearsville Theater (Zoom H4n Pro) (dennis heyman)",AUD,FLAC 24
"7-18-2024 / Los Angeles, CA / Dynasty Typewriter",WEB,FLAC
"7-18-2024 / Los Angeles, CA / CSU Northridge - KCSN-FM Studios (YouTube Rip)",WEB,FLAC
"7-20-2024 / Los Angeles, CA / John Anson Ford Amphitheatre (unk) (cameron frye) ",AUD,FLAC 24
"7-28-2024 / Skokie, IL / Out of Space Skokie (Zoom H1n) (acady)",AUD,FLAC
"8-1-2024 / Morrison, CO / Red Rocks Amphitheatre (Elation KM201s) (dave mallick) ",AUD,FLAC 24
"8-9-2024 / Portland, ME / State Theatre (AKG C414XLS) (dave mallick)",AUD,FLAC 24
"8-10-2024 / Portland, ME / Thompson's Point (AKG C414XLS) (dave mallick)",AUD,FLAC 24
"8-11-2024 / Portland, ME / Thompson's Point (AKG C414 XLS) (dave mallick)",AUD,FLAC 24
"9-21-2024 / Beverly, MA / The Cabot (CA-14s) (kevin nastasia)",AUD,FLAC
"9-27-2024 / Nashville, TN / Ryman Auditorium (Neewer CM5s) (eddie rolls)",AUD,FLAC 24
"9-27-2024 / Nashville, TN / Ryman Auditorium (Zoom H1) (josh prins) ",AUD,FLAC 24
"9-27-2024 / Nashville, TN / Ryman Auditorium (Zoom H1) (viv mallick)",AUD,FLAC 24
"9-29-2024 / Ocean City, MD / Ocean City Beach - Sea Bright Stage (LG V60) (hemisphire)",AUD,FLAC
"10-4-2024 / New York, NY / Harvey Theater at BAM Strong (iPhone) (spicy v)",AUD,FLAC
"10-23-2024 / Minneapolis, MN / Green Room (YouTube) ",SBD,FLAC
,,
[2025],,
"1-24-2025 / Philadelphia, PA / The Fillmore (AT Pro 37 mics) (dennis heyman)",AUD,FLAC 24
"1-29-2025 / Detroit, MI / Majestic Theatre (Tascam DR-05) (tyler smith)",AUD,FLAC
"1-31-2025 / Chicago, IL / Riviera Theatre (Zoom H1n) (acady) ",AUD,FLAC
"2-12-2025 / Portland, OR / Revolution Hall (unk) (YouTube)",WEB,FLAC 24
"2-14-2025 / Oakland, CA / Fox Theatre (AKG C414) (dave mallick) ",AUD,FLAC 24
"2-15-2025 / Los Angeles, CA / Orpheum Theater (AKG C414 XLS) (dave mallick) ",AUD,FLAC 24
"2-15-2025 / Los Angeles, CA / Orpheum Theater (Zoom Q2HD) (magicelf1980) ",AUD,FLAC 24
"3-28-2025 / Washington, DC / Kennedy Center Concert Hall (unk) (cameron frye)",AUD,FLAC 24
"3-28-2025 / Washington, DC / Kennedy Center Concert Hall (Deity PR2) (pippi longstocking)",AUD,FLAC 24
"3-28-2025 / Washington, DC / Kennedy Center Concert Hall (LG V60) (hemisphire)",AUD,FLAC
"3-29-2025 / Washington, DC / Kennedy Center Concert Hall (unk) (cameron frye)",AUD,FLAC 24
"3-29-2025 / Washington, DC / Kennedy Center Concert Hall (Deity PR2) (zack morris)",AUD,FLAC 24
"3-29-2025 / Washington, DC / Kennedy Center Concert Hall (iPhone) (penelope garcia)",AUD,FLAC
"6-22-2025 / Los Angeles, CA / Greek Theatre (Zoom Q2) (unk) ",AUD,FLAC
"7-25-2025 / Chautauqua, NY / Chautauqua Institution (BeyerDynamic CK930) (dgodwin)",AUD,FLAC 24
"8-2-2025 / Hammondsport, NY / Point of the Bluff Vineyards (BeyerDynamic CK930) (dgodwin)",AUD,FLAC 24
"8-2-2025 / Hammondsport, NY / Point of the Bluff Vineyards (BeyerDynamic MC740) (dgodwin) ",AUD,FLAC 24
"8-4-2025 / New York, NY / The Rooftop at Pier 17 (unk) (YouTube rip) ",AUD,FLAC
"8-8-2025 / Portland, ME / State Theatre (AKG C414 XLS) (dave mallick)",AUD,FLAC 24
"8-8-2025 / Portland, ME / State Theatre (Zoom F3) (dennis heyman)",AUD,FLAC 24
"8-9-2025 / Portland, ME / Thompson's Point (AKG C414 XLS) (dave mallick)",AUD,FLAC 24
"8-10-2025 / Portland, ME / Thompson's Point (AKG C414 XLS) (dave mallick)",AUD,FLAC 24
"8-10-2025 / Portland, ME / Thompson's Point (Zoom F3) (dennis heyman)",AUD,FLAC 24
"8-10-2025 / Portland, ME / Thompson's Point (beyerdynamic CK930 + CV 900) (dgodwin + mgodwin)",AUD,FLAC 24
"8-30-2025 / Lana'i, HI / Lana'i Ocean Theater - Four Seasons Lana'i Resort (AKG C414 CLS) (dave mallick) ",AUD,FLAC 24
,,
,,
[MISC],,
Guster - The Pasty Tapes (1999),,FLAC
Guster - The Meowstro Sings- Guster's Keep It Together (2003),,FLAC
Guster - MTV2 Album Covers (2004),,FLAC
Guster - 3 Live Sets (Limited Edition) (2014),,FLAC
Guster - Live With The Redacted Symphony (2013),,FLAC