Incubus,Versions,File Type,
Drive - G,,,
,,,
,,,
[1995],,,
"4-1-1995 / West Hollywood, CA / Troubadour (Sonic Studios DSM-6S) (jr)",AUD,FLAC,
,,,
[1998],,,
"1-15-1998 / Paris, France / Le Bataclan",SBD,FLAC,
"5-5-1998 / Ris-Orangis, France / Le Plan",SBD,FLAC,
"5-30-1998 / Eindhoven, The Netherlands / Dynamo Open Air",FM,FLAC,
"12-6-1998 / Pocatello, ID / Roche Motel (Sharp MD-702)",AUD,SHN,
"12-13-1998 / San Jose, CA / Cactus Club",SBD,FLAC,
,,,
[1999],,,
"3-26-1999 / San Francisco, CA / Slims",AUD,FLAC,
"11-14-1999a / Washington, D.C. / 9:30 Club (Interview) (shynomi)",WEB,FLAC,*Tape Transfer
"11-16-1999 / Pittsburgh, PA / Metropol - MD(M) ",AUD,FLAC,
"12-3-1999 / Las Vegas, NV / The Joint",AUD,FLAC,
,,,
[2000],,,
"1-22-2000 / San Francisco, CA / The Warfield (Schoeps MK4)",AUD,SHN,
"2-2-2000 / Minneapolis, MN / The Quest - Sno Core Tour - VHS(2)",AUD,DVD,
"2-15-2000 / Providence, RI / Lupo's Heartbreak Hotel - VHS(x)",AUD,DVD,
"3-29-2000 / Las Vegas, NV / House of Blues - DAT(M) (ECM12) (luke freteluco)",AUD,FLAC,
"4-2-2000 / New York, NY / MTV 120 Minutes",SBD,SHN,
"4-29-2000 / Ris-Orangis, France / L'Elysee-Montmartre (ECM-MS907)",AUD,FLAC,
"5-5-2000 / Strasbourg, France / La Laiterie (ECM-MS907)",AUD,FLAC,
"5-28-2000 / Berkeley, CA / Greek Theatre (Schoeps MK4)",AUD,SHN,
"6-3-2000 / Englewood, CO / Fiddler's Green Amphitheatre",SBD,FLAC,
"6-20-2000 / Rostraver, PA / Rostraver Ice Garden - MD(M) ",AUD,FLAC,
"7-2-2000 / West Palm Beach, FL / Mars Music Amphitheatre (Ozzfest) (CSC)",AUD,FLAC,
"8-8-2000 / Cincinnati, OH / Riverbend Music Centre (Ozzfest)",AUD,SHN,
10-21-2000 / Westwood One / In the Zone (#00-43) (ken m.),Silver CD,FLAC,
"10-23-2000 / Irvine, CA / Bren Events Center",AUD,SHN,
"11-8-2000 / New York, NY / Late Show with David Letterman - VHS(2)",TV,MKV,
"11-24-2000 / Philadelphia, PA / Indre Studios (Y100 Sonic Sessions)",FM,FLAC,
"12-16-2000 / Universal City, CA / Universal Amphitheatre - KROQ Almost Acoustic Christmas (WW1)",preFM,FLAC,
,,,
[2001],,,
"8-4-2001 / Pleasant Unity, PA / Westmoreland County Fairgrounds - MD(M)",AUD,FLAC,
"8-8-2001 / Auckland, NZ / St. James (CSB)",AUD,FLAC,
"9-29-2001 / Huntsville, AL / Big Spring Jam - VID(x)",AUD,DVD,
"10-6-2001 / New Orleans, LA / State Palace Theater (will hennegan)",AUD,FLAC,
"11-25-2001 / Mesa, AZ / Mesa Amphitheater (matt b.)",AUD,FLAC,
,,,
[2002],,,
"1-19-2002 / London, UK / Wembley Arena (duncan)",AUD,FLAC,
"1-25-2002 / Amsterdam, The Netherlands / Heineken Music Hall (jfaninord)",FM,FLAC,
"3-8-2002 / Sydney, Australia / Hordon Pavilion (SP Cardioid Mics)",AUD,SHN,
"3-23-2002 / Auckland, NZ / Western Springs Stadium (ECM-717)",AUD,SHN,
"4-18-2002 / Inglewood, CA / Great Western Forum - ANA(M) (unk)",AUD,FLAC,
"5-25-2002 / Milwaukee, WI / Marcus Amphitheatre",AUD,SHN,
"6-3-2002 / Rochester, NY / Blue Cross Arena (CSB)",AUD,FLAC,
"6-27-2002 / Jacksonville, FL / Veterans Memorial Coliseum (DPA 4061)",AUD,SHN,
"6-28-2002 / Orlando, FL / TD Waterhouse (dunebug81)",AUD,SHN,
"7-1-2002 / New Orleans, LA / UNO Lakefront Arena (will hennegan)",AUD,SHN,
"7-26-2002 / Paso Robles, CA / Mid-state Fair Grandstands (Sony ECM-MS908c)",AUD,SHN,
"8-18-2002 / Weeze, Germany / Bizarre Festival",Webcast,MP4,
"9-23-2002 / Baltimore, MD / Baltimore Arena (george wang)",AUD,SHN,
"10-20-2002 / West Palm Beach, FL / Mars Music Amphitheatre (pjdave)",AUD,SHN,
"10-23-2002 / Tallahassee, FL / Leon County Civic Center (pjdave)",AUD,SHN,
"11-1-2002 / Malibu, CA / The Morning View House (cusnuff)",FM,SHN,
,,,
[2003],,,
"7-8-2003 / Kansas City, MO / Verizon Wireless Amphitheatre - MD(M) (ken m.)",AUD,SHN,
"7-18-2003 / Clarkston, MI / DTE Energy Music Theatre (Lollapalooza) (junkhead)",AUD,SHN,
"7-19-2003 / Burgettstown, PA / Post-Gazette Pavilion (Lollapalooza) (remastered by toolmanwill)",AUD,SHN,
"7-27-2003 / Camden, NJ / Tweeter Center (Lollapalooza) (DPA 4022)",AUD,FLAC,
"8-1-2003 / Washington, D.C. / Nissan Pavilion (Lollapalooza) ",AUD,FLAC,
"8-3-2003 / Atlanta, GA / HiFi Buys Amphitheatre (Lollapalooza) (pjdave)",AUD,SHN,
"8-17-2003 / Chula Vista, CA / Coors Amphitheatre (Lollapalooza) (ed davis)",AUD,FLAC,
"8-19-2003 / Mountain View, CA / Shoreline Amphitheatre (Lollapalooza) (CSC) (michele)",AUD,FLAC,
"8-19-2003 / Mountain View, CA / Shoreline Amphitheatre (Lollapalooza) (KM140s) (wilson66 master)",AUD,SHN,
"10-25-2003 / Mountain View, CA / Shoreline Amphitheatre - Bridge School Benefit (Schoeps CCM4)",AUD,FLAC,
"10-26-2003 / Mountain View, CA / Shoreline Amphitheatre - Bridge School Benefit (Schoeps CCM4)",AUD,FLAC,
,,,
[2004],,,
"1-21-2004 / Milano, Italy / MTV Studios - Supersonic- PAL(M)",TV,DVD,
"3-12-2004 / Pasay City, Philippines / CCP Open Grounds (Ver. 3) (Sony ECM-DSP70) (the v.u.) ",AUD,FLAC,
"5-5-2004 / Florence, Italy / Palasport Firenze (ECM TS 125)",AUD,FLAC,
"5-14-2004 / Manchester, England / Manchester Evening News (WW1 #04-046)",FM,FLAC,
"5-31-2004 / Dublin, Ireland / The Point Depot (johnky)",AUD,FLAC,
"6-4-2004 / Lisbon, Portugal / Parque da Bela Vista (Rock in Rio Lisboa) (kreative)",FM,FLAC,
"6-4-2004 / Lisbon, Portugal / Parque da Bela Vista (Rock in Rio Lisboa) (kreative)",TV,FLAC,
"8-18-2004 / Inglewood, CA / The Forum ($gmoney$)",AUD,FLAC,
"9-18-2004 / New Orleans, LA / UNO Lakefront Arena - MD(M)",AUD,FLAC,
"9-29-2004 / Orlando, FL / TD Waterhouse Center (pjdave)",AUD,FLAC,
"10-3-2004 / Nashville, TN / Gaylord Entertainment Center (geordy)",AUD,FLAC,
"10-4-2004 / Charlotte, NC / Verizon Wireless Amphitheatre (george wang)",AUD,FLAC,
"10-4-2004 / Charlotte, NC / Verizon Wireless Amphitheatre (king reptile)",AUD,SHN,
"10-6-2004 / Raleigh, NC / Alltel Pavilion (donkeyflip)",AUD,SHN,
"10-29-2004 / Amherst, NY / UB Alumni Arena (toolmanwill)",MTX,FLAC,
"10-31-2004 / Montreal, PQ / Bell Centre (orestesluna)",AUD,APE,
"11-6-2004 / Rochester, NY / Blue Cross Arena (toolmanwill)",AUD,FLAC,
"11-16-2004 / Vermillion, SD / USD Dakota Dome (james dean)",AUD,FLAC,
11-19-2004 / Loveland CO / Budweiser Events Center - DAT(M) (Schoeps) (bill tatina),AUD,FLAC 24,
,,,
[2005],,,
"6-3-2005 / Nürburg, Germany / Rock Am Ring Festival ",SBD,MP3,
,,,
[2006],,,
"12-9,10-2006 / Universal City, CA / Gibson Amphitheatre - KROQ Almost Acoustic Christmas (mike j.)",FM,FLAC,
,,,
[2007],,,
"1-9-2007 / San Francisco, CA / The Warfield - AUD(M)",AUD,FLAC,
"1-23-2007 / Atlanta, GA / The Tabernacle (geordy)",AUD,FLAC,
"6-17-2007 / Interlaken, Switzerland / Greenfield Open Air (zingapoor)",TV,FLAC,
"6-22-2007 / Neuhausen ob Eck, Germany / Southside Festival (-sog-)",AUD,FLAC,
"7-25-2007 / Chicago, IL / Northerly Island - AUD(M)",AUD,FLAC,
"7-29-2007 / Cincinnati, OH / Riverbend Music Center (Philips HD6330/17)",AUD,FLAC,
"8-4-2007 / Baltimore, MD / Pimlico Race Course - WAV(M) (M20) (cps) ",AUD,FLAC,
"8-25-2007 / George, WA / The Gorge Amphitheatre (Sony DCR-HC46) (anonymous) ",AUD,DVD,
"9-8-2007 / Chula Vista, CA / Coors Amphitheater (AT943)",AUD,FLAC,
"9-27-2007 / Paris, France / Le Zenith (CAC) (yann master)",AUD,FLAC,
"10-1-2007 / London, UK / Brixton Academy (zenith023)",AUD,FLAC,
,,,
[2008],,,
"2-21-2008 / Auckland, NZ / Logan Campbell Centre (Sony ECM-717)",AUD,FLAC,
"6-6-2008 / Eifel, Germany / Rock am Ring - Nurburgring",TV,FLAC,
"6-7-2008 / Nurnberg, Germany / Rock im Park - Center Stage - Zeppelinfeld (dagobert)",AUD,FLAC,
"6-14-2008 / Donington Park, UK / Download Festival (Sony MZ-NH1)",AUD,FLAC,
,,,
[2009],,,
"8-15-2009 / Tampa, FL / Ford Amphitheatre (pjdavep)",AUD,FLAC,
,,,
[2011],,,
"6-14-2011 / London, England / HMV Forum",SBD,FLAC,Official Bootleg
"6-17-2011 / Berlin, Germany / Huxley's Neue Welt",SBD,FLAC,Official Bootleg
"6-18-2011 / Scheebel, DEU / Eichenring (Hurricane Festival)",SBD,FLAC,Official Bootleg
"6-19-2011 / Neuhausen ob Eck, DEU / Take-off Gewerbepark (Southside Festival)",SBD,FLAC,Official Bootleg
"7-15-2011 / Santa Barbera, CA / Santa Barbera Bowl",SBD,FLAC,Official Bootleg
"7-16-2011 / San Diege, CA / Cricket Wireless Amphitheatre",SBD,FLAC,Official Bootleg
"7-26-2011 / Jakarta, Indonesia / Istora Senayan",SBD,FLAC,Official Bootleg
"7-28-2011 / Manila, Philippines / Araneta Coliseum",SBD,M4A,Official Bootleg
"7-30-2011 / Yuzawa, Niigata Japan / Naeba Ski Resort (Fuji Rock Festival)",SBD,FLAC,Official Bootleg
"7-31-2011 / Icho'on, SKR - Jisan Valley Ski Resort",SBD,FLAC,Official Bootleg
"8-5-2011 / Honolulu, HI / Kaka'ako Waterfront Park",SBD,FLAC,Official Bootleg
"8-17-2011 / Morrison, CO / Red Rocks Amphitheatre",SBD,MP3,
"8-20-2011 / Maryland Heights, MO / Verizon Wireless Amphitheatre",SBD,FLAC,Official Bootleg
"9-3-2011 / Wantagh, NY / Nikon at Jones Beach Theatre",SBD,FLAC,Official Bootleg
"11-19-2011 / Cologne, Germany / Lanxess Arena (kris mountain)",AUD,FLAC,
,,,
[2012],,,
"8-14-2012 / Mansfield, MA / Comcast Center",SBD,FLAC,Official Bootleg
"8-17-2012 / Camden, NJ / Susquehanna Bank Center",SBD,FLAC,Official Bootleg
"8-19-2012 / Alpharetta, GA / Verizon Wireless Amphitheatre",SBD,FLAC,Official Bootleg
"8-21-2012 / Detroit, MI / The Palace of Auburn Hills",SBD,FLAC,Official Bootleg
"8-22-2012 / Cincinnati, OH / Riverbend Music Center",SBD,FLAC,Official Bootleg
"8-24-2012 / Chicago,  IL / First Midwest Bank Amphitheatre",SBD,FLAC,Official Bootleg
"8-28-2012 / Houston, TX / Cynthia Woods Mitchell Pavilion",SBD,FLAC,Official Bootleg
"9-1-2012 / Saratoga Springs, NY / Saratoga Performing Arts Center",SBD,FLAC,Official Bootleg
,,,
[2014],,,
"12-13-2014 / Los Angeles, CA / KROQ Almost Acoustic Christmas Festival ",FM,MP3,
,,,
[2015],,,
"7-22-2015 / Clarkston, MI / DTE Energy Music Theatre (ryanj)",AUD,FLAC,
"8-1-2015 / Gilford, NH / Bank of New Hampshire Pavilion at Meadowbrook (ericcagle)",AUD,FLAC,
"8-26-2015 / Mountain View, CA / Shoreline Amphitheatre (sea_of_cheese)",AUD,FLAC,
"9-4-2015 / Reno, CA / Reno Event Center (hoserama)",IEM,FLAC,
,,,
[2017],,,
"8-16-2017 / Mountain View, CA / Shoreline Amphitheatre (includes Jimmy Eat World) (DPA 4061s)",AUD,FLAC,
"9-23-2017 / Rio de Janeiro, Brazil / Barra Olympic Park - Rock in Rio (indykid)",Webcast,TS,
,,,
[2018],,,
"5-6-2018 / Concord, NC / Carolina Rebellion (nsl)",AUD,FLAC,
"5-25-2018 / Napa, CA / BottleRock Napa Valley Festival ",SBD,MP3,
"7-7-2018 / Anchorage, AK / Moose's Tooth Pub (Outdoor Stage) (steve hagar)",AUD,FLAC,
"7-8-2018 / Anchorage, AK / Moose's Tooth Pub (Outdoor Stage) (steve hagar)",AUD,FLAC,
"8-21-2018 / Hamburg, Germany / Mehr! Theatre Am Groflmarkt (kris mountain)",AUD,FLAC,
"9-14-2018 / Del Mar, CA / Del Mar Fairgrounds / Kaaboo Festival",SBD,FLAC,
,,,
[2019],,,
"5-2-2019 / Atlanta, GA / The Masquerade (sevoflurane)",AUD,FLAC,
"8-6-2019 / Buffalo, NY / Canalside (PR-10) (binko)",AUD,FLAC 24,
"9-28-2019 / Dana Point, CA / Doheny State Beach (AT831) (tapeworm48)",AUD,FLAC 24,
"10-11-2019 / Mashantucket, CT / Grand Theater at Foxwoods (ringfedder)",AUD,FLAC,
"11-9-2019 / Akron, OH / Akron Civic Theatre (live2cd)",AUD,FLAC,
,,,
[2021],,,
"10-3-2021 / Huber Heights, OH / Rose Music Center (CA-14s) (charles dewey cole)",AUD,FLAC,
,,,
[2022],,,
"3-18-2022 / North Charleston, SC / N. Charleston Performing Arts Center (IEM + Schoeps MK4s) (anonymous & ryanj)",MIX,FLAC,
"8-27-2022 / Irvine, CA / FivePoint Amphitheatre (DPA 4081) (faninor)",AUD,FLAC 24,
"9-29-2022 / London , UK / Royal Albert Hall (Rode SmartLav) (jeakoguc)",AUD,FLAC,
,,,
[2023],,,
"5-27-2023 / Maryland Heights, MO / Hollywood Casino Amphitheatre (Sony PCM-A10) (cap'n crash) ",AUD,FLAC 24,
"6-3-2023 / Nürburg, Germany / Rock Am Ring Festival",SBD,MP3,
"8-1-2023 / Cincinnati, OH / Andrew J Brady Music Center (SP-CMC-8) (live2cd)",AUD,FLAC,
"8-2-2023 / Grand Rapids, MI / Van Andel Arena (Schoeps MK4s) (ryanj)",AUD,FLAC,
"10-6-2023 / Los Angeles, CA / Hollywood Bowl (DPA 4081) (faninor)",AUD,FLAC 24,
,,,
[2024],,,
"5-4-2024 / Redondo Beach, CA / BeachLife Festival (mrtast)",Webcast,MP4,
"9-12-2024 / San Francisco, CA / Chase Center (Schoeps MK4s) (tj)",AUD,FLAC 24,
"9-12-2024 / San Francisco, CA / Chase Center (Schoeps MK4s + IEMs) (hoserama)",MIX,FLAC,
"9-15-2024 / Rio de Janeiro, Brazil / Rock in Rio (1080) (thelooner77)",TV,MP4,
,,,
[2025],,,
"2-27-2025 / Valparaiso, Chile / Anfiteatro Quinta Vergara (Radio Carolina FM 99.3) (javieracdc)",FM,FLAC,
"7-19-2025 / Chula Vista, CA / North Island Credit Union (DPA 4081) (faninor) ",AUD,FLAC 24,
,,,
[MISC],,,
Incubus - The Morning View Sessions (2001),Official,MKV,
Incubus - Live At Lollapalooza (2003),Official,FLAC,
"Incubus - Live in Japan 2004 - Tokyo, Japan - Nippon Budokan (March 2004)",Official,FLAC,
"Incubus - Live in Malaysia 2004 - Kuala Lumpur, Malaysia - Bukit Kiara Equestarian Park (March 2004)",Official,FLAC,
"Incubus - Live In Sweden 2004  - Stockholm, Sweden - Annexet (April 2004)",Official,FLAC,
Incubus — iTunes Live from SoHo (2011),,FLAC,
Incubus - Official Guitar Tablature Booklets,Official,PDF,
Incubus - Alive at Red Rocks (2004),Official,MKV,
Incubus - Look Alive - Live from Chicago & Europe (2007),Official,MKV,
,,,
[OFFICIAL RELEASES],,,
Incubus - Fungus Amongus {EK 61497} (1995),,FLAC,
Incubus - Enjoy Incubus {EK 67900} (1997),,FLAC,
Incubus - S.C.I.E.N.C.E. {EK 67972} (1997),,FLAC,
Incubus - A Certain Shade Of Green {667835 2} (1999),,FLAC,
Incubus - Make Yourself (Limited Edition) {EPC 495040 9} (1999),,FLAC,
Incubus - Pardon Me {669346 2} CDS (2000),,FLAC,
Incubus - Stellar (Promo) {ESK 15045} (2000),,FLAC,
Incubus - When Incubus Attacks Vol. I {EK 61395} (2000),,FLAC,
Incubus - Wish You Were Here {672255 2} CDS (2001),,FLAC,
"Incubus - Wish You Were Here (Live EP, Limited) {672255 5} (2001)",,FLAC,
Incubus - Morning View (Best Buy Deluxe Edition) {EK 86259} (2001),,FLAC,
Incubus - Are You In (CD1) {672848 2} CDS (2002),,FLAC,
Incubus - Are You In (CD2) {672848 5} CDS (2001),,FLAC,
Incubus - Morning View {504061 9} (2001),,FLAC,
Incubus - Drive {671040 2} (CDS) (2001),,FLAC,
Incubus - Nice To Know You {672290 2} (CDS) (2002),,FLAC,
"Incubus - A Crow Left of the Murder... {EPC 515047 3} (CD,DVD) (2004)",,FLAC,
Incubus - Megalomaniac {674584 2} (CDS) (2004),,FLAC,
Incubus - Megalomaniac {674646 5} (CDS) (2004),,FLAC,
Incubus - Talk Shows On Mute {674857 2} (CDS) (2004),,FLAC,
Incubus - Alive At Red Rocks {Japan EIBP 47-8} (2004),,FLAC,
Incubus - Anna-Molly {88697041232} (CDS) (2006),,FLAC,
Incubus - Light Grenades {82876 83852 2} (2006),,FLAC,
"Incubus - Look Alive (CD, DVD, Live Album) {88697203289} (2007)",,FLAC,
Incubus - Monuments and Melodies {88697453172} (2CD) (2009),,FLAC,
"Incubus - If Not Now, When (Japan Edition) (2011)",,FLAC,
Incubus - Trust Fall (Side A) {UICL-1130} (2015),,FLAC,
Incubus - 8 {B0026461-02} (2017),,FLAC,
,,,
[HD],,,
Incubus - Incubus HQ Live (Deluxe Edition) (2012) (24bit),,FLAC HD,
Incubus - 8 (2017)  (24bit) ,,FLAC HD,
Incubus - Our Love (Single) (2020) (24bit),,FLAC HD,
Incubus - Trust Fall (Side B) (2020) (24bit),,FLAC HD,
,,,
,,,
[OFFICIAL BOOTLEGS],,,
"6-14-2011 / London, England / HMV Forum",SBD,FLAC,incubuslivebootlegs.com
"6-17-2011 / Berlin, Germany / Huxley's Neue Welt",SBD,FLAC,incubuslivebootlegs.com
"6-18-2011 / Scheebel, DEU / Eichenring (Hurricane Festival)",SBD,FLAC,incubuslivebootlegs.com
"6-19-2011 / Neuhausen ob Eck, DEU / Take-off Gewerbepark (Southside Festival)",SBD,FLAC,incubuslivebootlegs.com
"7-15-2011 / Santa Barbera, CA / Santa Barbera Bowl",SBD,FLAC,incubuslivebootlegs.com
"7-26-2011 / Jakarta, Indonesia / Istora Senayan",SBD,FLAC,incubuslivebootlegs.com
"7-28-2011 / Manila, Philippines / Araneta Coliseum",SBD,M4A,incubuslivebootlegs.com
"7-30-2011 / Yuzawa, Niigata Japan / Naeba Ski Resort (Fuji Rock Festival)",SBD,FLAC,incubuslivebootlegs.com
"7-31-2011 / Icho'on, SKR - Jisan Valley Ski Resort",SBD,FLAC,incubuslivebootlegs.com
"8-5-2011 / Honolulu, HI / Kaka'ako Waterfront Park",SBD,FLAC,incubuslivebootlegs.com
"8-20-2011 / Maryland Heights, MO / Verizon Wireless Amphitheatre",SBD,FLAC,incubuslivebootlegs.com
"9-3-2011 / Wantagh, NY / Nikon at Jones Beach Theatre",SBD,FLAC,incubuslivebootlegs.com
"8-14-2012 / Mansfield, MA / Comcast Center",SBD,FLAC,incubuslivebootlegs.com
"8-17-2012 / Camden, NJ / Susquehanna Bank Center",SBD,FLAC,incubuslivebootlegs.com
"8-19-2012 / Alpharetta, GA / Verizon Wireless Amphitheatre",SBD,FLAC,incubuslivebootlegs.com
"8-21-2012 / Detroit, MI / The Palace of Auburn Hills",SBD,FLAC,incubuslivebootlegs.com
"8-22-2012 / Cincinnati, OH / Riverbend Music Center",SBD,FLAC,incubuslivebootlegs.com
"8-24-2012 / Chicago,  IL / First Midwest Bank Amphitheatre",SBD,FLAC,incubuslivebootlegs.com
"8-28-2012 / Houston, TX / Cynthia Woods Mitchell Pavilion",SBD,FLAC,incubuslivebootlegs.com
"9-1-2012 / Saratoga Springs, NY / Saratoga Performing Arts Center",SBD,FLAC,incubuslivebootlegs.com