Jimi Hendrix,Versions,File Type,
Drive - A,,,
,,,
,,,
[1965],,,
"12-26-1965 / Hackensack, NJ / Georges Club 20 (Curtis Knight w/ JH) (vinyl transfer)",SBD,FLAC,
,,,
[1966],,,
"2-24-1966 / New York, NY / Cheetah Club *Curtis Knight Live Material 1965-66",SBD,FLAC,
"10-18-1966 / Paris, France / l'Olympia ""Musicorama"" (French Radio)",SBD,FLAC,
"12-29-1966 / London, England / Area C, Lime Grove / BBC TV (Top of the Pops) (Source 1)",TV,APE,
"12-29-1966 / London, England / Area C, Lime Grove / BBC TV (Top of the Pops) (Source 2)",TV,FLAC,
"12-29-1966 / London, England / Area C, Lime Grove / BBC TV (Top of the Pops) (Source 3) (pitch corrected)",TV,FLAC,
,,,
[1967],,,
"XX-XX-1967 / New York, NY / The Village Theatre ",AUD,FLAC,
"1-30-1967 / London, UK / BBC Broadcasting House - Great Portland Place *Pop North (johnny kidd)",FM,FLAC,
"1-31-1967 / London, UK / Saville Theatre",,FLAC,
"2-4-1967 / London, UK / The Flamingo Club (Unknown lineage)",AUD,FLAC,
"2-4-1967 / London, UK / The Flamingo Club (FTO 017) (2 source mix - low gen composite)",MTX,FLAC,
"2-4-1967 / London, UK / The Flamingo Club",AUD,FLAC,
"2-13-1967 / London, UK / Saturday Club Broadcasting House (BBC DAT Masters)",FM,FLAC,
"2-25-1967 / Chelmsford, England / Corn Exchange",SBD,FLAC,
"3-2-1967 / London, UK / Beat Club",TV,MPG,
"3-16-1967 / London, UK / Speakeasy (Hendrix & Clapton)",,FLAC,
3-17-1967 / Apt Jam with Taj Mahal (transferred by super_unknown),Demo,FLAC,
"3-18-1967 / Hamburg, Germany / Studio 1 - NDR Funkhaus (FM Broadcast Master-DAT)",FM,FLAC,
"3-18-1967 / Hamburg, Germany / NDR Funkhaus  (preFM Master Reel upgrade)",preFM,FLAC,
"3-18-1967 / Hamburg, Germany / Studio 1 - NDR Funkhaus (twin club series)",FM,FLAC,
"3-28-1967 / London, UK / Saturday Club Broadcasting House (from BBC DAT Masters)",FM,FLAC,
"3-30-1967 / London, UK / BBC TV Lime Grove Studios - Area C (Top of the Pops)",TV,APE,
"4-1-1967 / Ipswich, UK / Gaumont Cinema (filmed for french TV,  ""Bouton Rouge"")",TV,DVD,
"4-10-1967 / London, UK / Playhouse Theatre - Monday, Monday BBC (jimiclones, goody) ",FM,FLAC,
4-17-1967 / BBC TV Studio - Late Night Line Up,TV,APE,
"5-10-1967 / London, UK / BBC TV Lime Grove Studios - Area C (Top of the Pops)",TV,APE,
"5-11-1967 / Paris, France / Music Hall de France - TV Recording Tilt Magazine (Paris Drucker show)",TV,APE,
"5-18-1967 / Offenbach, Germany / Stadthalle *Beat Beat Beat (European Broadcast) (goody master)",TV,FLAC,
"5-18-1967 / Offenbach, Germany / Stadthalle *Beat Beat Beat (German TV Broadcast)",PRO,DVD,
5-21-1967 / Copenhagen / Falkoner Centret,,APE,
5-21-1967 / Copenhagen / Falkoner Centret - ANA(M?) (carsten grolin),AUD,FLAC,*Inside 1967-05-18 goody remaster folder
"5-24-1967 / Stockholm, Sweden / Grona Lund (Vibratory Merge)",AUD,FLAC,
"5-24-1967 / Stockholm, Sweden / Grona Lund (Master-Reel(2) - DAT) (krw_co)",AUD,FLAC,
"6-18-1967 / Monterey, CA / Monterey County Fairgrounds - Monterey Pop Festival",SBD,FLAC,
"6-18-1967 / Monterey, CA / Monterey County Fairgrounds - Monterey Pop Festival (Pre-concert)",SBD,FLAC,
"8-27-1967 / London, UK / Saville Theatre (chris dixon's anniversary series)",AUD,FLAC,
"9-4-1967 / Stockholm, Sweden / Tivoli Garden (Dans In)",AUD,FLAC,
"9-4-1967 / Stockholm, Sweden / Tivoli Garden (Stora Scenen)",AUD,FLAC,
"9-5-1967 / Stockholm, Sweden / Studio 4 Radiohuset",SBD,FLAC,
"9-7-1967 / Stockholm, Sweden / Club Filips (Hansson & Carsson)",AUD,FLAC,
9-10-1967 / Sweden (First show) *The Swedish Show Disc 3 - DAT(M),AUD,FLAC,
"9-11-1967 / Stockholm, Sweden / Grona Lund (FD Cleanup)",WEB,FLAC,Lossy
"9-11-1967 / Stockholm, Sweden / Grona Lund / Tivoli Gardens - DAT(M) - Reel (krw_co)",AUD,FLAC,
"10-9-1967 / Paris, France / ORTF",SBD,FLAC,
"11-10-1967 / Bussum, The Netherlands / Vitus Studio (VPRO Dutch Radio Broadcast)",FM,FLAC,
"11-10-1967 / Bussum, The Netherlands / Vitus Studio (Hoepla - TV show)",FM,FLAC,
"11-25-1967 / Blackpool, England / Blackpool Opera House",AUD,FLAC,
,,,
[1968],,,
XX-XX-1968 / The Home Recordings (Hendrix's Apartment in NY),,FLAC,
XX-XX-1968 / Axis Sessions (Sotheby's Auction Tape),SBD,FLAC,
"1-7-1968 / Copenhagen, Denmark / Tivolis Koncertsal (Master-Cassette)",AUD,FLAC,
"1-8-1968 / Stockholm, Sweden / Stora Salen, Konserthuset (ATM 166) *Can't Believe Everything You See And Hear",AUD,FLAC,
"1-29-1968 / Paris, France / L'Olympia (2nd show)",SBD,FLAC,
"2-3-1968 / San Francisco, CA / Winterland Arena (1st show, 1st Source)",AUD,FLAC,
"2-3-1968 / San Francisco, CA / Winterland Arena (1st and 2nd show, 2nd Source)",AUD,FLAC,
"2-3-1968 / San Francisco, CA / Winterland Arena (1st and 2nd show, 3rd Source)",AUD,FLAC,
"2-3-1968 / San Francisco, CA / Winterland Arena (Composite of 3 sources) (early and late show)",AUD,FLAC,
"2-4-1968 / San Francisco, CA / The Fillmore Auditorium (2nd show)",SBD,FLAC,
"2-4-1968 / San Francisco, CA / The Fillmore Auditorium (2nd show) (oldnuemanntaper update)",SBD,FLAC,
"2-14-1968 / Denver, CO / Regis College - Fieldhouse (t - master)",AUD,FLAC,
"2-16-1968 / Dallas, TX / State Fair Music Hall *Way Down in Texas Land (Disc 1) (unk lineage)",AUD,FLAC,
"2-17-1968 / Fort Worth, TX / Will Rogers Auditorium *Way Down in Texas Land (Disc 2)",AUD,FLAC,
"2-18-1968 / Houston, TX / Music Hall *Can You Dig That? Collectors Disc",AUD,FLAC,
"2-25-1968 / Chicago, IL / Civic Opera House (funkydrummer cleanup)",AUD,FLAC,
"2-28-1968 / Milwaukee, WI / The Scene (ATM 004) ",AUD,FLAC,
"2-28-1968 / Milwaukee, WI / The Scene (Master 1st Transfer) (goody speed/pitch adjusted remaster)",AUD,FLAC,
"2-28-1968 / Milwaukee, WI / The Scene (Master 2nd Transfer) (goody speed/pitch adjusted remaster)",AUD,FLAC,
"3-2-1968 / New York, NY / Hunter College - 1st gen (Late show) (speed corrected)",AUD,FLAC,
"3-7-1968 / New York, NY / Scene Club - JH & Jim Morrison *Woke Up This Morning and Found Myself Dead (RLCD 0068)",Silver CD,FLAC,
"3-10-1968 / Washington, D.C. / Int'l Ballroom, Hinckley Hilton (Early show) (Master)",AUD,FLAC,
"3-15-1968 / Worcester, MA / Clarks University (FTO 001-002)",SBD,FLAC,
"3-17-1968 / New York, NY / Cafe Au Go Go *Blues at Midnight (MB CD 037)",Silver CD,FLAC,
"3-18-1968 / New York, NY / Warwick Hotel (Paul Caruso Rag Session) *Jimi's Hotel Room",,SHN,
"3-19-1968 / Ottawa, Ontario / Capitol Theatre *Superconcert (2nd show)",SBD,FLAC,
"3-26-1968 / Cleveland, OH / Public Music Hall (2nd show) (chris dixon series)",AUD,FLAC,
"4-2-1968 / Montreal, Quebec / Paul Suave Arena *French Kiss (ATM 038)",AUD,FLAC,
"4-9-1968 / New York, NY / Generation Club - The Kings Jam (JH w/ B.B. King)",AUD,FLAC,
"4-15-1968 / New York, NY / Generation Club - The King's Jam (Expanded)",SBD,FLAC,
"4-15-1968 / New York, NY / Cafe A Go Go",SBD,FLAC,
"4-15-1968 / New York, NY / Cafe A Go Go (twiley remaster)",SBD,FLAC,
"5-3-1968 / New York, NY / The Record Plant - The Voodoo Chile Sessions (Master) (eddie kramer)",SBD,FLAC,
"5-5-1968 / New York, NY / Fillmore East (2nd show) (ATM 093)",SBD,FLAC,
"5-10-1968 / New York, NY / Fillmore East (2nd show) *Thank You and I Just Blew Another Amp! (speed corrected)",AUD,FLAC,
"5-10-1968 / New York, NY / Fillmore East  *One Night Stand",SBD,FLAC,
"5-18-1968 / Hallandale, FL / Gulfstream Park Racetrack (Miami Pop Festival) (master)",SBD,FLAC,
5-21-1968 / Still's Basement - JH and Stephen Stills,SBD,FLAC,
"5-25-1968 / Rome, Italy / Teatro Brancaccio",AUD,FLAC,
"5-25-1968 / Rome, Italy / Teatro Brancaccio - Titan Top Show (godfather)",AUD,FLAC,
"5-26-1968 / Bologna, Italy / Emilia Romagna (vibratory)",AUD,FLAC,
"5-30-1968 / Zurich, Switzerland / Hallenstadion (arnold soder)",AUD,FLAC,
"5-30-1968 / Zurich, Switzerland / Hallenstadion (fd cleanup)",AUD,FLAC,
"5-31-1968 / Zurich, Switzerland / Hallenstadion (fd cleanup) (ATM 053)",AUD,FLAC,
"5-31-1968 / Zurich, Switzerland / Hallenstadion (1st gen cassette)",AUD,FLAC,
"6-5-1968 / Hertfordshire, UK / Borehamwood *It Must Be Dusty",TV,FLAC,
"7-4-1968 / New York, NY / Generation Club",AUD,MPG,
"8-3-1968 / Dallas, TX / Moody Coliseum",AUD,FLAC,
"8-4-1968 / Houston, TX / Sam Houston Coliseum (Master)",AUD,FLAC,
"8-11-1968 / Davenport, IA / Col Ballroom (inc)",AUD,FLAC,
"8-11-1968 / Davenport, IA / Col Ballroom *Davenport '68 (lpmarkum7 transfer) (goody remaster)",AUD,FLAC,
"8-16-1968 / Columbia, MD / Merriweather Post Pavilion",AUD,FLAC,
"8-18-1969 / Bethel, NY / Max Yasgur's Farm (Woodstock) ",SBD,FLAC,
"8-23-1968 / Queens, NY / Flushing Meadows Park (New York Rock Festival - Singer Bowl) (ATM 233)",AUD,FLAC,
"8-23-1968 / Queens, NY / Flushing Meadows Park (New York Rock Festival - Singer Bowl) (stern-bong) (amalie r.)",AUD (48k),FLAC,
"8-23-1968 / Queens, NY / Flushing Meadows Park (New York Rock Festival - Singer Bowl) (stern-bong) (amalie r.)",AUD,DVD,
"9-4-1968 / Phoenix, AZ / Arizona Veterans Memorial Coliseum",AUD,FLAC,
"9-4-1968 / Phoenix, AZ / Arizona Veterans Memorial Coliseum (fd cleanup)",AUD,FLAC,
"9-7-1968 / Vancouver, BC / Pacific Coliseum *Takes Purple Barrel Acid (Tarantura)",Silver CD,FLAC,
"9-7-1968 / Vancouver, BC / Pacific Coliseum (fd cleanup) (goody)",AUD,FLAC,
"9-7-1968 / Vancouver, BC / Pacific Coliseum (unk)",AUD,FLAC,
"9-8-1968 / Spokane, WA / Coliseum",AUD,FLAC,
"9-9-1968 / Portland, OR / Memorial Coliseum (master clone)",AUD,FLAC,
"9-14-1968 / Hollywood, CA / Hollywood Bowl (fd cleanup) (ATM 255)",AUD,FLAC,
"9-14-1968 / Hollywood, CA / Hollywood Bowl (1st gen new transfer)",AUD,FLAC,
"10-XX-1968 / San Francisco, CA / Winterland - Interview by Gus Gossett for KNPX (master tape)",AUD,,
10-XX-1968 / Winterland Nights,Silver CD,FLAC,
"10-10-1968 / San Francisco, CA / Winterland Arena (1st and 2nd show) *Hell Fire Red Collector's Disc",SBD,FLAC,
10-11-1968 / Winterland Arena / The Evan Tape,AUD,FLAC,
"10-12-1968 / San Francisco, CA / Winterland Arena (Early & Late Show) (1st gen SBD)",SBD,FLAC,
"10-16-1968 / Hollywood, CA / TTG Studios (Studio B) *The Jack Bruce Jam",SBD,FLAC,
"10-17-1968 / Hollywood, CA / Sunset-Highland Recording Studios *JH & Jack Bruce Jams (Master)",SBD,FLAC,
"10-27-1968 / Hollywood, CA / TTG Studios w/ AndyS and Robert Wyatt",Studio,FLAC,
"11-2-1968 / Minneapolis, MN / Minneapolis Auditorium (chris dixon series)",AUD,FLAC,
"11-16-1968 / Boston, MA / Boston Garden (ATM 139) (fd cleanup)",AUD,FLAC,
"11-27-1968 / Providence, RI / Rhode Island Auditorium (fd cleanup)",AUD,FLAC,
11-28-1968 / New York / Philharmonic Hall *An Electronic Thanksgiving (1st show) - ANA(1),AUD,,
11-28-1968 / New York / Philharmonic Hall *Live at Philharmonic Hall,AUD,FLAC,
11-28-1968 / New York / Philharmonic Hall (Source 2),AUD,FLAC,
11-28-1968 / New York / Philharmonic Hall (thomas geneser 3-source merge),MTX,FLAC,
"11-30-1968 / Detroit, MI / Cobo Arena (ATM 231-232) (fd cleanup and merge)",AUD,FLAC,
"12-1-1968 / Chicago, IL / The Coliseum *Chicago '68 - ANA(1)",AUD,FLAC,
,,,
[1969],,,
XX-XX-1969 / 2 Guitars On A Wednesday Night (Jimi's Private Reels Vol. 1) (DL 129),Silver CD,FLAC,
"1-8-1969 / Gothenburg, Sweden / Lorensbergs Circkus (1st gen)",AUD,FLAC,
"1-8-1969 / Gothenburg, Sweden / Lorensbergs Circkus - Master Reel (Second Show)",AUD,FLAC,
"1-8-1969 / Gothenburg, Sweden / Lorensbergs Circkus (Gothenburg resynced) (clip)",PRO,DVD,
"1-9-1969 / Stockholm, Sweden / Konserthuset *On the Killing Floor (Both shows)",SBD,FLAC,
"1-9-1969 / Stockholm, Sweden / 2nd show *Live in Stockholm",SBD,FLAC,
"1-10-1969 / Copenhagen, Denmark / Falkoner Centret - 1st show - Master *Welcome to the Electric Circus",AUD,SHN,
"1-11-1969 / Hamburg, Germany / Musikhalle - Master (wilfried lilie)",AUD,FLAC,
"1-13-1969 / Koln, Germany / Sporthalle (Master Reel)",AUD,FLAC,
"1-14-1969 / Munster, Germany / Halle Munsterland (2nd source) *Savage Beethoven & Electric Warrior (mix)",AUD,FLAC,
"1-14-1969 / Munster, Germany / Halle Munsterland *Shut Up and Listen (vibratory munster 3 source merge)",AUD,APE,
"1-16-1969 / Nuremburg, Germany / Meistersingerhalle (1st gen reel remaster) (chris dixon series)",AUD,FLAC,
"1-16-1969 / Nuremburg, Germany / Meistersingerhalle - ANA(3)",AUD,FLAC,
"1-17-1969 / Frankfurt, Germany / Jahrhunderhalle",SBD,FLAC,
"1-19-1969 / Stuttgart, Germany / Liederhalle (harald rapp)",AUD,FLAC,
"1-22-1969 / Wien, Austria / Grober Saal *Stimmen der Welt - ANA(2)",AUD,FLAC,
"1-23-1969 / Berlin, Germany / Sportpalast *Up Against The Berlin Wall (MBCD046)",Silver CD,SHN,
2-XX-1969 / February 1969 Sessions,SBD,FLAC,
"2-18-1969 / London, UK / Royal Albert Hall *First Night at the Royal Albert Hall (2CD)",SBD,FLAC,
"2-24-1969 / London, UK / Royal Albert Hall *An Evening with the JH Experience (HAZE 007)",Silver CD,FLAC,
"2-24-1969 / London, UK / Royal Albert Hall",Silver CD,FLAC,
"2-24-1969 / London, UK / Royal Albert Hall *He Was A Friend Of Ours (remastered rehearsals)",Silver CD,APE,
"2-24-1969 / London, UK / Royal Albert Hall *Listen to this Eric (JH 003/004)",Silver CD,FLAC,
"3-25-1969 / New York, NY / Record Plant *Complete McLaughlin Jam",SBD,FLAC,
3-30-1969 / The Palladium - 1969 Jam Session (Pop Expo '69) *Teenage Fair,AUD,FLAC,
4-4-1969 / Pop Expo and Interview (fd cleanup),,FLAC,
"4-12-1969 / Philadelphia, PA / Spectrum (with Fat Mattress)",AUD,FLAC,
"4-18-1969 / Memphis, TN / Ellis Auditorium Amphitheatre - North Hall (2nd show) (chris dixon series)",AUD,FLAC,
"4-19-1969 / Houston, TX / Sam Houston Coliseum",AUD,FLAC,
"4-20-1969 / Dallas, TX / Memorial Auditorium",AUD,FLAC,
"4-26-1969 / Los Angeles, CA / LA Forum",AUD,FLAC,
"4-27-1969 / Oakland, CA / Coliseum",?,APE,
"5-3-1969 / Toronto, Ontario / Maple Leaf Gardens *Busted in Toronto (VE100502)",Silver CD,FLAC,
"5-11-1969 / Indianapolis, IN / State Fairgrounds Coliseum - Fieldhouse (chris dixon series)",AUD,FLAC,
"5-14-1969 / New York, NY / Record Plant Sessions - JH & Larry Young",SBD,FLAC,
"5-16-1969 / Balitmore, MD / Civic Center (ATM 125) (1st gen)",AUD,FLAC,
"5-17-1969 / Providence, RI / Rhode Island Auditorium *One Night at the Arena (fd cleanup) AUD(3)",AUD,FLAC,
"5-18-1969 / New York, NY / Madison Square Garden (JPIO II 014) (3 source merge)",AUD,FLAC,
"5-24-1969 / San Diego, CA / International Sports Arena",SBD,FLAC,
"5-24-1969 / San Diego, CA / International Sports Arena (bob yeager) (fd cleanup)",SBD,FLAC,
"5-25-1969 / San Jose, CA / Santa Clara County Fairgrounds - Northern CA Folk Festival *Do You Know the Way (ATM 146) (fd cleanup)",AUD,FLAC,
"5-25-1969 / San Jose, CA / Santa Clara County Fairgrounds - Northern CA Folk Festival (ross tape)",AUD,FLAC,
"5-30-1969 / Honolulu, HI / Waikiki Shell",AUD,FLAC,
"5-31-1969 / Honolulu, HI / Waikiki Shell (earlier version)",AUD,FLAC,
"5-31-1969 / Honolulu, HI / Waikiki Shell (fd cleanup)",AUD,FLAC,
"6-20-1969 / Devonshire Downs, CA / San Fernando Valley State College *Newport Pop Festival (WT 2001023/24/25)",Silver CD,FLAC,
"6-20-1969 / Northridge, CA / Newport Pop at Devonshire Downs (goody) ",SBD,FLAC,
"6-22-1969 / Northridge, CA / Newport Pop Festival *Newport Pop Festival (WT 2001023/24/25) (repaired version)",Silver CD,FLAC,
"6-29-1969 / Denver, CO / Mile High Stadium *The Denver Pop Festival (Whiteflame stereo merge)",AUD,FLAC,
"7-10-1969 / New York, NY / Johnny Carson Tonight Show (NBC TV)",TV,SHN,
"7-10-1969 / New York, NY / Johnny Carson Tonight Show (NBC TV) (2008 transfer)",TV,FLAC,
8-10-1969 / Woodstock NY / Tinker Street Cinema,AUD,SHN,
"8-14-1969 / Shokan, NY / Jimi's House - Traver Hollow Road",AUD,APE,
"8-18-1969 / Bethel, NY / Max Yasgur's Farm - Woodstock",SBD,SHN,
"8-18-1969 / Bethel, NY / Max Yasgur's Farm - Woodstock (wayne gucwa)",SBD,SHN,
"9-5-1969 / New York, NY / Harlem Benefit - United Block Association",?,APE,
"9-6-1969 / New York, NY / The Hit Factory *Singing the Blues in NYC (WJ 404)",SBD,FLAC,
9-13-1969 / At His Best Mike Ephron Sessions (ATM 193-194) *Jimi Hendrix At His Best,SBD,FLAC,
9-19-1969 / This Flyer LP,SBD,FLAC,
9-30-1969 / Paul McCartney BDay Jam *You Can Be Anyone This Time Around,AUD,SHN,
12-18-1969 / New York / Band of Gypsys Rehearsals *Dagger #5,SBD,FLAC,
"12-31-1969 / New York, NY / Fillmore East (New Year's Eve Late Show) (vibratory 3 source merge)",SBD,FLAC,
,,,
[1970],,,
1-1-1970 / Band of Gypsy's (Early show),SBD,FLAC,
"1-9-1970 / Gothenburg, Sweden / Stora Scenen, Liseberg (ATM 162-163) (hawkfan369)",AUD,FLAC,
"1-23-1970 / New York, NY / Record Plant - Sessions Vol. 1 (ATM 045)",SBD,FLAC,
"1-28-1970 / New York, NY / Madison Square Garden (earthblues merg v1.0)",AUD,FLAC,
"2-1-1970 / New York, NY / Jimi's Apartment (Jam with Mitch)",,FLAC,
"2-4-1970 / Atlanta, GA / Atlanta Pop Festival (Interview for Rolling Stone)",,FLAC,
"4-25-1970 / Inglewood, CA / LA Forum (2 source remaster)",AUD,FLAC,
"4-25-1970 / Inglewood, CA / LA Forum (3rd source)",AUD,FLAC,
"4-25-1970 / Inglewood, CA / LA Forum (4th source)",AUD,FLAC,
"4-25-1970 / Inglewood, CA / LA Forum (3 source mix)",MIX,FLAC,
"4-26-1970 / Sacramento, CA / Cal Expo Racetrack (univibes)",AUD,FLAC,
"5-1-1970 / Milwaukee, WI / Milwaukee Auditorium (unk gen) (chris dixon series)",AUD,FLAC,
"5-1-1970 / Milwaukee, WI / Milwaukee Auditorium (1st gen upgrade)",AUD,FLAC,
"5-2-1970 / Madison, WI / Dane County Coliseum (2 source merge)",MIX,FLAC,
"5-3-1970 / St. Paul, MN / St. Paul Civic Center *Does Everybody Feel Alright (JPIO 028)",AUD,FLAC,
"5-8-1970 / Norman, OK / University of OK (Late show) (Master reels)",AUD,SHN,
"5-9-1970 / Fort Worth, TX / Will Rogers Stadium",AUD,FLAC,
"5-10-1970 / San Antonio, TX / Convention Center Arena",AUD,FLAC,
"5-10-1970 / San Antonio, TX / Convention Center Arena (Master) ATM 251-252",AUD,FLAC,
"5-16-1970 / Philadelphia, PA / Temple Stadium (Jimi and the Grateful Dead)",AUD,FLAC,
"5-30-1970 / Berkely, CA / Berkeley Community Theatre (Afternoon Soundcheck) Bob Terry Tape #13",SBD,FLAC,
"5-30-1970 / Berkeley, CA / Berkeley Community Theatre (Early show)",SBD,FLAC,
"5-30-1970 / Berkeley, CA / Berkeley Community Theatre (Late show)",SBD,FLAC,
"6-7-1970 / Tulsa, OK / Civic Assembly Arena (fd cleanup v2)",MIX,FLAC,
"6-10-1970 / Evansville, IN / Roberts Municipal Stadium *Indiana Jones in the Heartland (markj)",AUD,FLAC,
"6-13-1970 / Baltimore, MD / Civic Center (kip betz source)",AUD,APE,
6-15-1970 / Jimi Hendrix & Traffic - A Session,,SHN,
"6-20-1970 / San Bernadino, CA / Swing Auditorium",AUD,SHN,
"6-26-1970 / New York, NY / Record Plant - Valleys of Neptune Session (Jimi Hendrix & Billy Cox)",SBD,FLAC,
"6-27-1970 / Boston, MA / Boston Garden - ANA(M) (hezekiahx2) (krw_co transfer)",AUD,FLAC24 ,
"6-27-1970 / Boston, MA / Boston Garden *Boston '70 (3rd source master)",AUD,FLAC,
7-XX-1970 / Electric Lady Recording Mixing Session,AUD,FLAC,
7-1-1970 / First Rays in Maui (Bob Terry Tape) (fd compilation),SBD,FLAC,
7-4-1970 / 2nd International Atlanta Pop Festival ,SBD,FLAC,
"7-17-1970 / Randall's Island, NY / New York Pop",SBD,FLAC,
"7-26-1970 / Seattle, WA / Sicks Stadium (ATM 226)",AUD,FLAC,
"7-30-1970 / Maui, HI / Haleakala Volcano Crater - Maui Wowee (Both sets) (Bob Terry)",SBD,FLAC,
"8-1-1970 / Honolulu, Hawaii / Honolulu International Center Arena (jim & bill worthley)",AUD,FLAC,
8-30-1970 / Isle of Wight,SBD,FLAC,
8-30-1970 / Isle of Wight (tim welch collection),AUD,FLAC,
"8-31-1970 / Stockholm, Sweden / Grona Lund (doinker)",AUD,FLAC,
"9-1-1970 / Gothenburg, Sweden / Stora Scenen - Liseberg (earthblues)",AUD,SHN,
"9-2-1970 / Arhus, Denmark / Vejlby-Risskov Hallen (chasm)",AUD,APE,
"9-2-1970 / Arhus, Denmark / Vejlby-Risskov Hallen (2nd gen)",AUD,FLAC,
"9-3-1970 / Copenhagen, Denmark / K.B. Hallen (fd cleanup)",AUD,FLAC,
"9-4-1970 / Berlin, Germany / Deutschlandhalle *Superconcert '70 (chasm)",AUD,SHN,
"9-6-1970 / Insel Fehmarn, Germany / Love and Peace Festival *Away From This Rainy Cloud (Last show)",MATRIX,FLAC,
"9-16-1970 / London, UK / Ronnie Scott's Club (Last recording of his life)",AUD,SHN,
9-18-1970 / Various News Reports,VAR,FLAC,
,,,
[2010],,,
"11-27-2010 / New York, NY / B.B. King's - Jimi's 68th Birthday Tribute (Zoom H4) (bob pitlak) ",AUD,FLAC,
,,,
[MISC],,,
1966 / In the Beginning (1972 Release),Vinyl,FLAC,
1967 BBC DAT Masters (2CD),,FLAC,
1967-1969 - Come On And Get Live,,FLAC,
XX-XX-1967 / Out of the Studio - Demo's from '67,,FLAC,
1968 - Studio Leftovers,,,
"51st Anniversary (Various Dates, Live, and Studio) 4 Volumes (8 cds)",,FLAC,
Alfred E Newman On Bass 17,AUD,FLAC,
All Along the Watchtower - Come On Pt. 1 Sessions,Studio,FLAC,
Are You Experienced (Acetates/Demos/Remixes),Cassette,FLAC,
Angel - Drifting Bob Terry Tape #5,,FLAC,
A Sea of Forgotten Teardrops (1970),,FLAC,
Jimi Hendrix - Backup Tracks,,FLAC,
Ball & Chain,,FLAC,
BBC Archives From Original Tapes 67-68,,FLAC,
BBC DAT Masters,,FLAC,
Before and After (Ezy Ryder EZY-003),,FLAC,
Black Devil,,FLAC,
Blue Window,,FLAC,
Blues at Midnight,,FLAC,
Blues Project Outtakes (2LP),,FLAC,
Bob Terry Studio Tapes 20 & 22,,FLAC,
Both Sides of the Sky,,FLAC,
Bring It On Home,,FLAC,
Burning of the Midnight Lamp (Mixing Session Edit),,FLAC,
Calling Long Distance,,APE,
"Can You Hear Me Rock (Hemero 01, FRA 1980) 2LP",Vinyl,FLAC,
Can You Please Crawl Out Your Window,Vinyl,FLAC,
Caruso Insult - Room Full of Mirrors Poetry Recital - Bob Terry Tape,,FLAC,
Cat's Squirrel,,FLAC,
California Experience,,FLAC,
Capricorn Tape: Outtakes 1968-1970,,FLAC,
Complete PPX Studio Recordings,,FLAC,
Cosmis Turnaround,Vinyl,FLAC,
Crash Landing - Bob Terry Tape #18,,FLAC,
Crash Landing (Unreleased Version) - Watch Tower,,FLAC,
Cry of Love (Low Vocal Mixes),,FLAC,
Dante's Inferno,,FLAC,
De Lane Lea Demos and Olympic Cuts,,FLAC,
Drone Blues,,FLAC,
Echo Tape,,FLAC,
Electric Gypsy's,,FLAC,
Electric Ladyland Outtakes,,FLAC,
European Broadcasts 1966/6,,FLAC,
Eyes and Imagination,,FLAC,
Fighting for Freedom...For Everybody,,FLAC,
Flyer LP (2012),,,
First Rays of the New Rising Sun (Reconstruction),,FLAC,
Freak Out Jam,,FLAC,
It's Only A Paper Moon,,FLAC,
Jazz Stuff,,SHN,
Jimi Hendrix Concert Reviews (1967-1970),,DOC,
Jimi - By Himself (1968),,SHN,
Midnight Lightning,SBD,FLAC,
Recording Session Outtakes 1966-67 - Vol 1-4,,FLAC,
Recording Session Outtakes 1969 - Vol 1-7,,FLAC,
Recording Session Outtakes 1970 - Vol 1-6,,FLAC,
Complete 1969 Studio Sessions (15CD),,FLAC,
Jimi Hendrix - 1967-XX-XX - Opus Live In Europe 1967 (AV201801) (3CD),Silver CD,FLAC,
Jimi Hendrix - The Electric Lady Studio Recordings {WT 2001049},Silver CD,FLAC,
Jimi & Larry Young - Record Plant Sessions 1969,,FLAC,
Laughing Dice (Documentary) DVD,VHS,DVD,
Ladyland In Flames (1968-1969),,FLAC,
Ludes,,FLAC,
Public Saxaphone - Vol. 1,,SHN,
Voodoo Child Sessions (Record Plant in NY),,FLAC,
Sweeping Up the Pieces of Yesterday's Life Vol 1-3 (8CD),,FLAC,
Philharmonic Plus,,FLAC,
Jimi Hendrix - In the Studio 1967-1970 (Volumes 1-10) *Reclamation,,FLAC,
Jimi Hendrix - Soundboard Series 1 (1967-68),,FLAC,
Jimi Hendrix - Strate Ahead: Unreleased Album (1970),,FLAC,
Jimi Hendrix - Sessions - And You'll Never Hear Surf Music Again (Scorpio 2008),,FLAC,
"Jimi Hendrix - 1985-02-XX - Pasadena, CA Documentary (ht december)",FM,FLAC,
Swedish Flood Volumes 1-7,,FLAC,
Unsurpassed Masters (Studio Reels) 5CD,,FLAC,
Jimi Hendrix & Love - Blue Thumb Acetate,,FLAC,
Jimi Hendrix - Hush Now,Vinyl,FLAC,
Jimi Hendrix - Band of Gypsys,Vinyl,FLAC,
Jimi Hendrix - Reputations The Man They Made God,,DVD,
Machine Gun (5CD),,SHN,
1-7 Apartment Jam w/ Taj Mahal,,FLAC,
The Jimi Hendrix Experience - 1969 Sessions,,FLAC,
Jimi Hendrix - The Woodstock Rehearsals (July-Sept 1969),SBD,FLAC,
Jimi Hendrix - The Ross Tapes,,FLAC,
Jimi Hendrix - Out In The Sun,,FLAC,
Jimi Hendrix - Sothebys Auction Tapes,,FLAC,
Jimi Hendrix - Lifelines [4CD] (1990),,FLAC,
Jimi Hendrix - Stages [4CD] (1991),,FLAC,
Jimi Hendrix - Smash Alternates,,FLAC,
Jimi Hendrix - Voodoo Blues,,FLAC,
Jimi Hendrix - Band of Gypsies - Live at the Fillmore East (1999) (VHS Transfer),,MKV,
The Electric Church,,FLAC,
Jimi Hendrix - Electric Church (DVD),,MKV,
Jimi Plays Berkeley (DVD),,MKV,
Jimi Hendrix - Isle of Wight,,MKV,
Jimi Hendrix - Electric Ladyland,,MKV,
The Live Withdrawn,,FLAC,
Jimi Hendric - Hear My Train A Comin (DVD),,MKV,
Jimi Hendrix - Live at Monterey Pop Festival,,MKV,
Jimi Hendrix - Winterland 3,,FLAC,
Jimi Hendrix - Kick Ass Live - Vol. 1 ,Compilation,FLAC,
Jimi Hendrix - The Collector's 1968 (22CD),,FLAC,
The Complete Winterland Reels (10-10/11/12-1968),,FLAC,
Various Artists - If 6 Was 9: A Tribute to Jimi Hendrix ,,FLAC,
Jimi Hendrix Experience - The Complete BBC Radio Sessions 1967 (Prof. Stoned 2020),,FLAC,
Jimi Hendrix - Zomby Blues - Bob Terry Tape #19,SBD,FLAC,
,,,
[DAGGER RECORDS],,,
01 Live at the Oakland Coliseum,Silver CD,FLAC,
02 Live at Clark University,Silver CD,FLAC,
03 Morning Symphony Ideas,Silver CD,FLAC,
04 Live in Ottawa,Silver CD,FLAC,
05 The Baggy's Rehearsal Sessions,Silver CD,FLAC,
06 Paris 1967 & San Francisco 1968,Silver CD,FLAC,
07 Hear my Music,Silver CD,FLAC,
08 Isle Of Fehmarn,Silver CD,FLAC,
09 Burning Desire,Silver CD,FLAC,
10 Live In Paris & Ottawa 1968,Silver CD,FLAC,
11 Live At Woburn,Silver CD,FLAC,
,,,
[SILVERS],,,
Jimi Hendrix & the Band of Gypsies - 2 Nights at the Fillmore East (6CD),Silver CD,FLAC,
Jimi Hendrix - Woodstock Project (2014),Silver CD,FLAC,
Jimi Hendrix - Valleys of Neptune (4CD),Silver CD,FLAC,
Jimi Hendrix - Truth And Emotion,Silver CD,FLAC,
Jimi Hendrix & Traffic - A Session {OH BOY 1-9027} (1990),Silver CD,FLAC,
Jimi Hendrix - Silver Blue to Bloody Red Vol. 1&2,Silver CD,FLAC,
Multi-Coloured Blues (The Unreleased Sessions),Silver CD,FLAC,
Mixdown Masters (Various Studio Jams & Outtakes) Vol 1-4,Silver CD,FLAC,
Jewel Box,Silver CD,SHN,
The Jimi Hendrix Experience - Naked Ladyland - Studio Sessions 1967-1968 (6CD),Silver CD,FLAC,
Jimi Hendrix - Get The Experience (IU-9421-1),Silver CD,FLAC,
Jimi Hendrix - 1969 - The L.A. Forum Concert (Radioactive) ,Silver CD,FLAC,
Moonbeam Fairytales: Jimi Saga 2 (1966-1967) 22CD Box set,Silver CD,FLAC,
Diamonds in the Dust (2CD),Silver CD,FLAC,
Earth Tones,Silver CD,FLAC,
Electric Ladyland Revisisted,Silver CD,FLAC,
Everyway to Paradise (4CD),Silver CD,FLAC,
Jimi Hendrix - Fire (TSP-CD-018),Silver CD,FLAC,
Infinity Beach - Deep Blue (DBCD127),Silver CD,FLAC,
Hendrix in Scandinavia (Voodoo Chile Records) 12CD set,Silver CD,FLAC,
Cherokee Mist,Silver CD,FLAC,
Jimi Hendrix - Berkeley Rehearsals ,Silver CD,FLAC,
Black Gold (5CD) Compilation,Silver CD,FLAC,
Jimi Hendrix - Are You Experienced (2009) (Deluxe Edition) (needledrop),Silver CD,FLAC,
Jimi Hendrix - Axis: Bold as Love (2009) (Deluxe Edition) (needledrop),Silver CD,FLAC,
"500,000 Halos",Silver CD,FLAC,
Astro Man Box Set (6CD),Silver CD,FLAC,
Am I Blue,Silver CD,FLAC,
Jimi Hendrix - Jimi Hendrix {LTD-24} (1993),Silver CD,FLAC,
Jimi Hendrix - On The Killing Floor {TSP-CD-012-2} (1989),Silver CD,FLAC,
Jimi Hendrix - Jimi A Musical Legacy {KTS BZ 010} (1995),Silver CD,FLAC,
,,,
[ORIGINAL VINYL TRANSFERS],,,
OVT001 - Last British Concert,,FLAC,
OVT002 - Last American Concert,,FLAC,
OVT003 - Sky High!,,FLAC,
OVT004 - Smashing Amps,,FLAC,
OVT005 - Incident At Rainbow Bridge,,FLAC,
OVT006 - Live At Philharmonic Hall,,FLAC,
OVT007 - Unknown Wellknown,,FLAC,
OVT008 - Guitar Hero,,FLAC,
OVT009 - Can You Please Crawl Out Your Window,,FLAC,
OVT010 - You Can't Use My Name,,FLAC,
"OVT011 - Davenport, Iowa '68",,FLAC,
OVT012 - Paris '67,,FLAC,
OVT013 - Electric Birthday Jimi,,FLAC,
OVT014 - First Rays Of The Rising Sun,,FLAC,
OVT015 - Hell's Session,,FLAC,
OVT016 - Fuckin' His Guitar For Denmark,,FLAC,
OVT017 - Two Sides Of The Same Genius,,FLAC,
"OVT018 - Live At The Olympia Theatre, Paris",,FLAC,
OVT019 - Loaded Guitar,,FLAC,
OVT020 - Unforgettable Experience,,FLAC,
,,,
,,,
[ARCHIVED TRADERS MATERIALS),,,
(ATM 000) General Info,,FLAC,
(ATM 001) The Band of Gypsys Rehearsals,,FLAC,
(ATM 002) The Electric Lady Mixing Sessions,,FLAC,
(ATM 003) The Woodstock Rehearsals,,FLAC,
(ATM 004) Live in Milwaukee,,FLAC,
(ATM 005) To the Highest Bidder - Sotheby's Plus,,FLAC,
(ATM 006) LA Without the Words,,FLAC,
(ATM 007-008) Villanova Junction,,FLAC,
(ATM 009) Band of Gypsys Lonely Avenue,,FLAC,
(ATM 010) New York Pop '70,,FLAC,
(ATM 011-016) Three Nights of Winter(with alt version),,FLAC,
(ATM 017) Soundboard Series Vol.2,,FLAC,
(ATM 018-019) Bridge To Haleakala aka The Maui Concerts,,FLAC,
(ATM 020-022) Watchout for the Fuzz,,FLAC,
(ATM 023-024) Music of the Spheres ... Voices of the World,,FLAC,
(ATM 025-026) Down Here on the Farm,,FLAC,
(ATM 027) In the Land of the Midnight Sun,,FLAC,
(ATM 028-029) Stockholm 31.08.70 aka Guitar In The Garden,,FLAC,
(ATM 030) Praying at the Temple,,FLAC,
(ATM 031) Soundboard Series 1 aka Hamburg-Stockholm-Miami,,FLAC,
(ATM 032-033-034) Earth Vs. Space - The Newport Legacy,,FLAC,
(ATM 035) Apartment Jams,,FLAC,
(ATM 036) Short Stories,,FLAC,
(ATM 037) Hollywood Bowl aka Hollywood Nights,,FLAC,
"(ATM 038 Rev A) 1968-04-02  Paul Sauve Arena, Montreal",,FLAC,
(ATM 039) Hunter - Hilton,,FLAC,
(ATM 040) Auf Wiedersehen,,FLAC,
(ATM 041) San Diego '69 aka Six Strings In San Diego,,FLAC,
(ATM 042-043) - For the Goddess of Asgård,,FLAC,
"(ATM 044) Drinking Wine, Sipping Time",,FLAC,
(ATM 045) Sessions Vol. 1,,FLAC,
"(ATM 046-047) 1969-04-26 Los Angeles 1969, The Forum",,FLAC,
(ATM 048-049) LA Forum '70,,FLAC,
(ATM 050-051) The Rubber Dubber Bootleg,,FLAC,
(ATM 052) Cherokee Nation,,FLAC,
(ATM 053) Beat Monster Concert,,FLAC,
(ATM 054) Blue Window - March-May 1969,,FLAC,
(ATM 055) Message from Nine To The Universe Vol.1,,FLAC,
(ATM 056) Message From Nine To The Universe Vol.2,,FLAC,
(ATM 057-058) The KPFA Tapes,,FLAC,
(ATM 059) Storming the Capitol,,FLAC,
"(ATM 059) Superconcert - Ottawa, ON Canada",,FLAC,
(ATM 060) All the way from Memphis,,FLAC,
(ATM 061) Indianapolis '69,,FLAC,
(ATM 062) Boston Garden 1970,,FLAC,
(ATM 063-064) On the Road (To Electric Ladyland) - aka Driving South,,FLAC,
(ATM 065) Boo in Key,,FLAC,
(ATM 066-071) Box Of Gypsys,,FLAC,
(ATM 072-073) Healing Power,,FLAC,
(ATM 074) 68-03-26 Cleveland Rocks,,FLAC,
(ATM 075-083) Band Of Gypsys - 30th Anniversary,,FLAC,
"(ATM 084-085) 1970-09-03 KB Hallen, Copenhagen",,FLAC,
(ATM 086-090) - Unsurpassed Masters,,FLAC,
(ATM 091) - In Glorious Mono,,FLAC,
(ATM 092) - Fall 1969 Record Plant Jams [aka. Woodstock],,FLAC,
(ATM 093) - Bill Graham Presents,,FLAC,
(ATM 094) Summertime Blues,,FLAC,
(ATM 095) Fuck Off These Are My Friends,,FLAC,
(ATM 096) From the Beginning to the Start,,FLAC,
(ATM 097) - 2 Giants Over Paris,,FLAC,
(ATM 098-099) - For the Queen,,FLAC,
(ATM 100) - Winterland 10 October 1968,,FLAC,
(ATM 101-102) - Curtis Knight & The Squires - The Complete Recordings I,,FLAC,
(ATM 103-104) - Curtis Knight & The Squires - The Complete Recordings 2,,FLAC,
(ATM 105) Live In Philadelphia Disc 1,,FLAC,
(ATM 106) Live In Philadelphia Disc 2,,FLAC,
(ATM 107) - 1968.2.16. Dallas. Way down in texas land,,FLAC,
(ATM 108) - 1968.2.17. Fort Worth. Way down in texas land,,FLAC,
(ATM 109-112) - Jimi Hendrix - Maximum Experience - flac,,FLAC,
(ATM 113) Newport Revisited,,FLAC,
(ATM 114) - 1970.07.04 - Atlanta - The Atlanta Reel - flac,,FLAC,
(ATM 115-116) - 1969.02.18 - London - Royal Albert Hall - First Night,,FLAC,
(ATM 117) - Baltimore 1970,,FLAC,
(ATM 118) Denver Pop,,FLAC,
(ATM 119-120) - Soulful Sessions,,FLAC,
"(ATM 121) Chicago 2-25-68, 8-10-1968",,FLAC,
(ATM 122) Chicago 12-1-68,,FLAC,
(ATM 123-124) - Jimi Hendrix - The Berkeley Concerts - 1970.05.30,,FLAC,
"(ATM 125) - Civic Center, Baltimore MD",,FLAC,
(ATM 126-127) - Way Down in Texas Land II (Slight Return),,FLAC,
(ATM 128-129) Germany '70,,FLAC,
(ATM 130-131) The Forum 1970 - Stereo,,FLAC,
(ATM 132-135) - Unpublished,,FLAC,
(ATM 136) Je Vous Aime Beaucoup,,FLAC,
(ATM 137-138) - 1968.02.03 - San Francisco - Winterland - All Sources,,FLAC,
(ATM 139-140) New England Patriot,,FLAC,
(ATM 141-142) Madison Blues,,FLAC,
(ATM 143) Tomorrow We'll Do Our Last Gig In The States,,FLAC,
(ATM 144) - Lookin' For Trouble,,FLAC,
(ATM 145) By Divine Providence,,FLAC,
(ATM 146) - Do You Know The Way,,FLAC,
(ATM 147-151) - Jimi In Germany,,FLAC,
(ATM 152-157) - (1967-1970) Kick Out The Jams,,FLAC,
(ATM 158-160) Axis Bold as Love - The Sessions,,FLAC,
(ATM 161) - 1970.06.13 - Baltimore - Civic Center - Source 3,,FLAC,
(ATM 162-163) - 1970.09.01 - Gothenburg - Stora Scenen - Liseberg,,FLAC,
(ATM 164-165) - Palasport di Bologna 1968-05-26,,FLAC,
(ATM 166) - Can't Believe Everything You See And Hear,,FLAC,
(ATM 167) - Portland '68,,FLAC,
(ATM 168-169) - Way Down in Texas Land Vol.3,,FLAC,
(ATM 170-171) - Madison Square Garden '69,,FLAC,
(ATM 172) - Jimi Hendrix & The Isley Brothers - In the Beginning,,FLAC,
(ATM 173-174) - Atlanta + Space aka Atlanta International Pop Festival,,FLAC,
(ATM 175-176) - In the Eye of the Storm,,FLAC,
(ATM 177-178 REV A) - In The West (Raw + speed corrected),,FLAC,
(ATM 179) - Cologne 13.01.69 - 2nd Source,,FLAC,
(ATM 180-183) TTG Studios October 1968 - aka At TTG Studios,,FLAC,
(ATM 184 REV A) - Winterland 03.02.68 - Composite,,FLAC,
(ATM 185-186 Rev A) - Jimmy James - (1964-1969) Singles Collection,,FLAC,
(ATM 187-191) - Hendrix For Everyone,,FLAC,
"(ATM 192) - Norman, Is That You Norman",,FLAC,
(ATM 193-194) - At His Best,,FLAC,
(ATM 195) Tulsa,,FLAC,
(ATM 196-198) Philharmonic Hall - All Sources,,FLAC,
(ATM 199) - Winterland-11-10-68 2nd Source,,FLAC,
(ATM 200) - Winterland-11-10-68 2nd Source,,FLAC,
"(ATM 201)- Berkeley, CA 30.05.70_ 2nd Show - 2nd Audience Source",,FLAC,
(ATM 202) - Winterland 11.10.68 [aka. Winterland Old Source],,FLAC,
(ATM 203) - Winterland 11.10.68 [aka. Winterland Old Source],,FLAC,
(ATM 204) - Winterland 11.10.68 - 1st Show Composite,,FLAC,
(ATM 205-206) Band of Gypsys Rehearsals,,FLAC,
(ATM 207) - Denver Pop Festival 29.06.69 - 1st Generation Transfer,,FLAC,
(ATM 208-213) The Winterland Reels,,FLAC,
(ATM 214-215) Old Time,,FLAC,
(ATM 216) - Band of Gypsys Unleashed in the East,,FLAC,
(ATM 217) - Band of Gypsys Unleashed in the East,,FLAC,
(ATM 218) - Band of Gypsys Goodbye to '69,,FLAC,
(ATM 219) - Band of Gypsys Goodbye to '69,,FLAC,
(ATM 220) - Royal Albert Hall Rehearsals,,FLAC,
(ATM 221-223) - Jammin Back At the House-Shokan - alternate,,FLAC,
(ATM 224-225) Electric Ladyland - Sessions June-August 1968,,FLAC,
(ATM 226) - Seattle 1970,,FLAC,
(ATM 227) - Experience,,FLAC,
(ATM 228) - Experience,,FLAC,
(ATM 229) - Swedish Castle Magic,,FLAC,
(ATM 230) - Honolulu '69,,FLAC,
(ATM 231-232) Detroit Rock City,,FLAC,
(ATM 233) - Singer Bowl 1968,,FLAC,
(ATM 234-235) Electric Ladyland - Sessions,,FLAC,
(ATM 236-237) Electric Ladyland - The Apartment Recordings,,FLAC,
(ATM 238) - Electric Ladyland - Sessions March-April 1968,,FLAC,
(ATM 239-240) Gypsy Sun & Rainbows - Woodstock - Nothing But Primary Rhythm Things,,FLAC,
"(ATM 241) Los Angeles Forum, Los Angeles, CA 25.04.70 - 4th Source and bonus disc",,FLAC,
(ATM 242-245) - Electric Ladyland Sessions5 - May 68,,FLAC,
(ATM 246-248) Gypsy Sun & Rainbows - NYC,,FLAC,
(ATM 249-250) - Eric Burdon and War at Ronnie Scotts - master,,FLAC,
(ATM 251-252) - San Antonio - May 1970 (master tape),,FLAC,
(ATM 253-254) Jimi Hendrix 1970-05-02 Madison WI (3rd source),,FLAC,
"(ATM 255 + Bonus Disc) - Hollywood Bowl, Hollywood, California",,FLAC,
(ATM 256-257) Jimi Hendrix - 1970-05-30 Berkeley 1st Show Complete Soundboard,,FLAC,
,,,
(ATM DVD 001) Live At The Royal Albert Hall - Rev A,,DVD,
(ATM DVD 002) Hendrix Stockholm 69 Upgrade,,DVD,
(ATM DVD 003) Band Of Gypsys - Rev A,,DVD,
(ATM DVD 004) Video Experience,,DVD,
(ATM DVD 005) The Atlanta Reel,,DVD,
(ATM DVD 006) 1970-07-30 - Maui - Haleakala Crater,,DVD,
,,,
,,,
[FOR TRADE ONLY GROUP),,,
FTO 001 - 002 The Complete Clark University '68,,FLAC,
"FTO 003 - The Capricorn Tape (For Trade Only) (flac) [2009 Fileset, with original + repaired track]",,FLAC,
FTO 004 - Royal Albert Hall Rehearsals - Composite (For Trade Only),,FLAC,
FTO 005 - February 1969 Sessions,,FLAC,
FTO 005 REV A - February 1969 Sessions [Compiled by Paul Fitzpatrick],,FLAC,
FTO 005 REV A - February 1969 Sessions [Compiled by Pink Robert],,FLAC,
FTO 005 REV B - February 1969 Sessions [Compiled by Paul Fitzpatrick],,FLAC,
FTO 006-007 - Raw Blues,,FLAC,
FTO 008-009 - BBC Radio (For Trade Only),,FLAC,
FTO 010 - Ottawa 1968,,FLAC,
FTO 010 - Ottawa 1968 (For Trade Only) (alt),,FLAC,
FTO 011 - Thank You! And I Just Blew Another Amp! - Fillmore East May 1968 (For Trade Only) ,,FLAC,
FTO 012 - Hunter College March 1968 (For Trade Only) (flac),,FLAC,
FTO 013-014 - Gothenburg 1 September 1970 [aka. Gothenburg '70 - Raw Source],,FLAC,
"FTO 015 - Boston Garden, Boston, MA 1970-06-27 - 3rd Source",,FLAC,
"FTO 016 - Denver, CO - Fieldhouse Regis College 1968-02-14",,FLAC,
FTO 017 - Flamingo London - Low Gen Composite,,FLAC,
"FTO 018-019 - Ronnie Scotts Club, London 1970-09-16 - The Complete Recording",,FLAC,
FTO 020 - The Blue Thumb Acetate,,FLAC,
FTO 021 - Dallas 1969-04-20 - Composite Master,,FLAC,
,,,
,,,
[JIMI PASS IT ON GROUP II),,,
JPIO-II 012 - Crash Landing Revisited,,FLAC,
JPIO-II 015-018 - Prince Albert Does Not Bite The Tongue,,FLAC,
JPIO-II 023-026 - The Last Cry of Love,,FLAC,
JPIO-II 027-028 - Electric Frankenstein,,FLAC,
JPIO-II 033-036 - Rabalder i Teateret - The Complete Copenhagen 1969 Recordings,,FLAC,
JPIO-II 037 - The Capricorn Tape,,FLAC,
JPIO-II 038-039 - European Scrapbook,,FLAC,
JPIO-II 040-042 - Moonlight Is White,,FLAC,
JPIO-II 067-068 - Sorry For The Intermission,,FLAC,
JPIO-II 077-078 - Strate Ahead,,FLAC,
JPIO-II 095-102 - Sweeping Up the Pieces of Yesterday's Life - The Jimi Hendrix Interviews (3rd ed),,FLAC,
,,,
,,,
[VARIOUS),,,
VARIOUS - Astro Man (6 CDs) (Alchemy JHBX 1),,FLAC,
VARIOUS - Freezer Burn,,FLAC,
VARIOUS - Made In Sweden 1967,,FLAC,
VARIOUS - Original Vinyl Transfer Series 1st Batch (20 LPs) (JPIO-II 043-062),,FLAC,
VARIOUS - Studio 66 (ITL-WJ 201),,FLAC,
VARIOUS - Studio 67 (6 CDs) (ITL-WJ 202-207),,FLAC,
VARIOUS - 51st Anniversary - The Story of Life (JMH 001-8),,FLAC,
VARIOUS - In The Studio Collectors Limited Edition (Reclamation) (RECD 1011),,FLAC,
VARIOUS - Mixdown Master Tapes 1998 - Vol 1-4,,FLAC,
VARIOUS - Moonbeams Fairytales 1966-1967 (22 CDs),,FLAC,
VARIOUS - Studio 69 (15 CDs) (ITL-WJ 101-115),,FLAC,
VARIOUS - Studio 70 (11 CDs) (ITL-WJ 001-011),,FLAC,
VARIOUS - Studio Sessions Volume 1 (6 CDs) (Voodoo Chile) (VC 9005),,FLAC,
VARIOUS - Studio Sessions Volume 2 (6 CDs) (Voodoo Chile) (VC 9006),,FLAC,
VARIOUS - The Blues Project Outtakes (sbd),,FLAC,
VARIOUS - The Electric Church,,FLAC,
VARIOUS - The Ross Tapes 2-3-6-7,,FLAC,
VARIOUS - The Swedish Shows v1-7 (7 CDs) (STG 006-010),,FLAC,
VARIOUS - Unsurpassed Masters (5 CDs) (BTYB 0086-90),,FLAC,
VARIOUS - Unsurpassed Studio Takes (Yellow Dog) (YD 050),,FLAC,
VARIOUS - In The Studio (sbd) (10 CDs) (Reclamation Records),,FLAC,
,,,
,,,
[BOOKS),,,
Jimi Hendrix - Are You Experienced Tab Book,,PDF,
Jimi Hendrix - Axis - Bold As Love Tab Book,,PDF,
Jimi Hendrix - Blues Tab Book,,PDF,
Jimi Hendrix - Electric Ladyland Tab Book,,PDF,
Jimi Hendrix - First Rays Of The New Rising Sun Tab Book,,PDF,