John Mayer,Versions,File Type,
Drive - E,,,
,,,
,,,
[1999],,,
"6-15-1999 / Decatur, GA / Eddie's Attic - ANA(x) (unk)",AUD,FLAC,
,,,
[2000],,,
"2-25-2000 / Decatur, GA / Eddie's Attic (Sony MD) (donny delp)",AUD,FLAC,
"3-9-2000 / Denver, CO / Gothic Theatre (DCN.com) ",WEB,FLAC,
"8-23-2000 / Athens, GA / 40 Watt Club (Real Player)",WEB,FLAC,
,,,
[2001],,,
"1-26-2001 / Norfolk, VA / The Norva (unk) ",AUD,FLAC,
"2-1-2001 / New York, NY / Shine (Gefell M210s) (jon pasternak)",AUD,FLAC,
"2-2-2001 / Newark, DE / Deer Park Tavern (unk)",AUD,FLAC,
"2-6-2001 / Winooski, VT / Higher Ground (unk)",AUD,FLAC,
"3-21-2001 / Boulder, CO / Fox Theatre (MD) (travis schwieger)",AUD,FLAC,
"3-30-2001 / Sacramento, CA / Capitol Garage (unk)",AUD,FLAC,
"3-31-2001 / San Francisco, CA / The Cellar at John Foley's (unk)",AUD,FLAC,
"4-12-2001 / St. Louis, MO / The Pageant Theatre (Core Sound Omnis) (shane e. calhoon) ",AUD,FLAC,
"4-12-2001 / St. Louis, MO / The Pageant Theatre (unk)",AUD,SHN,
"5-2-2001 / Norman, OK / The Red Room (tyler huskerson)",SBD,FLAC,
"6-7-2001 / Raleigh, NC / The Brewery (Webcast) (bill burge) ",WEB,SHN,
"6-8-2001 / Falls Church, VA / The State Theatre (unk) ",AUD,FLAC,
"6-18-2001 / Boston, MA / Paradise Rock Club (unk) ",AUD,FLAC,
"6-22-2001 / Chicago, IL / House of Blues (Oktava MC012) (joe shambro)",AUD,SHN,
"6-27-2001 / St. Louis, MO / Mississippi Nights (Oktava MC012) (joe shambro)",AUD,FLAC,
"6-30-2001 / Atlanta, GA / Roxy Theater (Oktava MC012) (jonathan fletcher)",AUD,FLAC,
"7-28-2001 / Dallas, TX / The Ballroom at Gypsy Tea Room (Oktava MC012) (jonathan fletcher)",AUD,FLAC,
"8-11-2001 / Columbia, MO / The Blue Note (unk) ",AUD,FLAC,
"8-22-2001 / Ann Arbor, MI / The Blind Pig (unk)",AUD,FLAC,
"9-29-2001 / Iowa City, IA / Gabe's Oasis (unk)",AUD,FLAC,
"10-9-2001 / San Francisco, CA / Slim's (Neumann KM184s) (joe polastre)",AUD,FLAC,
"10-18-2001 / Houston, TX / Continental Club (jonathan fletcher)",SBD,FLAC,
"10-26-2001 / Baton Rouge, LA / The Varsity Theatre (Oktava MC012) (joe shambro)",AUD,SHN,
"11-15-2001 / Pontiac, MI / Clutch Cargo (jennifer caputo)",SBD,FLAC,
"11-18-2001 / Willimantic, CT / Eastern Connecticutt State University (Oktava MC012) (hayden)",AUD,FLAC,
,,,
[2002],,,
"XX-XX-2002 / Hamburg, Germany / NDR 2 Studios ",FM,FLAC,
2-17-2002 / Washington DC / 930 Club (Earthworks SR78) (marc becker) ,AUD,FLAC,
"2-25-2002 / Winooski, VT / Higher Ground (Sony-MZ-R50) (zachary taylor)",AUD,FLAC,
"3-5-2002 / Grand Rapids, MI / Calvin College Fine Arts Center (KA-500HNs) (sam lincoln)",AUD,FLAC,
"3-9-2002 / Chicago, IL / House of Blues and Crows Nest In-store (Sharp MD-MT99) (a.j. armour)",AUD,FLAC,
"3-27-2002 / Houston, TX / Numbers (Oktava MC012) (jonathan fletcher)",AUD,FLAC,
"3-27-2002 / Houston, TX / Cactus Music",SBD,FLAC,
"3-30-2002 / Dallas, TX / Gypsy Tea Room (MHBO 603a) (ofotd)",AUD,FLAC,
"4-16-2002 / Minneapolis, MN / KTCZ In-studio (RealAudio)",FM,FLAC,
"4-20-2002 / St. Louis, MO / Mississippi Nights (Oktave MC012) (joe shambro)",AUD,FLAC,
"5-7-2002 / Myrtle Beach, SC / House of Blues (AT853s) (elana gershuny)",AUD,FLAC,
"5-8-2002 / Norfolk, VA / The Norva (AT853s) (elana gershuny)",AUD,FLAC,
"5-26-2002 / Anderson, SC / William A. Floyd Amphitheater (DPA 4022) (george wang)",AUD,FLAC,
"7-20-2002 / Philadelphia, PA / Penn's Landing - DAT(M)",SBD,FLAC,
"7-24-2002 / Cleveland, OH / Tower City Amphitheatre (unk)",AUD,FLAC,
"7-27-2002 / Chicago, IL / A. Finkl & Sons (AT853) (scuba)",AUD,SHN,
"8-2-2002 / Kansas City, KS / City Market (SP-CMC-4) (kcmoejoe)",AUD,FLAC,
"8-3-2002 / St. Louis, MO / Fox Theatre (CoreSound Omnis) (shane e. calhoon)",AUD,SHN,
"8-16-2002 / Berkeley, CA / Greek Theatre (MBHO KA200) (rick bendes)",AUD,FLAC,
"8-17-2002 / Los Angeles, CA / Greek Theatre (unk)",AUD,FLAC,
"8-24-2002 / Austin, TX / The Backyard (DSM-6S) (brian graves)",AUD,FLAC,
"8-25-2002 / Waco, TX / Heart O' Texas Coliseum (MBHO 603A) (ofotd)",AUD,FLAC,
"8-28-2002 / Houston, TX / Verizon Wireless Theater (unk)",AUD,FLAC,
"9-14-2002 / Atlanta, GA / HiFi Buys Amphitheatre (AT4041s) (adam elkins) ",AUD,FLAC,
"11-20-2002 / Syracuse, NY / War Memorial (Terry Sullivan Master)",SBD,FLAC,
"11-20-2002 / Syracuse, NY / Syracuse Oncenter - DAT(M) (duncan oldham)",SBD,FLAC,
,,,
[2003],,,
"4-26-2003 / Boston, MA / Orpheum Theater (RadioShack mics) (jennifer parker)",AUD,SHN,
"7-17-2003 / Los Angeles, CA / Staples Center (AT831) (michael lee)",AUD,SHN,
"7-24-2003 / Selma, TX / Verizon Wireless Amphitheatre (MBHO 603A) (david s.)",AUD,SHN,
"7-25-2003 / The Woodlands, TX / Cynthia Woods Mitchell Pavilion (MBHO 603A) (david s.)",AUD,SHN,
"7-26-2003 / Dallas, TX / Smirnoff Music Centre (MBHO 603A) (david s.)",AUD,SHN,
"7-28-2003 / Bonner Springs, KS / Sandstone Amphitheatre (AT853) (chuck lesiak)",AUD,FLAC,
"7-29-2003 / Maryland Heights, MO / UMB Bank Pavilion (CSC) (shane e. calhoon)",AUD,SHN,
"8-6-2003 / Cincinnati, OH / Riverbend Music Center (Neumann KM-184s) (mike sarnovsky)",AUD,SHN,
"8-12-2003 / Darien Center, NY / Darien Lake Amphitheatre (Schoeps CCM-4) (terry sullivan) ",AUD,FLAC,
"8-15-2003 / Bristow, VA / Nissan Pavilion (DPA 4060s) (sean stevens)",AUD,FLAC,
"8-18-2003 / Saratoga Springs, NY -/ Saratoga Performing Arts Center (Sennheiser MK66) (dssman) ",AUD,FLAC,
"9-28-2003 / Queensland, AUS / Brisbane Convention Centre (Sony FV-9) (nperjanik)",AUD,FLAC,
"11-5-2003 / Toronto, ON / Air Canada Centre (unk)",AUD,FLAC,
"11-16-2003 / Austin, TX / Frank Erwin Center (DSM-6S) (brian graves)",AUD,FLAC,
"11-16-2003 / Austin, TX / Frank Erwin Center (MBHO 603a) (ofotd) ",AUD,FLAC,
"11-18-2003 / Tallahassee, FL / Leon County Civic Center (unk)",AUD,FLAC,
"11-24-2003 / New York, NY / Madison Square Garden (unk)",AUD,FLAC,
"11-29-2003 / Auburn Hills, MI / The Palace of Auburn Hills (Schoeps MK4s) (sam lincoln)",AUD,FLAC,
"12-9-2003 / West Hollywood, CA / House of Blues (unk) ",AUD,FLAC,
,,,
[2004],,,
"2-21-2004 / Los Angeles, CA / Universal Amphitheatre (unk) ",AUD,FLAC,
"3-11-2004 / Morgantown, WV / WVU Coliseum (Sennheiser MKH-800s) (ian white)",AUD,SHN,
"3-12-2004 / Louisville, KY / Freedom Hall (CK63) (jon ice) ",AUD,SHN,
"3-14-2004 / Waltham, MA / Gosman Sports & Recreation Center at Brandeis University (unk)",AUD,FLAC,
"3-19-2004 / Reading, PA / Sovereign Center (unk)",AUD,FLAC,
"3-20-2004 / Providence, RI / Dunkin Donuts Center (unk) ",AUD,FLAC,
"3-23-2004 / East Lansing, MI / Jack Breslin Student Events Center (Schoeps MK41s) (sam lincoln)",AUD,FLAC,
"3-26-2004 / St. Paul, MN / Xcel Energy Center (AT933s) (jason glynn)",AUD,SHN,
"3-27-2004 / Kenosha, WI / Carthage College (unk)",AUD,FLAC,
"3-27-2004 / Kenosha, WI / Carthage College (AKG CK93) (allan short)",AUD,FLAC,
"4-15-2004 / Brisbane, AUS / Brisbane Entertainment Centre (unk)",AUD,FLAC,
"4-17-2004 / Sydney, AUS / Sydney Entertainment Centre (unk) ",AUD,FLAC,
"7-6-2004 / Morrison, CO / Red Rocks Amphitheater (unk) ",AUD,FLAC,
"7-7-2004 / Morrison, CO / Red Rocks Amphitheatre (unk)",AUD,FLAC,
"7-7-2004 / Boulder, CO / Trilogy Lounge (After show) ",AUD,FLAC,
"7-11-2004 / Auburn, WA / White River Amphitheater (unk)",AUD,FLAC,
"7-18-2004 / Chula Vista, CA / Coors Amphitheatre (unk) ",AUD,FLAC,
"8-3-2004 / Cleveland, OH / Blossom Music Center (AT853s) (richard young)",AUD,SHN,
"8-15-2004 / Hartford, CT / ctnow.com Meadows Music Theatre (unk)",AUD,FLAC,
"8-21-2004 / Bristow, VA / Nissan Pavilion (unk)",AUD,FLAC,
"8-24-2004 / Pelham, AL / Live at Oak Mountain Amphitheater (unk)",AUD,FLAC,
"8-29-2004 / Atlanta, GA / HiFi Buys Amphitheater (unk)",AUD,FLAC,
"8-30-2004 / Atlanta, GA / Smith's Olde Bar (AT831s) (geneva weaver)",AUD,SHN,
"9-17-2004 / Boston, MA / Berklee College of Music (unk)",AUD,FLAC,
"11-19-2004 / New York, NY / Housing Works Used Book Cafe (AT853s) (unk) ",AUD,FLAC,
"12-6-2004 / West Hollywood, CA / The Viper Room (AT831s) (catapergirl)",AUD,FLAC,
"12-16-2004 / Chicago, IL / The Chicago Theatre (Oade Micro Mics) (butta)",AUD,FLAC,
"12-28-2004 / New York, NY / Webster Hall (DPA 4011) (chris jones)",AUD,FLAC,
"12-29-2004 / New York, NY / Webster Hall (DPA 4011) (chris jones)",AUD,SHN,
,,,
[2005],,,
"9-17-2005 / Denver, CO / Fillmore Auditorium (John Mayer Trio) (unk) ",AUD,FLAC,
"9-19-2005 / Kansas City, MO / Uptown Theater (John Mayer Trio) (unk)",AUD,FLAC,
"9-22-2005 / Chicago, IL / House of Blues (unk) (John Mayer Trio)",AUD,FLAC,
"9-27-2005 / New Orleans, LA / House of Blues (unk)",AUD,FLAC,
,,,
[2006],,,
"4-10-2006 / Hollywood, CA / Hotel Cafe (DPA 4061) (catapergirl)",AUD,FLAC,
"5-28-2006 / West Hollywood, CA /- Hotel Cafe (DPA 4061) (unk) ",AUD,FLAC,
"8-21-2006 / Toronto, ON / The Mod Club (unk) (debbie ocoboc)",AUD,FLAC,
"8-24-2006 / Burgettstown, PA / Post Gazette Pavilion (unk)",AUD,FLAC,
"8-25-2006 / Saratoga Springs, NY / Saratoga Performing Arts Center (AKG C1000s) (unk)",AUD,FLAC,
"8-30-2006 / Wantagh, NY / Nikon at Jones Beach Theater (M-Audio Mictotrack) (amy)",AUD,FLAC,
"9-2-2006 / Camden, NJ / Tweeter Center (Schoeps MK4s) (craig taraski & keith litzenberger)",AUD,FLAC,
"9-3-2006 / Bristow, VA / Nissan Pavilion (Sony ECM) (debbie ocoboc) ",AUD,FLAC,
"9-13-2006 / New York, NY / Webster Hall",FM,FLAC,
"9-15-2006 / Austin, TX / Zilker Park (DSM-6S) (brian graves)",AUD,FLAC,
"9-23-2006 / Auburn, WA / White River Amphitheatre (Sony ECM 7-19) (debbie ocoboc)",AUD,FLAC,
"9-26-2006 / San Diego, CA / Bayside Concerts at the Embarcadero (Sony ECM 7-19) (debbie ocoboc)",AUD,FLAC,
"9-27-2006 / Irvine, CA / Irvine Meadows (Sony ECM-7-19) (debbie ocoboc)",AUD,FLAC,
"9-29-2006 / Concord, CA / Sleep Train Pavilion at Concord (Sony ECM 7-19) (debbie ocoboc) ",AUD,FLAC,
"9-30-2006 / Marysville, CA / Sleep Train Amphitheater (Sony ECM 7-19) (debbie ocoboc) ",AUD,FLAC,
"10-1-2006 / Mountain View, CA / Shoreline Amphitheatre (Sony ECM 7-19) (debbie ocoboc)",AUD,FLAC,
"10-4-2006 / Glendale, AZ / Glendale Arena (Sony ECM 7-19) (ocoboc)",AUD,FLAC,
"10-6-2006 / The Woodlands, TX / Woodlands Pavilion (AKG 483) (ofotd)",AUD,FLAC,
"10-9-2006 / Pelham, AL / Verizon Wireless Amphitheatre (AT853s) (jeff hatcher) ",AUD,FLAC,
"10-13-2006 / Atlanta, GA / Chastain Park Amphitheatre (Sony ECM 7-19) (ocoboc)",AUD,FLAC,
"10-14-2006 / Atlanta, GA / Chastain Park Amphitheatre (AT831s) (geneva weaver)",AUD,FLAC,
"10-17-2006 / Amsterdam, The Netherlands / Melkweg (AT853s) (susisch)",AUD,FLAC,
"11-10-2006 / Tokyo, Japan / Meguro-Ku - Ebisu Garden Hall (DPA 4061) (selfdistract)",AUD,FLAC,
"12-10-2006 / West Hollywood, CA / Key Club (Sony ECM-719) (docoboc)",AUD,FLAC,
,,,
[2007],,,
"1-27-2007 / Orlando, FL / Amway Arena (Shure MX184s) (francisco novoa) ",AUD,FLAC,
"2-8-2007 / Columbia, SC / Colonial Center (DPA 4023) (george wang)",AUD,FLAC 24,
"2-17-2007 / Bloomington, IL / U.S. Cellular Coliseum (AT853s) (reid eickhorst)",AUD,FLAC,
"2-22-2007 / Grand Rapids, MI / Van Andel Arena (DPA 4061s) (unk) ",AUD,FLAC,
"2-22-2007 / Grand Rapids, MI / Van Andel Arena (CA Cards)",AUD,FLAC,
"2-23-2007 / Columbus, OH / Nationwide Arena (Schoeps MK21) (crumbo)",AUD,FLAC 24,
"2-27-2007 / Syracuse, NY - On Center (MK4 ORTF) (chad j)",AUD,FLAC 24,
"2-27-2007 / Syracuse, NY / Oncenter (AKG C1000s) (claude sawyer)",AUD,FLAC,
"2-28-2007 / New York, NY / Madison Square Garden (DPA 4015) (christopher jones)",AUD,FLAC,
"3-1-2007 / New York, NY / Robin Hood Foundation Benefit (Edirol R-09) (docoboc)",AUD,FLAC,
"4-17-2007 / Toronto, Canada / XM Artist Confidential ",FM,FLAC,
"5-5-2007 / New Orleans, LA / Fair Grounds Race Course",WEB,FLAC,
"6-2-2007 / George, WA / Gorge Amphitheatre (Edirol R-09) (docoboc)",AUD,FLAC,
"6-5-2007 / San Jose, CA / HP Pavilion (Sony ECM 719) (debbie ocoboc)",AUD,FLAC,
"6-10-2007 / Hollywood, CA / Hollywood Bowl (Schoeps MK4) (jon koch) ",AUD,FLAC,
6-11-2007 / Star 98.7 Lounge,FM,FLAC,
"6-19-2007 / Bonner Springs, KS / Verizon Wireless Amphitheatre (MBHO KA200N) (brian price)",AUD,FLAC,
"6-23-2007 / Houston, TX / Cynthia MItchell Woodlands Pavilion (DPA 4023) (matt anderson)",AUD,FLAC 24,
"6-28-2007 / Chicago, IL / Charter One Pavilion (Schoeps MK4) (crumbo)",AUD,FLAC 24,
"6-29-2007 / Chicago, IL / Charter One Pavilion (Schoeps MK4) (crumbo)",AUD,FLAC 24,
"6-30-2007 / Noblesville, IN / Deer Creek (Schoeps MK4) (crumbo) ",AUD,FLAC 24,
"7-1-2007 / Cuyahoga Falls, OH / Blossom Music Center (Schoeps MK4) (crumbo) ",AUD,FLAC 24,
"7-3-2007 / Milwaukee, WI / Marcus Amphitheater (DPA 4023) (george wang)",AUD,FLAC,
"7-4-2007 / Chicago, IL / Petrillo Music Shell ",FM,FLAC,
"7-5-2007 / Auburn Hills, MI / Palace of Auburn Hills (Schoeps MK4s) (sam lincoln) ",AUD,FLAC,
"7-14-2007 / Hartford, CT / New England Dodge Music Center (Audix M1290) (jason johnson)",AUD,FLAC,
"7-14-2007 / Hartford, CT / New England Dodge Music Center (CA-STC-11) (kazmo kramer)",AUD,FLAC,
"7-15-2007/ Saratoga Springs, NY / Saratoga Performing Arts Center (AKG C1000s) (claude sawyer)",AUD,FLAC,
"7-15-2007 / Saratoga Springs, NY / Saratoga Springs Performing Arts Cener (Beyer Dynamic MC 930) (daniel godwin)",AUD,FLAC,
"7-21-2007 / Hershey, PA / Hershey Park Stadium (SPC4) (reconvert) (tom g.)",AUD,FLAC,
"7-22-2007 / Atlantic City, NJ / The Borgata Casino, Hotel & Spa (DPA 4015-TL) (christopher jones)",AUD,FLAC,
"7-23-2007 / New York, NY / WPLJ Acoustic Cafe (chris migliaccio) ",FM,FLAC,
7-25-2007 / Washington DC / Verizon Center (Sennheiser MKH-800s) (timothy brown) ,AUD,FLAC,
"7-28-2007 / Bridgeview, IL / Toyota Park (Sony MZ-NF610) (roy) ",AUD,FLAC,
"8-4-2007 / Pelham, AL / Verizon Wireless Amphitheatre (JW mod AKG 460-CK61) (dennis tyler & jeff hatcher)",AUD,FLAC,
"8-4-2007/ Pelham, AL / Verizon Wireless Amphitheater (AKG 414ULS) (jeff hatcher) ",AUD,FLAC,
"9-6-2007 / Blacksburg, VA / Lane Stadium - Virginia Tech (Oktava MC012) (ron powell)",AUD,FLAC,
"9-6-2007 / Blacksburg, VA / Lane Stadium - Virginia Tech (Sennheiser MKH-800s) (ian white)",AUD,FLAC,
"9-6-2007 / Blacksburg, VA / Virginia Polytechnic Institute - Lane Stadium (SPC4) (rockinman)",AUD,FLAC,
"10-24-2007 / Dallas, TX / Dallas Convention Center Arena (Neumann KM100) (ofotd)",AUD,FLAC,
"10-27-2007 / Mountain View, CA / Shoreline Amphitheatre - 21st Annual BSB (Sony ECM 719) (debbie ocoboc)",AUD,FLAC,
"10-27-2007 / Mountain View, CA / Shoreline Amphitheatre (Schoeps MK4) (josephine) ",AUD,FLAC,
"10-28-2007 / Mountain View, CA / Shoreline Amphitheatre (Schoeps) (unk)",AUD,FLAC,
"10-28-2007 / Mountain View, CA / Shoreline Amphitheatre (Sony ECM 719) (debbie ocoboc)",AUD,FLAC,
,,,
[2008],,,
"7-1-2008 / Maryland Heights, MO / Verizon Wireless Amphitheatre (Sony ECM-719) (monica moehring)",AUD,FLAC,
"7-5-2008 / Noblesville, IN / Verizon Wireless Music Center (Studio Projects C4) (mike peters)",AUD,FLAC,
"7-6-2008 / Rothbury, MI / Rothbury Festival (Schoeps MK41s) (sam lincoln)",AUD,FLAC,
"7-10-2008 / Camden, NJ / Susquehanna Bank Center (AKG 460 mods) (rockinman)",AUD,FLAC,
"7-12-2008 / Mansfield, MA / Comcast Center (CA-11s) (vanark)",AUD,FLAC,
"7-15-2008 / Holmdel, NJ / PNC Bank Arts Center (Sony ECM 719) (amy)",AUD,FLAC,
"7-18-2008 / Tinley Park, IL / First Midwest Bank Amphitheatre (Sennheiser MKH 8040) (crumbo)",AUD,FLAC 24,
"7-20-2008 / Commerce City, CO / Dick's Sporting Goods Park (Edirol) (samuel garcia) ",AUD,FLAC,
"7-23-2008 / Paso Robles, CA / California Mid-State Fair (Sony ECM-719) (debbie ocoboc)",AUD,FLAC,
"7-25-2008 / Marysville, CA / Sleep Train Amphitheatre (Sony ECM-719) (debbie ocoboc)",AUD,FLAC,
"7-26-2008 / Mountain View, CA / Shoreline Amphitheatre (Sony ECM-719) (debbie ocoboc)",AUD,FLAC,
"7-27-2008 / Irvine, CA / Irvine Meadows (Sony ECM-719) (debbie ocoboc)",AUD,FLAC,
"7-29-2008 / Chula Vista, CA / Cricket Wireless Amphtheatre (Sony ECM-719) (debbie ocoboc)",AUD,FLAC,
"7-30-2008 / Phoenix, AZ / Cricket Wireless Pavilion (Sony ECM-719) (debbie ocoboc)",AUD,FLAC,
"8-1-2008 / Dallas, TX / Superpages.com Center (Sony ECM-719) (debbie ocoboc)",AUD,FLAC,
"8-2-2008 / Woodlands, TX / Cynthia Woods Mitchell Pavilion (DPA 4023) (justin kacz)",AUD,FLAC,
"8-2-2008 / Woodlands, TX / Woodlands Pavilion (DPA 4021) (ofotd)",AUD,FLAC,
"8-19-2008 / Charlotte, NC / Verizon Wireless Amphitheatre (Neumann AK40) (brian hadella)",AUD,FLAC,
"8-19-2008 / Charlotte, NC / Verizon Wireless Amphitheatre (Shure SM81s) (gary burdick) ",AUD,FLAC,
"8-22-2008 / Darien Center, NY / Darien Lake Performing Arts Center (AT 4041s) (seth nochajski)",AUD,FLAC,
"8-23-2008 / Hartford, CT / Dodge Music Center (AKG C1000s) (crupi)",AUD,FLAC,
"8-23-2008 / Hartford, CT / New England Dodge Center (AKG481) (kazmo kramer)",AUD,FLAC,
"8-24-2008 / Atlantic City, NJ / Borgata Hotel Casino & Spa (Schoeps MK41) (unk)",AUD,FLAC,
"8-25-2008 / Saratoga Springs, NY / Saratoga Performing Arts Center (AKG C1000s) (claude sawyer)",AUD,FLAC,
"8-30-2008 / Tampa, FL / Ford Amphitheatre (Sennheiser MKE) (tom ierna)",AUD,FLAC 24,
"8-31-2008 / West Palm Beach, FL / Cruzan Amphitheatre (CA-9100) (mattrix) ",AUD,FLAC,
"12-6-2008 / Los Angeles, CA / Nokia Theater (unk)",AUD,FLAC,
,,,
[2009],,,
"11-16-2009 / Brooklyn, NY / Music Hall of Williamsburg (Gefell M200s) (keith)",AUD,FLAC,
"11-24-2009 / Toronto, ON / Sound Academy - Canadian Battle Studies Release Show",SBD,FLAC,
,,,
[2010],,,
"1-13-2010 / Amsterdam, The Netherlands / Heineken Music Hall (Sennheiser MKE2)",AUD,FLAC,
"1-13-2010 / Amsterdam, The Netherlands / Heineken Music Hall",FM,FLAC,
"2-4-2010 / Sunrise, FL / Bank Atlantic Center (Schoeps CCM4s) (unk)",AUD,FLAC,
"2-5-2010 / Tampa, FL / St. Pete Times Forum (Shure MX184s) (francis novoa)",AUD,FLAC,
"2-8-2010 / North Charleston, SC / North Charleston Coliseum (Busman Mod Oktava MC-012) (unk)",AUD,FLAC,
"2-12-2010 / Auburn Hills, MI / Palace of Auburn Hills (Schoeps MK4) (unk)",AUD,FLAC 24,
"2-24-2010 / Boston, MA / TD Garden (CA-11s) (vanark)",AUD,FLAC,
"2-25-2010 / New York, NY / Madison Square Garden (DPA 4015-TL) (christopher jones)",AUD,FLAC,
"2-26-2010 / New York, NY / Madison Square Garden (DPA 4015-TL) (christopher jones)",AUD,FLAC,
"2-28-2010 / Grand Rapids, MI / Van Andel Arena (Schoeps MK4) (sam lincoln) ",AUD,FLAC 24,
"3-1-2010 / Milwaukee, WI / Bradley Center (Zoom H2) (unk)",AUD,FLAC,
"3-5-2010 / Oklahoma City, OK / Ford Center (AKG 483) (ofotd)",AUD,FLAC,
"3-6-2010 / Houston, TX / The Toyota Center (DPA 4021) (justin kacz)",AUD,FLAC,
"3-9-2010 / Dallas, TX / American Airlines Center (AKG 483) (ofotd) ",AUD,FLAC,
"3-12-2010 / Columbus, OH / Nationwide Arena (AKG 480 CK63) (jedinak)",AUD,FLAC,
"3-13-2010 / Louisville, KY / Freedom Hall (AT831s) (geneva weaver) ",AUD,FLAC,
"3-17-2010 / Atlanta, GA / Philips Arena (Schoeps CCM4Vs) (z-man)",AUD,FLAC,
"3-22-2010 / Kansas City, MO / Sprint Center (Beyerdynamic MC930s) (michael b lindsay)",AUD,FLAC 24,
"4-8-2010 / Fargo, ND / Fargodome (Sony mic) (pam)",AUD,FLAC,
"4-10-2010 / Chicago, IL / United Center (CA-14s) (diamonds) ",AUD,FLAC,
"5-11-2010 / Tokyo, Japan /  JCB Hall - Battle Water 2010 (Night 1)",AUD,M4A,
"5-12-2010 / Tokyo, Japan /  JCB Hall - Battle Roads (Night 2)",AUD,M4A,
"5-13-2010 / Tokyo, Japan /  JCB Hall - Battle Bridges (Night 3)",AUD,M4A,
"5-13-2010 / Tokyo, Japan / JCB Hall (AT9900) (unk)",AUD,FLAC,
"7-16-2010 / Charlotte, NC / Verizon Wireless Amphitheatre (DPA 4023) (george wang)",AUD,FLAC,
"7-16-2010 / Charlotte, NC / Verizon Wireless Amphitheatre (DPA 4023) (brian hadella)",AUD,FLAC,
"7-17-2010 / Raleigh, NC / Time Warner Cable Music Pavilion at Walnut Creek (DPA 4023) (george wang) ",AUD,FLAC,
"7-21-2010 / Wantagh, NY / Jones Beach Amphitheatre (Schoeps CCM4Vs) (z-man)",AUD,FLAC,
"7-30-2010 / Camden, NJ / Susquehanna Bank Center (AKG 460 mods) (rockinman) ",AUD,FLAC,
"7-31-2010 / Bristow, VA / Jiffy Lube Live (AKG460mods) (rockinman)",AUD,FLAC,
"8-4-2010 / Bethel, NY / Bethel Woods Center for the Arts (AKG C1000) (claude sawyer)",AUD,FLAC,
"8-4-2010 / Bethel, NY / Bethel Woods Center For The Arts (Schoeps MK41s) (keith litzenberger) ",AUD,FLAC,
"8-5-2010 / Hershey, PA / Hersheypark Stadium (AKG 460mods) (rockinman)",AUD,FLAC,
"8-7-2010 / Hartford, CT / Comcast Theatre (DPA 4025-TL) (christopher jones)",AUD,FLAC,
"8-7-2010 / Hartford, CT / Comcast Theatre (Beyer Dynamics MC-930s) (steve walkuski)",AUD,FLAC,
"8-8-2010 / Saratoga Springs, NY / Saratoga Performing Arts Center (AKG C1000) (claude sawyer)",AUD,FLAC,
"8-8-2010 / Saratoga Springs, NY / Saratoga Performing Arts Center (DPA 4015-TL) (christopher jones)",AUD,FLAC,
"8-14-2010 / Tinley Park, IL / FMBP (Zoom H2) (unk)",AUD,FLAC,
"8-15-2010 / Noblesville, IN / Verizon Wireless Music Center (Shure KSM109s) (mike peters)",AUD,FLAC,
"8-18-2010 / Phoenix, AZ / Cricket Pavilion (CA-11) (u22utoo)",AUD,FLAC,
"8-22-2010 / Hollywood, CA / Hollywood Bowl (AKG CK63) (duh vid)",AUD,FLAC,
"8-22-2010 / Hollywood, CA / Hollywood Bowl (Schoeps MK41) (b. weaver)",AUD,FLAC,
"9-4-2010 / Dallas, TX / Superpages.com Center (Schoeps MK41) (b. weaver)",AUD,FLAC,
"9-5-2010 / The Woodlands, TX / Cynthia Woods-Mitchell Pavilion (DPA 4021) (justin kacz) ",AUD,FLAC,
,,,
[2013],,,
"4-25-2013 / Tuscaloosa, AL / Tuscaloosa Amphitheater (unk) (don browning & debbie ocoboc)",AUD,FLAC,
"7-10-2013 / Bonner Springs, KS / Cricket Wireless Amphitheatre (CA-11s) (jagraham)",AUD,FLAC,
"7-10-2013 / Bonner Springs, KS / Cricket Wireless Amphitheatre (CA-14s) (jagraham)",AUD,FLAC,
"7-12-2013 / The Woodlands, TX / Cynthia Woods-Mitchel Pavilion (DPA 4028) (justin kacz)",AUD,FLAC 24,
"8-10-2013 / Noblesville, IN / Klipsch Music Center (AKG 460B) (mike peters)",AUD,FLAC,
"8-10-2013 / Noblesville, IN / Klipsch Music Center (CK63) (duh vid) ",AUD,FLAC,
"8-11-2013 / Springfield, IL / Illinoise State Fairground (unk) ",AUD,FLAC,
"8-16-2013 / Hartford, CT / Comcast Theatre (Beyer MC930) (steve walkuski) ",AUD,FLAC,
"8-16-2013 / Hartford, CT / Comcast Theatre (Beyer MC930) (steve walkuski)",AUD,FLAC,
"8-17-2013 / Mansfield, MA / Great Woods (MBHO603) (bob crupi)",AUD,FLAC,
"8-31-2013 / Bristow, VA / Jiffy Lube Live (AKG 460mod) (rockinman)",AUD,FLAC,
"9-1-2013 / Atlantic City, NJ / Borgata Hotel - Casino adn Spa (DPA 4015-TL) (christopher jones)",AUD,FLAC,
"9-4-2013 / Charlotte, NC / Verizon Wireless Amphitheatre (Berliner CM-33s) (nsl) ",AUD,FLAC,
"9-27-2013 / Atlanta, GA / Aaron's Amphitheatre at Lakewood (unk) (don browning)",AUD,FLAC,
"10-1-2013 / Albuquerque, NM / Isleta Amphitheatre (unk) (debbie ocoboc)",AUD,FLAC,
"10-2-2013 / Phoenix, AZ / Desert Sky Pavilion (unk) (debbie ocoboc)",AUD,FLAC,
"10-5-2013 / Los Angeles, CA / Hollywood Bowl (unk) (debbie ocoboc)",AUD,FLAC,
"10-17-2013 / Olso, Germany / Spektrum (Zoom H4) (tobben) ",AUD,FLAC,
"12-17-2013 / Brooklyn, NY / Barclays Center (DPA 4022) (christopher jones)",AUD,FLAC 24,
,,,
[2014],,,
"4-30-2014 / Tokyo, Japan / Castle Hall - Good and Fine (unk)",AUD,M4A,
"5-2-2014 / Tokyo, Japan / Budokan (1st Night) (unk) ",AUD,M4A,
"5-3-2014 / Tokyo, Japan / Budokan - Dreams at Home (unk) ",AUD,M4A,
"5-3-2014 / Tokyo, Japan / Budokan (MKE 40-60) (starlight)",AUD,FLAC,
"5-3-2014 / Tokyo, Japan / Budokan (unk)",AUD,M4A,
"6-12-2014 / Stockholm, SWE / Ericsson Globe (iPhone 3G) (bluemikey)",AUD,FLAC,
,,,
[2017],,,
"3-31-2017 / Albany, NY / Times Union Center (DPA 4025-TL) (christopher jones) ",AUD,FLAC,
"3-31-2017 / Albany, NY / Times Union Center (MG21) (keith antaya)",AUD,FLAC,
"3-31-2017 / Albany, NY / Times Union Center (Rode NT4) (unk)",AUD,FLAC,
"4-1-2017 / Montreal, Quebec / Bell Centre (DPA 4015-TL) (christopher jones)",AUD,FLAC,
"4-5-2017 / New York, NY / Madison Square Garden (DPA 4023) (christopher jones)",AUD,FLAC 24,
"4-9-2017 / Boston, MA / TD Garden (Rode NT4) (unk)",AUD,FLAC,
"4-11-2017 / Chicago, IL / United Center (Zoom H1) (ethan koisti) ",AUD,FLAC,
"4-12-2017 / Columbus, OH / Schottenstein Center (Schoeps MK41) (relax and stream)",AUD,FLAC,
"4-14-2017 / Kansas City, MO / Sprint Center (Nakamichi CM-30s) (jason graham)",AUD,FLAC,
"4-14-2017 / Kansas City, MO / Sprint Center (AT-853s) (jason graham)",AUD,FLAC,
"4-15-2017 / Saint Paul, MN / Xcel Energy Center (DPA 4023) (christopher jones)",AUD,FLAC,
"4-19-2017 / Vancouver, BC / Rogers Arena (CA-11s) (dgb)",AUD,FLAC 24,
"5-3-2017 / Amsterdam, The Netherlands / Ziggo Dome (thomas van der dunk)",AUD,FLAC,
"5-8-2017 / Oslo, Norway / Oslo Spektrum (Zoom H4) (unk) ",AUD,FLAC,
"7-25-2017 / Anaheim, CA / Honda Center (CA-14c) (chrisedge) ",AUD,FLAC,
"7-27-2017 / Sacramento, CA / Golden 1 Center (DPA 4023) (justin kacz)",AUD,FLAC,
"8-6-2017 / The Woodlands, TX / Cynthia Woods Mitchell Pavilion (DPA 4023) (ofotd)",AUD,FLAC,
"8-8-2017 / Nashville, TN / Bridgestone Arena (Rode MD5) (unk)",AUD,FLAC,
"8-10-2017 / Atlanta, GA / Lakewood Amphitheatre (Rode MD5) (unk)",AUD,FLAC,
"8-13-2017 / Tampa, FL / Amalie Arena (Sennheiser MKE) (tom ierna)",AUD,FLAC 24,
"8-15-2017 / Charlotte, NC / PNC Music Pavilion (CM-33s) (nsl) ",AUD,FLAC,
"8-16-2017 / Raleigh, NC / Coastal Credit Union Music Park at Walnut Creek (CA-11) (golf7)",AUD,FLAC,
"8-18-2017 / Camden, NJ / BB&T Pavilion (KM185) (justin kacz)",AUD,FLAC 24,
"8-19-2017 / Holmdel, NJ / PNC Bank Arts Center (Neumann U89i) (christopher jones)",AUD,FLAC,
"8-20-2017 / Hartford, CT / Xfinity Theater (MG21) (keith antaya)",AUD,FLAC,
"8-20-2017 / Hartford, CT / Xfinity Theatre (Shure MV88) (mibro0224) ",AUD,FLAC,
"8-22-2017 / Syracuse, NY / Lakeview Amphitheatre (Neumann SKM140) (steven weld)",AUD,FLAC 24,
"8-23-2017 / Wantagh, NY / Jones Beach Amphitheatre (Gefell M210s) (jon pasternik)",AUD,FLAC,
"8-23-2017 / Wantagh, NY / Jones Beach Amphitheater (Rode M5) (unk)",AUD,FLAC,
"8-27-2017 / Darien Center, NY / Darien Lake Performing Arts Center (AT831s) (binko)",AUD,FLAC,
"8-30-2017 / Cuyahoga Falls, OH / Blossom Music Center (MCE86II) (scott plumer)",AUD,FLAC,
,,,
[2019],,,
"4-5-2019 / Tangerang, Indonesia / BSD City (Samsung A6) (unk)",AUD,AIF,
"4-10-2019 / Tokyo, Japan / Budokan (Sennheiser MKE 40-EW) (halwo)",AUD,FLAC,
"4-11-2019 / Tokyo, Japan / Budokan (Sennheiser MKE 40-EW) (halwo)",AUD,FLAC,
"7-19-2019 / Albany, NY / Times Union Center (Rode NT4) (claude sawyer)",AUD,FLAC,
"7-19-2019 / Albany, NY / Times Union Center (Schoeps CCM41) (christopher jones)",AUD,FLAC,
"7-20-2019 / Providence, RI / Dunkin' Donuts Center (Schoeps CCM41) (christopher jones)",AUD,FLAC,
"7-20-2019 / Providence, RI / Dunkin' Donuts Center (DPA 411ER) (christopher jones) ",AUD,FLAC,
"7-23-2019 / Washington, DC / Capitol One Arena (Zoom H2) (joey depaiva)",AUD,FLAC,
"7-25-2019 / New York, NY / Madison Square Garden (Rode VideoMic Pro) (don browning)",AUD,FLAC,
"7-26-2019 / New York, NY / Madison Square Garden (Rode Videmic) (don browning)",AUD,FLAC,
"7-26-2019 / New York, NY / Madison Square Garden (Schoeps CCM41) (christopher jones)",AUD,FLAC 24,
"7-26-2019 / New York, NY / Madison Square Garden (SiriusXM Live Rewind Stream) (anthony) ",FM,FLAC,
"7-30-2019 / Toronto, Ontario / Scotiabank Arena (Zoom H2) (joey depaiva)",AUD,WAV,
"7-31-2019 / Toronto, Ontario / Scotiabank Arena (Zoom H2) (joey depaiva)",AUD,WAV,
"8-2-2019 / Detroit, MI / Little Caesars Arena (Schoeps CCM41) (christopher jones) ",AUD,FLAC 24,
"8-2-2019 / Detroit, MI / Little Caesars Arena (Schoeps CCM41 + DPA 4011) (5.1 mix) (christopher jones)",MIX,FLAC 24,
"8-5-2019 / St. Paul, MN / Xcel Energy Center (Mobile Phone Voice Recorder) (jmay2019) ",AUD,M4A,
"8-8-2019 / Nashville, TN / Bridgestone Arena (Rode VideoMic Pro) (don browning)",AUD,FLAC,
"8-11-2019 / Atlanta, GA / State Farm Arena (Rode VideoMic Pro) (don browning) ",AUD,FLAC,
"9-2-2019 / Kansas City, MO / Sprint Center (AT853s) (jason graham)",AUD,FLAC,
"9-2-2019 / Kansas City, MO / Sprint Center (Nakamichi CM-300s) (jason graham)",AUD,FLAC,
"9-4-2019 / St. Louis, MO / Enterprise Center (Rode VideoMic Pro) (don browning)",AUD,FLAC,
"9-8-2019 / Houston, TX / Toyota Center (DPA 4023) (justin kacz)",AUD,FLAC 24,
"9-14-2019 / Inglewood, CA / The Forum (CA-14s) (chrisedge)",AUD,FLAC,
"9-17-2019 / Sacramento, CA / Golden 1 Center",AUD,MP3,
"9-21-2019 / Dallas, TX / Crossroads Guitar Festival (MK4) (scooter123)",AUD,FLAC,
"10-3-2019 / Oslo, Norway / Oslo Spektrum (Zoom H4) (tobbengb) ",AUD,FLAC,
,,,
[2022],,,
"2-17-2022 / Albany, NY / MVP Arena (Tascam DR-05) (joel shover)",AUD,FLAC,
"2-17-2022 / Albany, NY / MVP Arena (Rode NT4) (joel shover)",AUD,FLAC,
"2-20-2022 / New York, NY / Madison Square Garden (DPA 4011) (christopher jones) ",AUD,FLAC 24,
"2-21-2022 / New York, NY / Madison Square Garden (Tascam DR-05) (joel shover)",AUD,FLAC,
"2-21-2022 / New York, NY / Madison Square Garden (DPA 4061) (5.1) (christopher jones) ",AUD,FLAC 24,
"3-11-2022 / Las Vegas, NV / MGM Grand Garden Arena (Zoom H1) (djid4)",AUD,FLAC 24,
"3-15-2022 / Los Angeles, CA / The Forum (Zoom H1) (djid4)",AUD,FLAC 24,
"3-16-2022 / Los Angeles, CA / The Forum (Zoom H1) (djid4)",AUD,FLAC 24,
"3-18-2022 / Los Angeles, CA / The Forum (Zoom H1) (djid4)",AUD,FLAC 24,
"3-18-2022 / San Francisco, CA / Chase Center (Schoeps MK4) (tj) ",AUD,FLAC,
"4-2-2022 / Sunrise, FL / FLA Live Arena (unk) ",AUD,FLAC,
"4-5-2022 / Tampa, FL / Amalie Arena (unk) (joel shover)",AUD,FLAC,
"4-8-2022 / Atlanta, GA / State Farm Arena (Schoeps MK4s) (mark terrell)",AUD,FLAC 24,
"4-9-2022 / Atlanta, GA / State Farm Arena (Schoeps MK4s) (mark terrell)",AUD,FLAC,
"5-3-2022 / Toronto, ON / ScotiaBank Arena (Zoom H1N) (aerofan6)",AUD,FLAC,
"5-7-2022 / Elmont, NY/ UBS Arena (AKG C414) (zachary semcken)",AUD,FLAC 24,
"5-7-2022 / Elmont, NY / UBS Arena (Sennheiser MKH 800) (christopher jones) ",AUD,FLAC,
"5-7-2022 / Elmont, NY / UBS Arena (Sennheiser MKH 800 + Schoeps CCM41) (5.1) (christopher jones) ",MIX,FLAC 24,
"8-8-2022 / Livingston, MT / Pine Creek Lodge (Tascam DR-05) (rock n knit) ",AUD,FLAC,
"8-31-2022 / Livingston, MT / Pine Creek Lodge (Nugs.net)",SBD,FLAC,Official Bootleg
,,,
[2023],,,
"3-11-2023 / Newark, NJ / Prudential Center (AKG C414 XLII) (zachary semcken)",AUD,FLAC 24,
"3-11-2023 / Newark, NJ / Prudential Center (OM1 Omnis) (eric lugassy) ",AUD,FLAC,
"3-15-2023 / New York, NY / Madison Square Garden (Schoeps CCM41) (christopher jones) ",MIX,FLAC,
"3-20-2023 / Toronto, ON / Scotiabank Arena (iPhone XR) (ethan flynn)",AUD,FLAC,
"3-24-2023 / Nashville, TN / Bridgestone Arena (Rode Video Mic) (don browning)",AUD,FLAC,
"3-25-2023 / Cleveland, OH /  Rocket Mortgage (Tascam DR-03) (unk) ",AUD,FLAC,
"3-25-2023 / Cleveland, OH / Rocket Mortgage Fieldhouse (Tascam DR-40) (cubesnake)",AUD,FLAC 24,
"3-27-2023 / Atlanta, GA / State Farm Arena (Rode VideoMic Pro) (don browning)",AUD,FLAC,
"3-29-2023 / St. Louis, MO / Enterprise Center (Rode VideoMic Pro) (don browning) ",AUD,FLAC,
"3-31-2023 / Chicago, IL / United Center (iPhone mic clip) (tricia l)",AUD,FLAC 24,
"4-8-2023 / Sacramento, CA / Golden 1 Center (Zoom H1) (djid4)",AUD,FLAC 24,
"9-27-2023 / Hollywood, FL / Hard Rock Live (AKG C414 XLII) (zachary semcken)",AUD,FLAC 24,
"10-3-2023 / New York, NY / Madison Square Garden (Schoeps CCM 41 + CMC1L41V) (christopher jones)",AUD,FLAC 24,
"10-3-2023 / New York, NY / Madison Square Garden (AT3031 + AKG C414) (eric lugassy) ",AUD,FLAC,
"10-6-2023 / Boston, MA / TD Garden (Schoeps CMC622) (jay)",AUD,FLAC,
"10-11-2023 / Nashville, TN / Bridgestone Arena (Rode VideoMic Pro) (don browning) ",AUD,FLAC,
"10-21-2023 / Elmont, NY / UBS Arena (Neumann U67) (christopher jones)",AUD,FLAC,
"10-21-2023 / Elmont, NY / UBS Arena (CM-700s) (unk)",AUD,FLAC,
"10-23-2023 / Charlotte, NC / Spectrum Center (Rode VideoMic Pro) (don browning)",AUD,FLAC,
"10-25-2023 / Atlanta, GA / State Farm Arena (Schoeps CCM4Vs) (z-man) ",AUD,FLAC,
"10-25-2023 / Atlanta, GA / State Farm Arena (Rode VideoMic Pro) (don browning)",AUD,FLAC,
"10-30-2023 / Houston, TX / Toyota Center (DPA 4018V) (justin kacz) ",AUD,FLAC 24,
"11-7-2023 / San Francisco, CA / Chase Center (DPA 4011er) (ryan hoyt)",AUD,FLAC 24,
"11-7-2023 / San Francisco, CA / Chase Center (DPA 4028) (ryan hoyt) ",AUD,FLAC 24,
"11-7-2023 / San Francisco, CA / Chase Center (Zoom H1) (djid4) ",AUD,FLAC 24,
,,,
[2024],,,
"3-24-2024 / Paris, France / Accor Arena (iPhone 13 Pro) (littlbr)",AUD,FLAC,
,,,
[2025],,,
"1-3-2025 / Los Angeles, CA / Kia Forum - FireAid",WEB,MP4,