Primus,Versions,File Type,
Drive - F,,,
,,,
,,,
[1987],,,
"XX-XX-1987 / Berkeley, CA (Practice sessions and Live)",,FLAC,
"XX-XX-1987 / Berkeley, CA",SBD,FLAC,
"7-13-1987 / Oakland, CA / The Omni",AUD,FLAC,
"7-13-1987 / Oakland, CA / The Omni (fixed)",AUD,FLAC,
"7-13-1987 / Oakland, CA / The Omni (unk)",AUD,FLAC,
,,,
[1988],,,
"XX-XX-1988 / Berkeley, CA",SBD #1,FLAC,
"XX-XX-1988 / Berkeley, CA",SBD #2,FLAC,
,,,
[1989],,,
"XX-XX-1989 / San Francisco, CA / *Sunday Night Live",AUD,FLAC,
"2-25-1989 / Berkeley, CA / Berkeley Square",AUD,FLAC,
"5-3-1989 / Palo Alto, CA / Stanford University - KZSU 91.9",FM,FLAC,
"8-26-1989 / Sacramento, CA / Cattle Club",AUD,FLAC,
"9-30-1989 / Oakland, CA / The Omni - AUD>CASS(1)",AUD,FLAC,
"10-24-1989 / Cleveland, OH / Phantasy Club",AUD,FLAC,
,,,
[1990],,,
"2-3-1990 / San Francisco, CA / I-Beam",AUD,FLAC,
"2-17-1990 / San Francisco, CA / Full Moon Saloon",AUD,FLAC,
"3-31-1990 / Berkeley, CA / Club AMP",AUD,FLAC,
"4-14-1990 / Palo Alto, CA / (Unknown Venue)",AUD,FLAC,
"4-20-1990 / Oakland, CA / The Omni - Informant Thrash Awards",AUD,FLAC,
"5-4-1990 / San Francisco, CA / The I-Beam (Bob Cock and the Yellow Sock)",AUD,FLAC,
"6-10-1990 / San Francisco, CA / Haight Street Fair",AUD,FLAC,
"6-22-1990 / Santa Cruz, CA / The Catalyst",AUD,FLAC,
"6-30-1990 / Oakland, CA / The Omni - ANA(3)",AUD,FLAC,
"7-21-1990 / Santa Cruz, CA / The Catalyst (Nakamichi CM300) (markp)",AUD,FLAC,
"8-16-1990 / Cleveland, OH / Peabody's Down Under",AUD,FLAC,
"8-18-1990 / Ann Arbor, MI / Rick's American Cafe (Sony 909)",AUD,FLAC 24,
"8-24-1990 / Montreal, PQ / Les Foufounes ?lectriques",AUD,FLAC,
"8-30-1990 / Boston, MA / Axis - ANA(x) (unk) (sluggo)",AUD,FLAC,
"9-5-1990 / Syracuse, NY / Lost Horizon",AUD,FLAC,
"10-5-1990 / Hollywood, CA / Club Lingerie",AUD,FLAC,
"11-2-1990 / Mezzago, Italy / Bloom *Live at Bloom (Philips FC731)",AUD,FLAC,
"11-4-1990 / Dienze, Belgium / Futurama Festival (Sony WM-D3)",AUD,FLAC,
"11-13-1990 / Stuttgart, Germany / Universum",AUD,FLAC,
"11-20-1990 / Amsterdam, Holland / Paradiso *Paradiso Holland 1990",AUD,FLAC,
"11-21-1990 / Amsterdam, The Netherlands / Amstel Studios (VPRO Radio) (HJ 009/010)",Silver CD,FLAC,
"11-21-1990 / Amsterdam, The Netherlands / Amstel Studios",FM,FLAC,
"11-25-1990 / Eindhoven, The Netherlands / Effenaar (fixed)",AUD,FLAC,
"12-1-1990 / Liverpool, England / Stairways Club - ANA(3)",AUD,FLAC,
"12-1-1990 / Liverpool, England / Stairways Club - VHS(x)",AUD,DVD,
"12-11-1990 / Portland, OR / Chiles Center",AUD,FLAC,
"12-15-1990 / San Francisco, CA / Civic Auditorium",AUD,FLAC,
"12-30-1990 / San Francisco, CA / Nightbreak",AUD,FLAC,
,,,
[1991],,,
"2-8-1991 / San Jose, CA / San Jose State Student Union Ballroom - ANA(2)",AUD,FLAC,
"3-20-1991 / Fresno, CA / Wilson Theatre - ANA(M)",AUD,FLAC,
"5-23-1991 / Santa Clara, CA / One Step Beyond",AUD,FLAC,
"6-20-1991 / Milano, Italy / Prego Club - ANA(M) (Nakamichi) (38f)",AUD,FLAC,
"6-25-1991 / Deinze, Belgium / Brielpoort (Sony WM-D3)",AUD,FLAC,
"7-6-1991 / Costa Mesa, CA / Pacific Amphitheatre - CASS(M)",AUD,FLAC,
"7-7-1991 / Mountain View, CA / Shoreline Amphitheatre (CM300) (markp)",AUD,FLAC,
"7-20-1991 / New Orleans, LA / Tipitina's",AUD,FLAC,
"7-24-1991 / Miami, FL / Washington Square - ANA(2)",AUD,FLAC,
"7-31-1991 / Philadelphia, PA / Theatre of the Living Arts (TLA) (Schoeps) (billydee)",AUD,FLAC,
"8-2-1991 / Trenton, NJ / City Gardens - VHS(1)",AUD,DVD,
"8-4-1991 / Boston, MA / The Axis - CASS(M)",AUD,FLAC,
"8-6-1991 / Toronto, Ontario / Lee's Palace",AUD,FLAC,
"8-29-1991 / San Francisco, CA / The Warfield",AUD,FLAC,
"8-29-1991 / San Francisco, CA / The Warfield - ANA(2)",AUD,FLAC,
"10-18-1991 / Fresno, CA / Wilson Theatre",AUD,FLAC,
"10-19-1991 / Irvine, CA / Irvine Meadows - CASS(M)",AUD,FLAC,
"10-26-1991 / San Francisco, CA / Fashion Center (K.I.T.S. 105.3FM Listener Appreciation Party)",FM,FLAC,
"11-3-1991 / Minneapolis, MN / First Avenue *Resident Weirdos (CD-EYE-08)",Silver CD,FLAC,
"11-3-1991 / Minneapolis, MN / First Avenue - ANA(1) (david m.)",,FLAC,
"11-5-1991 / Madison, WI / Orpheum Theatre",AUD,FLAC,
"11-6-1991 / Milwaukee, WI / Central Park Ballroom (Sony Stock Mic)",AUD,FLAC,
"11-13-1991 / Cleveland, OH / Agora Theater (Sony WM-D3) (juggleslugg)",AUD,FLAC,
"11-19-1991 / New Haven, CT / The Palace",AUD,FLAC,
"11-29-1991 / Miami Beach, FL / Cameo Theater - VHS(2)",AUD,DVD,
"12-5-1991 / Austin, TX / Austin Opera House (2 Sony 300 Cameras)",AUD,DVD,
"12-6-1991 / Houston, TX / The Unicorn - ANA(3)",AUD,FLAC,
,,,
[1992],,,
"1-21-1992 / Los Angeles, CA / The Cathouse - CASS(M)",AUD,FLAC,
"1-21-1992 / Los Angeles, CA / The Cathouse",SBD,FLAC,
"1-21-1992 / Los Angeles, CA / The Cathouse - DAT(3) (scottiem)",SBD,FLAC,
"1-25-1992 / Fresno, CA / Selland Arena",AUD,FLAC,
"1-29-1992 / Oakland, CA / Oakland Coliseum (Sony ECM-990)",AUD,FLAC,
"2-23-1992 / New Orleans, LA / Lakefront Arena (includes soundcheck)",AUD,FLAC,
"2-25-1992 / Pensacola, FL / Civic Center",AUD,FLAC,
"3-7-1992 / Chapel Hill, NC / Smith Center",AUD,FLAC,
"3-12-1992 / Binghampton, NY / Broome County Arena (Sony Tie Clip barrel mic) (j.p.)",AUD,FLAC,
"3-12-1992 / Binghampton, NY / Broome County Arena (unk)",AUD,FLAC,
"3-20-1992 / San Rafael, CA / Marin Center Exhibit Hall *Gone Fishing (GM-19)",Silver CD,FLAC,
"4-12-1992 / Birmingham, England / National Exhibition Center",AUD,FLAC,
"4-18-1992 / London, England / Wembley Arena",AUD,FLAC,
"4-23-1992 / Cologne, Germany / Sporthalle - Hi8(M)",AUD,DVD,
"4-24-1992 / Frankfurt, Germany / Festhalle (inc) (unk)",AUD,FLAC,
"4-27-1992 / Berlin, Germany / Eissporthalle",AUD,FLAC,
"5-1-1992 / Paris, France / Le Zenith",AUD,FLAC,
"6-6-1992 / Berkeley, CA / Greek Theater",AUD,FLAC,
"6-6-1992 / Berkeley, CA / William Randolph Hearst Greek Theatre - ANA(1) (unk) (koondog)",AUD,FLAC,
"8-29-1992 / New York, NY / Yankee Stadium",AUD,FLAC,
"9-2-1992 / Philadelphia, PA / Veteran's Stadium",AUD,FLAC,
"9-9-1992 / Pontiac, MI / Silverdome - ANA(1) (unk)",AUD,FLAC,
"9-21-1992 / Morrison, CO / Red Rocks Amphitheater",AUD,FLAC,
"12-31-1992 / San Francisco, CA / Bill Graham Civic Center",AUD,FLAC,
XX-XX-1992 / Europe / *Here Come the Bastards,Silver CD,FLAC,
,,,
[1993],,,
"6-18-1993 / Vancouver, BC / Thunderbird Stadium (Lollapalooza)(Sony ECM-909) (audioarchivist)",AUD,FLAC,
"6-19-1993 / George, WA / The Gorge",AUD,FLAC,
"6-20-1993 / Portland, OR / Portland Meadows",AUD,FLAC,
"6-22-1993 / Mountain View, CA / Shoreline Amphitheatre",AUD,FLAC,
"6-22-1993 / Mountain View, CA - Shoreline Amphitheatre (Patched show) (neekrive freakout tht)",MIX,FLAC,
"6-23-1993 / Mountain View, CA / Shoreline Amphitheatre (Sony D3)",AUD,FLAC,
"6-26-1993 / Denver, CO / Fiddler's Green *You Can't Party Without Me! (HR 5915-8)",Silver CD,FLAC,
"6-26-1993 / Greenwood Village, CO / Fiddler's Green Amphitheatre *You Can't Party Without Me (jonasson + vibriodxire)",Silver CD,FLAC,
"7-9-1993 / Milan, MI / Milan Dragway (Lollapalooza)",AUD,FLAC,
"7-12-1993 / Stanhope, NJ / Waterloo Village (Lollapalooza) (Schoeps CMC4/MK41) (billydee)",AUD,FLAC,
"7-12-1993 / Stanhope, NJ / Waterloo Village - ANA(M) (Sony WM-D3) (koondog) ",AUD,FLAC,
"7-13-1993 / Stanhope, NJ / Waterloo Village - ANA(M) (Sony WM-D3) (koondog)",AUD,FLAC,
"7-13-1993 / Stanhope, NJ / Waterloo Village *Acid Trip (BZCD 049)",Silver CD,FLAC,
"7-14-1993 / Stanhope, NJ / Waterloo Village *First In Line (EXX 52522)",Silver CD,FLAC,
"7-17-1993 / Providence, RI / Quonset State Park",AUD,FLAC,
"7-18-1993 / Philadelphia, PA / JFK Stadium Pit (Lollapalooza) (Schoeps CMC4/MK41) (billydee)",AUD (48k),FLAC,
"7-20-1993 / Charlestown, WV / Charlestown Racetrack (Lollapalooza) - DAT(M) (SS) (billydee)",AUD ,FLAC,
"8-7-1993 / Irwindale, CA / Santa Fe Dam (Lollapalooza)",SBD,FLAC,
"8-15-1993 / Honolulu, HI / Big Mele Festival, Kualoa Ranch - ANA(1) (inc)",SBD,FLAC,
"8-27-1993 / Dronten, The Netherlands / Lowlands (Memorec)",AUD,FLAC,
"8-27-1993 / Dronten, The Netherlands / Lowlands",SBD,FLAC,
"8-29-1993 / Reading, England / Reading Festival",AUD,FLAC,
"9-1-1993 / Bologna, Italy / Arena Parco Nord *Back in the Madhouse (KTS 276)",Silver CD,FLAC,
"9-1-1993 / Bologna, Italy / Arena Parco Nord - FM>ANA(x)",FM,FLAC,
"10-1-1993 / Berkeley, CA / Greek Theater",AUD,FLAC,
"10-1-1993 / Berkeley, CA / William Randolph Hearst Greek Theatre - ANA(1) (unk) (koondog)",AUD,FLAC,
"10-1-1993 / Berkeley, CA / Greek Theater - ANA(M)",AUD,FLAC,
"10-2-1993 / Fresno, CA / Wilson Theatre",AUD,FLAC,
"10-17-1993 / Grand Rapids, MI / Club Eastbrook",AUD,FLAC,
"10-18-1993 / Detroit, MI / State Theater - ANA(M)",AUD,FLAC,
"10-2X-1993 / New York, NY / MTV Haunted House Party - VHS(1)",TV,MPG,
"10-29-1993 / Boston, MA / Orpheum Theater (Schoeps MK4)",AUD,FLAC,
"11-17-1993 / Dallas, TX / The Bomb Factory",SBD,FLAC,
"11-17-1993 / Dallas, TX / The Bomb Factory (michael wilker) (remaster)",SBD,FLAC,
"11-23-1993 / Hollywood, CA / Palladium - ANA(M)",AUD,FLAC,
"11-24-1993 / Hollywood, CA / Palladium - ANA(M)",AUD,FLAC,
"11-29-1993 / Salem, OR / Salem Armory",AUD,FLAC,
"12-11-1993 / Burbank, CA / KROQ Acoustic Christmas (Bob Cock and the Yellow Sock) (unk)",FM,FLAC,
"12-11-1993 / Burbank, CA / KROQ Acoustic Christmas (Bob Cock and the Yellow Sock)",SBD,FLAC,
,,,
[1994],,,
"1-7-1994 / Hollywood, CA / Palladium",AUD,FLAC,
"3-29-1994 / Chicago, IL / Rosemont *We're Damn Glad to Be Here - ANA(M) (Radio Shack SCR-59) (digitalman) ",AUD,SHN,
"3-30-1994 / Rosemont, IL / Rosemont Horizon",AUD,FLAC,
"8-13-1994 / Saugerties, NY / Woodstock '94",AUD,FLAC,
"8-13-1994 / Saugerties, NY / Woodstock '94 - VHS(M)",TV,DVD,
"12-31-1994 / Oakland, CA / Henry J. Kaiser Arena",AUD,FLAC,
,,,
[1995],,,
"6-3-1995 / Washington, D.C. / RFK Stadium - WHFSTival (w/ interviews) - DAT(M) (billydee)",FM (48k),FLAC,
"6-3-1995 / Washington, D.C. / RFK Stadium - WHFSTival ",FM  ,FLAC,
"7-13-1995 / New York, NY / Ed Sullivan Theater - David Letterman Show - VHS(M)",TV,DVD,
"7-19-1995 / Morrison, CO / Red Rocks Amphitheatre *Red Rocks (inc)",AUD,FLAC,
"7-22-1995 / Minneapolis, MN / Roy Wilkens Auditorium",AUD,FLAC,
"7-22-1995 / Minneapolis, MN / Roy Wilkens Auditorium (unk)",AUD,FLAC,
"8-1-1995 / Worcester, MA / Memorial Auditorium (ga5150 transfer) ",AUD,FLAC,
"8-5-1995 / Upper Darby, PA / Tower Theatre",AUD,FLAC,
"8-12-1995 / West Palm Beach, FL / Auditorium - ANA(M) (Sony bullet) (floridian)",AUD,FLAC,
"8-19-1995 / Dallas, TX / Fair Park - Dallas Bandshell (AKG C461's) (kyle holbrook)",AUD,FLAC,
"8-23-1995 / Hollywood, CA / Universal Amphitheater",AUD,FLAC,
"8-24-1995 / San Diego, CA / SDSU Open Air Theatre",AUD,FLAC,
"8-26-1995 / Berkeley, CA / Greek Theater (unk) (neekrive)",AUD,FLAC,
"8-28-1995 / Seattle, WA / Seattle Arena",AUD,FLAC,
"8-29-1995 / Vancouver, BC / Pacific Coliseum (audioarchivist)",AUD,FLAC 24,
"9-15-1995 / London, England / London Astoria (ga5150 transfer)",AUD,FLAC,
"9-23-1995 / Copenhagen, Denmark / Den Gra Hal",AUD,FLAC,
"9-26-1995 / Stockholm, Sweden / Cirkus Cap",AUD,FLAC,
"10-24-1995 / Paris, France / Elysee Montmartre (Soundman OKMIIR)",AUD,FLAC,
"10-24-1995 / Paris, France / Elysee Montmartre",AUD,FLAC,
"11-12-1995 / Detroit, MI / Fox Theatre (Walkman)",AUD,FLAC,
"11-14-1995 / Kalamazoo, MI / State Theater",AUD,FLAC,
"11-15-1995 / Dayton, OH / Hara Arena",AUD,FLAC,
"11-15-1995 / Dayton, OH / Hara Arena",AUD,FLAC,
"11-22-1995 / Bethlehem, PA / Stabler Arena (inc)",AUD,FLAC,
"11-24-1995 / Uniondale, NY / Nassau Coliseum (unk)",AUD,FLAC,
"11-24-1995 / Uniondale, NY / Nassau Coliseum (unk)",AUD,FLAC,
"12-10-1995 / Denver, CO / Mammoth Evenrs Center (MarC Binaurals) (marcr) ",AUD,FLAC 24,
"12-31-1995 / Oakland, CA / Oakland Coliseum (unk) (neekrive)",AUD,FLAC,
,,,
[1996],,,
"1-9-1996 / San Francisco, CA / Bimbo's 365 (unk)",AUD,FLAC,
"1-9-1996 / San Francisco, CA / Bimbo's 365 (unk) (neekrive)",AUD,FLAC,
"2-23-1996 / Osaka, Japan / Club Quattro",AUD,FLAC,
"4-18-1996 / Philadelphia, PA / The Electric Factory",AUD,FLAC,
"4-19-1996 / Washington, D.C. / 9:30 Club",AUD,FLAC,
"4-22-1996 / Columbus, OH / Newport Music Hall (Core Sounds Omni S-7)",AUD,FLAC,
"4-25-1996 / Houston, TX / International Ballroom",SBD,FLAC,
"4-26-1996 / Austin, TX / Austin Music Hall",AUD,FLAC,
"5-7-1996 / San Francisco, CA / Bill Graham Civic Auditorium - ANA(x)",AUD,FLAC,
"5-7-1996 / San Francisco, CA / Bill Graham Civic Auditorium (unk) (neekrive)",AUD,FLAC,
"5-9-1996 / Vancouver, BC / U.B.C. Student Rec. Center - Sony Hi8(M)",AUD,DVD,
"5-13-1996 / Anchorage, AL / Egan Center (DSM6s)",AUD,FLAC,
"5-13-1996 / Anchorage, AL / Egan Center (Sonic Studios DSM6/EL)",AUD,FLAC,
11-17-1996 / Conan O'Brien - Mrs. Blaileen - VHS(M),TV,DVD,
"12-31-1996 / San Francisco, CA / Herbst Pavilion",AUD,FLAC,
,,,
[1997],,,
"6-25-1997 / Paris, France / Le Bataclan (OKM IIR)",AUD,FLAC,
"6-26-1997 / Nijmegen, NL / Vereniging",AUD,FLAC,
"6-28-1997 / Roskilde, Denmark / Roskilde Festival",SBD,FLAC,
"7-11-1997 / Mountain View, CA / Shoreline Amphitheatre - H.O.R.D.E. Festival (AKG 568s)",AUD,FLAC,
"7-11-1997 / Mountain View, CA / Shoreline Amphitheatre (unk) (cleantones transfer)",AUD,FLAC,
"7-13-1997 / Portland, OR / Portland Meadows (AKG480/CK61)",AUD,FLAC,
"7-13-1997 / Portland, OR / Portland Meadows (unk)",AUD,FLAC,
"7-18-1997 / Phoenix, AZ / Blockbuster Desert Sky Pavilion (ga5150 transfer)",AUD,,
"7-20-1997 / Denver, CO / Fiddler's Green Amphitheatre (AKG480/CK61)",AUD,FLAC,
"7-20-1997 / Denver, CO / Fiddler's Green Amphitheatre (unk)",AUD,FLAC,
"7-23-1997 / Kansas City, KS / Sandstone Amphitheatre",AUD,FLAC,
"7-24-1997 / Maryland Heights, MO / Riverport Amphitheater - H.O.R.D.E. Festival (stacy)",SBD,FLAC,
"7-25-1997 / Indianapolis, IN / Deer Creek Amphitheatre - ANA(1) (Tascam DA-P1)",AUD,FLAC,
"7-25-1997 / Indianapolis, IN / Deer Creek Amphitheatre",AUD,FLAC,
"7-27-1997 / Clarkston, MI / Pine Knob Amphitheatre",AUD,FLAC,
"7-27-1997 / Clarkston, MI / Pine Knob Amphitheatre - DAT(M)",AUD,FLAC,
"7-29-1997 / Cincinatti, OH / Riverbend Amphitheatre - ANA(1)",AUD,FLAC,
"7-29-1997 / Cincinatti, OH / Riverbend Amphitheatre",AUD,FLAC,
"7-29-1997 / Cincinnati, OH / Riverbend Music Center - H.O.R.D.E. Festival (Speed Corrected) ",AUD,FLAC,
"7-30-1997 / Columbus, OH / Polaris Theater (Schoeps)",AUD,FLAC,
"7-30-1997 / Columbus, OH / Polaris Theater (Schoeps MK4) (jordan braunstein)",AUD,FLAC,
"8-2-1997 / East Troy, WI / Alpine Valley Music Theatre",SBD,FLAC,
"8-2-1997 / East Troy, WI / Alpine Valley Music Theatre (Morphine/Les Claypool)",AUD,FLAC,
"8-2-1997 / East Troy, WI / Alpine Valley Music Theatre",SBD,SHN,
"8-2-1997 / East Troy, WI / Alpine Valley Music Theatre - DAT(M) (PZM) (cf)",AUD,FLAC,
"8-2-1997 / East Troy, WI / Alpine Valley Music Theatre",SBD,FLAC,
"8-3-1997 / Tinley Park, IL / World Amphitheatre (unk)",AUD,FLAC,
"8-3-1997 / Tinley Park, IL / World Amphitheatre (CoreSound Omnis)",AUD,FLAC,
"8-5-1997 / Vernon, NY / Vernon Downs (unk)",AUD,FLAC,
"8-5-1997 / Vernon, NY / Vernon Downs (Schoeps MK4) (tc)",AUD,FLAC,
"8-5-1997 / Vernon, NY / Vernon Downs (Sony D7)",AUD,FLAC,
"8-6-1997 / Hartford, CT / Meadows Music Theater - HORDE Festival (Schoeps CMCs) (unk)",AUD,FLAC,
"8-8-1997 / Mansfield, MA / Great Woods (unk)",AUD,FLAC,
"8-9-1997 / Mansfield, MA / Great Woods",AUD,FLAC,
"8-10-1997 / Saratoga Springs, NY / Saratoga Performing Arts Center - DAT(2) (unk)",AUD,FLAC,
"8-10-1997 / Saratoga Springs, NY / Saratoga Perfoming Arts Center",AUD,FLAC,
"8-12-1997 / Wantagh, NY / Jones Beach Amphitheatre (unk)",AUD,FLAC,
"8-16-1997 / Bristow, VA / Nissan Pavilion",AUD,FLAC,
"8-16-1997 / Bristow, VA / Nissan Pavilion (AKG 391s) (frank d'auria)",AUD,FLAC,
"8-17-1997 / Camden, NJ / Sony E-Center (Schoeps MK8) (keith litzenberger)",AUD,FLAC,
"8-24-1997 / San Francisco, CA / Modern Rock Live",FM,FLAC,
"10-2-1997 / Dallas, TX / Bronco Bowl",AUD,FLAC,
"10-8-1997 / Miami, FL / Sunrise Musical Theatre",AUD,FLAC,
"10-11-1997 / Atlanta, GA / The Masquerade",AUD,FLAC,
"10-14-1997 / Norfolk, VA / The Boathouse (ga5150 transfer)",AUD,FLAC,
"10-16-1997 / Rochester, NY / Dome Arena (Sony ECM 727)",AUD,FLAC,
"10-17-1997 / New York, NY / Roseland Ballroom",AUD,FLAC,
"10-30-1997 / Cincinnati, OH / The Garage",AUD,FLAC,
"10-31-1997 / Detroit, MI / State Theatre - DAT(M) (Marcsounds)",AUD,FLAC,
"10-31-1997 / Detroit, MI / State Theatre (unk)",AUD,FLAC,
"10-31-1997 / Detroit, MI / State Theatre",,FLAC,
"11-1-1997 / Kalamazoo, MI / State Theatre - DAT(M) (Marcsounds)",AUD,FLAC,
"11-7-1997 / Minneapolis, MN / State Theatre",AUD,FLAC,
"11-10-1997 / Columbia, MO / The Blue Note (ga5150 transfer)",AUD,FLAC,
"11-11-1997 / Kansas City, MO / Beaumont Club (ga5150 transfer) ",AUD,FLAC,
"11-16-1997 / Los Angeles, CA / Hollywood Palladium (ga5150 transfer)",FM,FLAC,
"12-31-1997 / Oakland, CA / Henry J. Kaiser Arena",AUD,FLAC,
,,,
[1998],,,
"2-4-1998 / San Francisco, CA / Bimbo's 365 Nightclub - DAT(M) (Sony ECM959A) (jon weber)",AUD,FLAC,
"2-10-1998 / San Jose, CA / Event Center",AUD,FLAC,
"2-26-1998 / Madison, WI / Dane County Expo",AUD,FLAC,
"3-3-1998 / Toronto, Ontario / The Warehouse",AUD,FLAC,
"3-4-1998 / Ottawa, Ontario / Ottawa Congress Centre - ANA(M)",AUD,FLAC,
"3-10-1998 / Rochester, NY / The Dome Arena (Radioshack Optimus)",AUD,FLAC,
"5-11-1998 / New York, NY / Irving Plaza (Sony WM-D3)",AUD,FLAC,
"5-26-1998 / Toulouse, France / Bikini",AUD,FLAC,
"5-28-1998 / Paris, France / Le Bataclan (OKMIIR)",AUD,FLAC,
"5-29-1998 / Strasbourg, France / Laiterie (Sony ECM717)",AUD,FLAC,
"6-15-1998 / Olso, Norway / Rockefeller",AUD,FLAC,
"6-16-1998 / Stockholm, Sweden / Klubben Fryshuset - ANA(1)",AUD,FLAC,
"6-25-1998 / Amsterdam, The Netherlands / Paradiso",AUD,FLAC,
"6-28-1998 / Dessel, Belgium / Boeretang - Graspop Festival",AUD,FLAC,
"8-28-1998 / Petaluma, CA / Rancho Relaxo (Les's home) - Private Party with others",SBD,FLAC,
"10-14-1998 / Petaluma, CA / Pheonix Theater (Neumann KM140s) ",AUD,FLAC,
"12-31-1998 / San Francisco, CA / Warfield Theatre (Neumann KM140s) ",AUD,FLAC,
"12-31-1998 / San Francisco, CA / Warfield Theatre (unk)",AUD,FLAC,
,,,
[1999],,,
"5-29-1999 / Atlanta, GA / Lakewood Amphitheatre (Ozzfest) - ANA(1) (Radioshack)",AUD,FLAC,
"6-12-1999 / Burgettstown, PA / Star Lake Amphitheatre (Ozzfest) (Sharp MS702)",AUD,FLAC,
"6-14-1999 / Columbus, OH / Polaris Amphitheatre (Ozzfest) (unk)",AUD,FLAC,
"6-16-1999 / Mansfield, MA / Tweeter Center (Ozzfest)",AUD,FLAC,
"6-25-1999 / Detroit, MI / Pine Knob Amphitheatre (Ozzfest) (Radioshack Tape Deck)",AUD,FLAC,
"6-27-1999 / Detroit, MI / Pine Knob Amphitheatre (Ozzfest) - ANA(1)",AUD,FLAC,
"7-1-1999 / Somerset, WI / Float Rite Park Amphitheatre (Ozzfest) (AT853s)",AUD,FLAC,
"7-2-1999 / Denver, CO / Ogden Theater (CSBs) (sxpxdxcx)",AUD,FLAC,
"7-16-1999 / Vancouver, BC / Thunderbird Stadium (Ozzfest)",SBD,FLAC,
"7-16-1999 / Vancouver, BC / Thunderbird Stadium - Ozzfest (ECM-DS70P) (unk)",AUD,FLAC,
"7-20-1999 / Mountain View, CA / Shoreline Amphitheatre (Ozzfest)",AUD,FLAC,
"7-22-1999 / Phoenix, AZ / Desert Sky Pavilion (Ozzfest)",AUD,FLAC,
"7-24-1999 / Devore, CA / Blockbuster Pavilion (Ozzfest) (inc)",AUD,FLAC,
"7-25-1999 / Las Vegas, NV / House of Blues (Netcast)",SBD,FLAC,
"9-6-1999 / Crested Butte, CO / One World Festival",SBD,FLAC,
"9-10-1999 / Providence, RI / Civic Center (Neumann KM140)",AUD,FLAC,
"10-17-1999 / Tocoma, WA / Tocoma Dome (CSBs)",AUD,FLAC,
"10-19-1999 / San Francisco, CA / Cow Palace (Schoeps MK4)",AUD,FLAC,
"10-30-1999 / San Antonio, TX / Alamo Dome (Aiwa Lapel)",AUD,FLAC,
"11-6-1999 / Cleveland, OH / Agora Theater - MD>CDR",AUD,FLAC,
"11-7-1999 / Toronto, Ontario / The Warehouse (Coresound Cardioids)",AUD,SHN,
"11-11-1999 / New York, NY / Roseland Ballroom",AUD,FLAC,
"11-13-1999 / Philadelphia, PA / The Electric Factory (ATR822)",AUD,FLAC,
"11-16-1999 / Pittsburgh, PA / The Metropol - MD(1)",AUD,FLAC,
"11-16-1999 / Pittsburgh, PA / The Metropol - MD(M) (SP-BMC-1)",AUD,FLAC,
"11-19-1999 / Milwaukee, WI / Eagles Ballroom",AUD,FLAC,
"11-22-1999 / New Orleans, LA / State Palace Theatre",AUD,FLAC,
"11-22-1999 / New Orleans, LA / State Palace Theatre (Sony mic)",AUD,FLAC,
"11-27-1999 / Kansas City, MO / Uptown Theatre (ga5150 transfer)",AUD,FLAC,
"12-29-1999 / Sacramento, CA / Arco Arena (EMC-MS-907) (big d.)",AUD,FLAC,
,,,
[2000],,,
"2-3-2000 / Fresno, CA / Rainbow Ballroom (CSB)",AUD,FLAC,
"2-4-2000 / Anaheim, CA / Sun Theatre (Sony ECM959A)",AUD,FLAC,
"2-5-2000 / San Diego, CA / Montezuma Hall (AT953s)",AUD,FLAC,
"2-7-2000 / Phoenix, AZ / Celebrity Theater",AUD,FLAC,
"2-18-2000 / Providence, RI / Lupos Heartbreak Hotel (CSB)",AUD,FLAC,
"2-21-2000 / Burlington, VT / UVM Fieldhouse - DAT(c) (Sony stereo mic)",AUD,FLAC,
"2-21-2000 / Burlington, VT / UVM Fieldhouse (Handheld Cassette Recorder)",AUD,FLAC,
"2-22-2000 / Rochester, NY / Harro East Ballroom (thir13en remaster)",FM,FLAC,
"2-22-2000 / Rochester, NY / Harro East Ballroom",FM,FLAC,
"2-26-2000 / Kalamazoo, MI / State Theatre (Low cost cardioids)",AUD,FLAC,
"3-25-2000 / Lake Havasu, AZ / Rockfest",AUD,FLAC,
"4-16-2000 / Sydney, Australia / Sydney Metro Theatre",AUD,FLAC,
"4-17-2000 / Sydney, Australia / Sydney Metro Theatre",AUD,FLAC,
"4-19-2000 / Newcastle, Australia / Newcastle University",AUD,FLAC,
"4-29-2000 / San Francisco, CA / Fillmore West (Neumann KM140s)",AUD,FLAC,
,,,
[2003],,,
"10-14-2003 / Davis, CA / Freeborn Hall UC Davis (PrimusLive)",SBD,FLAC,Official Bootleg
"10-14-2003 / Davis, CA / Freeborn Hall UC Davis (Rode NT-5s) (john gromley)",AUD,SHN,
"10-15-2003 /  Las Vegas, NV / The Joint (PrimusLive)",SBD,FLAC,Official Bootleg
"10-17-2003 / Los Angeles, CA / Wiltern Theatre (PrimusLive)",SBD,FLAC,Official Bootleg
"10-17-2003 / Los Angeles, CA / Wiltern Theatre (steve)",AUD,FLAC,
"10-17-2003 / Los Angeles, CA / The Wiltern - DAT(M) (Schoeps mk4v) (jim charna, sean simpson)",AUD,FLAC,
"10-18-2003 / Los Angeles, CA / Wiltern Theatre (PrimusLive)",SBD,SHN,Official Bootleg
"10-18-2003 / Los Angeles, CA / Wiltern Theatre (AKG481) (jeff martin)",AUD,SHN,
"10-19-2003 / Phoenix, AZ / Celebrity Theater (PrimusLive)",SBD,FLAC,Official Bootleg
"10-21-2003 / Denver, CO / The Fillmore (PrimusLive)",SBD,FLAC,Official Bootleg
"10-21-2003 / Denver, CO / The Fillmore (Schoeps MK4) (bill tatina)",AUD,FLAC,
"10-21-2003 / Denver, CO / The Fillmore (unk)",,FLAC,
"10-22-2003 / Salt Lake City, UT / Salt Air Pavilion (PrimusLive)",SBD,FLAC,Official Bootleg
"10-24-2003 / Vancouver, BC / Vogue Theatre (PrimusLive)",SBD,FLAC,Official Bootleg
"10-25-2003 / Eugene, OR / Hult Center (PrimusLive)",SBD,FLAC,Official Bootleg
"10-26-2003 / Seattle, WA / Paramount Theater (PrimusLive)",SBD,FLAC,Official Bootleg
"10-26-2003 / Seattle, WA / Paramount Theater (Shure Beta 57s) (trevor)",AUD,FLAC,
"10-28-2003 / Eureka, CA / Municipal Auditorium (PrimusLive)",SBD,FLAC,Official Bootleg
"10-29-2003 / Santa Cruz, CA / Civic Auditorium (PrimusLive)",SBD,FLAC,Official Bootleg
"10-29-2003 / Santa Cruz, CA / Civic Auditorium (AKG 480 + CK61) (steve mccracken)",AUD,FLAC,
"10-30-2003 / San Francisco, CA / The Warfield (PrimusLive)",SBD,FLAC,Official Bootleg
"10-31-2003 / San Francisco, CA / Warfield (Rode NT-5s) (john gromley)",AUD,FLAC,
"11-6-2003 / Minneapolis, MN / Historic State Theater (PrimusLive)",SBD,FLAC,Official Bootleg
"11-6-2003 / Minneapolis, MN / Historic State Theater (ADK A51)",AUD,FLAC,
"11-7-2003 / Chicago, IL / Aragon Ballroom (PrimusLive)",SBD,FLAC,Official Bootleg
"11-7-2003 / Chicago, IL / Aragon Ballroom (MBHO603a)",AUD,FLAC,
"11-8-2003 / Milwaukee, WI / Eagles Ballroom (PrimusLive)",SBD,FLAC,Official Bootleg
"11-8-2003 / Milwaukee, WI / Eagles Ballroom (Schoeps MK41) (jered haddad)",AUD,SHN,
"11-9-2003 / Detroit, MI / State Theater (PrimusLive)",SBD,FLAC,Official Bootleg
"11-9-2003 / Detroit, MI / State Theater - DAT(M) (MG210)",AUD (48k),FLAC,
"11-11-2003 / Columbus, OH / Promowest Pavilion (PrimusLive)",SBD,FLAC,Official Bootleg
"11-11-2003 / Columbus, OH / Promowest Pavilion (MBHO603a)",AUD,FLAC,
"11-12-2003 / Cleveland, OH / Agora Theater (PrimusLive)",SBD,FLAC,Official Bootleg
"11-14-2003 / New York, NY / Roseland Ballroom (PrimusLive)",SBD,FLAC,Official Bootleg
"11-14-2003 / New York, NY / Roseland Ballroom (Rode NT-5)",AUD,FLAC,
"11-15-2003 / Philadelphia, PA / Tower Theater (PrimusLive)",SBD,FLAC,Official Bootleg
"11-17-2003 / Boston, MA / Orpheum Theatre (PrimusLive)",SBD,FLAC,Official Bootleg
"11-18-2003 / Boston, MA / Orpheum Theatre (PrimusLive)",SBD,FLAC,Official Bootleg
"11-19-2003 / Lewiston, ME / Central Maine Civic Center (PrimusLive)",SBD,FLAC,Official Bootleg
"11-19-2003 / Lewiston, ME / Central Maine Civic Center (Neumann KM140) (mastered by nick)",AUD,FLAC,
"11-20-2003 / Burlington, VT / Memorial Auditorium (PrimusLive)",SBD,FLAC,Official Bootleg
"11-20-2003 / Burlington, VT / Memorial Auditorium (Sennheiser ME66) (jesse f.)",AUD,FLAC,
"11-22-2003 / Montreal, PQ / The Metropolis (PrimusLive)",SBD,FLAC,Official Bootleg
"11-22-2003 / Montreal, PQ / The Metropolis (MHBHO603a) (pat)",AUD,FLAC,
"11-23-2003 / Toronto, Ontario / Kool Haus (PrimusLive)",SBD,FLAC,Official Bootleg
"11-23-2003 / Toronto, Ontario / Kool Haus (MBHO603a/KA200N)",AUD,FLAC,
"11-24-2003 / Syracuse, NY / Landmark Theatre (PrimusLive)",SBD,FLAC,Official Bootleg
"11-24-2003 / Syracuse, NY / Landmark Theatre (MBHO603a/KA200N)",AUD,FLAC,
"11-25-2003 / New York, NY / Roseland Ballroom (PrimusLive)",SBD,FLAC,Official Bootleg
,,,
[2004],,,
"2-24-2004 / Kansas City, KS / Memorial Hall (PrimusLive)",SBD,FLAC,Official Bootleg
"2-25-2004 / St. Louis, MO / The Pageant (PrimusLive)",SBD,FLAC,Official Bootleg
"2-25-2004 / St. Louis, MO / The Pageant (Schoeps MK41) (jered haddad)",AUD,FLAC,
"2-27-2004 / Houston, TX / Verizon Theatre (PrimusLive)",SBD,FLAC,Official Bootleg
"2-28-2004 / Grand Prairie, TX / NextStage (PrimusLive)",SBD,FLAC,Official Bootleg
"2-29-2004 / Austin, TX / Austin Music Hall (PrimusLive)",SBD,FLAC,Official Bootleg
"3-2-2004 / New Orleans, LA / State Palace (PrimusLive) ",SBD,FLAC,Official Bootleg
"3-4-2004 / Tampa, FL / USF Sun Dome (PrimusLive)",SBD,FLAC,Official Bootleg
"3-5-2004 / Boca Raton, FL / Mizner Park Amphitheatre (Soundcheck) (CSBs) (double a)",AUD,FLAC,
"3-5-2004 / Boca Raton, FL / Mizner Park Amphitheatre (PrimusLive)",SBD,FLAC,Official Bootleg
"3-6-2004 / Orlando, FL / Hard Rock Live (PrimusLive)",SBD,FLAC,Official Bootleg
"3-6-2004 / Orlando, FL / Hard Rock Live - DAT(c) (josephson 603) (d-rider)",AUD,FLAC,
"3-8-2004 / Atlanta, GA / The Tabernacle (PrimusLive)",SBD,FLAC,Official Bootleg
"3-8-2004 / Atlanta, GA / The Tabernacle (AKG 483) (c. cage)",AUD,FLAC,
"3-9-2004 / Charlotte, NC / Grady Cole Center (PrimusLive)",SBD,FLAC,Official Bootleg
"3-10-2004 / Asheville, NC / Asheville Civic Center (PrimusLive)",SBD,FLAC,Official Bootleg
"3-12-2004 / Norfolk, VA / Chrysler Hall (PrimusLive)",SBD,FLAC,Official Bootleg
"3-12-2004 / Norfolk, VA / Chrysler Hall (MBHO 603a/KA200N)",AUD,FLAC,
"3-13-2004 / Washington, D.C. / DAR Constitution Hall (PrimusLive)",SBD,FLAC,Official Bootleg
"3-13-2004 / Washington, D.C. / DAR Constitution Hall (AK43) (unk)",AUD #1,FLAC,
"3-13-2004 / Washington, D.C. / DAR Constitution Hall (Sony SDT-9000) (unk)",AUD #2,FLAC,
"5-29-2004 / Irvine, CA / Verizon Wireless Amphitheatre (PrimusLive)",SBD,FLAC,Official Bootleg
"5-29-2004 / Irvine, CA / Verizon Wireless Amphitheatre (Schoeps MK4v)",AUD,FLAC,
"5-30-2004 / Berkeley, CA / Metropolis (PrimusLive)",SBD,FLAC,Official Bootleg
"5-30-2004 / Berkeley, CA / Metropolis (unk)",AUD,FLAC,
"6-1-2004 / Portland, OR / Metropolitan Expo Center (PrimusLive)",SBD,FLAC,Official Bootleg
"6-2-2004 / Seattle, WA / Seahawks Exhibition Hall (PrimusLive)",SBD,FLAC,Official Bootleg
"6-5-2004 / Morrison, CO / Red Rocks Amphitheatre (PrimusLive)",SBD,FLAC,Official Bootleg
"6-5-2004 / Morrison, CO / Red Rocks Amphitheatre ",AUD,FLAC,
"6-8-2004 / Minneapolis, MN / Orpheum Theatre (PrimusLive)",SBD,FLAC,Official Bootleg
"6-9-2004 / Milwaukee, WI / North Stage - Summerfest Grounds (PrimusLive)",SBD,FLAC,Official Bootleg
"6-9-2004 / Milwaukee, WI / North Stage - Summerfest Grounds (Microtech Gefell m210) (scott ratzmann)",AUD,FLAC,
"6-11-2004 / Columbus, OH / PromoWest Pavilion (PrimusLive)",SBD,FLAC,Official Bootleg
"6-12-2004 / Manchester, TN / Bonnaroo Festival (PrimusLive)",SBD,FLAC,Official Bootleg
"6-13-2004 / Manchester, TN / Which Stage - Bonnaroo Music Festival - DAT(M) (MK4v) (funkyoctopus)",AUD,FLAC,
"6-13-2004 / Manchester, TN / Which Stage - Bonnaroo Music Festival (Schoeps MK4v) (funkyoctopus)",AUD #1a,FLAC,
"6-13-2004 / Manchester, TN / Which Stage - Bonnaroo Music Festival (Schoeps MK4v) (funkyoctopus)",AUD #1b,FLAC,
"6-15-2004 / Pittsburgh, PA / Chevrolet Amphitheatre (PrimusLive)",SBD,FLAC,Official Bootleg
"6-15-2004 / Pittsburgh, PA / Chevrolet Theatre at Station Square (AKG 391s) (jeff fugh)",AUD,FLAC,
"6-16-2004 / Philadelphia, PA / Penn's Landing (PrimusLive)",SBD,FLAC,Official Bootleg
"6-18-2004 / Rochester Hills, MI / Meadow Brook (PrimusLive)",SBD,FLAC,Official Bootleg
"6-19-2004 / Toronto, Ontario / Hummingbird Cafe (PrimusLive)",SBD,FLAC,Official Bootleg
"6-19-2004 / Toronto, Ontario / Hummingbird Cafe (MBHO603a/KA200N)",AUD,FLAC,
"6-20-2004 / Montreal, Quebec / Cepsum (PrimusLive)",SBD,FLAC,Official Bootleg
"6-20-2004 / Monteral, QC / CEPSUM (MBHO603a/KA200N)",AUD,FLAC,
"6-22-2004 / New York, NY / Radio City Music Hall (PrimusLive)",SBD,FLAC,Official Bootleg
"6-22-2004 / New York, NY / Radio City Music Hall - DAT(M) (MK4s) (nicky c)",AUD,FLAC,
"6-23-2004 / Boston, MA / FleetBoston Pavilion (PrimusLive)",SBD,FLAC,Official Bootleg
"6-25-2004 / Cleveland, OH / Tower City Amphitheatre (PrimusLive)",SBD,FLAC,Official Bootleg
"6-25-2004 / Cleveland, OH / Tower City Amphitheatre (MK41) (brian skalinder)",AUD,FLAC,
"6-26-2004 / Chicago, IL / Aragon Ballroom (PrimusLive)",SBD,FLAC,Official Bootleg
"6-26-2004 / Chicago, IL / Aragon Ballroom (MBHO603a/KA200N)",AUD,FLAC,
"7-31-2004 / Niigata, Japan / Naeba Ski Resort - Fuji Rock Festival (PrimusLive)",SBD,FLAC,Official Bootleg
"7-31-2004 / Niigata, Japan / Naeba Ski Resort",TV,AVI,
,,,
[2005],,,
"7-23-2005 / Chicago, IL / Grant Park (Lollapalooza) (unk)",AUD,FLAC,
"10-29-2005 / Las Vegas, NV / Vegoose Festival (Microtech Gefel 200) (freddie g)",AUD,FLAC,
"10-29-2005 / Las Vegas, NV / Vegoose Festival (unk)",AUD,FLAC,
,,,
[2006],,,
"7-29-2006 / Twin Lakes, WI / Hedgpeth Festival (CSBs) (double a)",AUD,FLAC,
"11-1-2006 / Austin, TX / Austin Music Hall (AKG 483) (lee hart)",AUD,FLAC,
"11-4-2006 / Houston, TX / Verizon Theater (Neumann KM100) (brad wolf)",AUD,FLAC,
"11-6-2006 / Atlanta, GA / The Tabernacle (Neumann U89i) (baustin)",AUD,FLAC,
"11-6-2006 / Atlanta, GA / The Tabernacle (ADK TL) (unk)",AUD,FLAC,
"11-8-2006 / Washington, D.C. / Constitution Hall (SPCMC8)",AUD,FLAC,
"11-9-2006 / New York, NY / Roseland Ballroom (Nakamichi 100s) (steve t.)",AUD,FLAC,
"11-10-2006 / Upper Darby, PA / Tower Theater (AKG 481) (sparki)",AUD,FLAC,
"11-12-2006 / Boston, MA / Orpheum Theater (Microtech Gefell M200s) (myco)",AUD,FLAC,
"11-15-2006 / Toronto, Ontario / Kool Haus (AKG 481) (sparki)",AUD,FLAC,
"11-18-2006 / Milwaukee, WI / Eagles Ballroom (AKG 414 TL2s) (steve b.)",AUD,FLAC,
"11-21-2006 / Denver, CO / Fillmore Auditorium (MBHO 603a/KA500) (eric foelske)",AUD,FLAC,
"11-28-2006 / Eugene, OR / Hult Center (Neumann AK40/lc3/KM 100s) (gotfob)",AUD,FLAC,
"11-29-2006 / Vancouver, BC / Orpheum Theatre - HiMD(M) (Sony ECM-MS907) (kiloor toonz dood)",AUD,FLAC,
"11-30-2006 / Seattle, WA / Paramount Theater (AT 853s) (unk)",AUD,FLAC,
"12-5-2006 / San Jose, CA / San Jose Civic Auditorium (Neumann KM140s) (wilson66)",AUD,FLAC,
"12-08-2006 / La Jolla, CA / Rimac Arena (miniDV) (arizonabay) ",AUD,DVD,
"12-9-2006 / Mesa, AZ / Mesa Amphitheatre",AUD,FLAC,
,,,
[2008],,,
"7-4-2008 / Rothbury, MI / Rothbury Music Festival - Ranch Stage (Zoom H2) (drewmanchu)",AUD,FLAC,
"8-23-2008 / San Francisco, CA / Golden Gate Park - Outside Lands Music Festival (Sony MZ-R70) (frosty)",AUD,FLAC,
,,,
[2010],,,
"7-29-2010 / Essex Junction, VT / Champlain Valley Expo (CSB) (sanpablobay)",AUD,FLAC,
"7-30-2010 / Brooklyn, NY / Willamsburg Waterfront (CSB) (sanpablobay)",AUD,FLAC,
"7-31-2010 / Bridgeport, CT / Seaside Park - GOTV (AKG c460b) (ted gakidis)",AUD,FLAC,
"7-31-2010 / Bridgeport, CT / Seaside Park - GOTV (CSB) (sanpablobay)",AUD,FLAC,
"7-31-2010 / Bridgeport, CT / Seaside Park - GOTV (WPKN Simulcast) (rob berger)",FM,FLAC,
"7-31-2010 / Bridgeport, CT / Seaside Park - GOTV (3 source MTX) (sanpablobay)",MTX,FLAC,
"7-31-2010 / Bridgeport, CT / Seaside Park - GOTV - DAT(M) (teddy ballgame)",SBD (48k),FLAC,
"8-1-2010 / Charlottesville, VA / Charlottesville Pavilion (CA-14s) (travelinbeat)",AUD,FLAC 24,
"8-3-2010 / Cleveland, OH / Time Warner Cable Amphitheatre (SP-CMC-4U) (junkyardt)",AUD,FLAC,
"8-5-2010 / Columbus, OH / LC Pavilion (CSB) (unk)",AUD,FLAC,
"8-6-2010 / Nashville, TN / Ryman Auditorium (SP-BMC-3)  (unk)",AUD,FLAC,
"8-7-2010 / Milwaukee, WI / The Rave (Zoom H2) (unk)",AUD,FLAC,
"8-10-2010 / Kansas City, MO / Uptown Theater (CA-11)",AUD,FLAC,
"8-10-2010 / Kansas City, MO / Uptown Theater (unk)",AUD,FLAC,
"8-14-2010 / Las Vegas, NV / The Joint - Hard Rock Hotel & Casino (MM-HLSC-1) (sin213)",AUD (44.1k),FLAC,
"8-14-2010 / Las Vegas, NV / The Joint - Hard Rock Hotel & Casino (MM-HLSC-1) (sin213)",AUD (48k),FLAC,
"9-18-2010 / Tempe, AZ / Fall Frenzy - Tempe Beach Park (AT853) (unk)",AUD,FLAC,
"9-24-2010 / Los Angeles, CA / Jimmy Kimmel Live! (PG1Tapes Production)",TV,FLAC,
"9-25-2010 / Vancouver, BC / PNE Grounds - Pacific National Exhibition Forum (CSB) (leifh)",AUD,FLAC,
"9-25-2010 / Vancouver, BC / PNE Grounds - Pacific National Exhibition Forum (CA-11) (Binaural recording) (seth meister)",MTX,FLAC 24,
"9-27-2010 / Edmonton, Alberta / Edmonton Events Center (Zoom H2) (Binaural recordin) (ilovegigs)",AUD,FLAC 24,
"10-5-2010 / Atlanta, GA / The Tabernacle *Can I Leave My Bag Here? (Edirol R09) (slickdaddyo)",AUD,FLAC,
"10-8-2010 / Upper Darby, PA / Tower Theatre (Schoeps MK4) (tapeworm)",AUD,FLAC,
"10-8-2010 / Upper Darby, PA / Tower Theatre (CSB) (unk)",AUD,FLAC,
"10-8-2010 / Upper Darby, PA / Tower Theatre (AT 833) (joe d'amico)",AUD,FLAC,
"10-9-2010 / Montclair, NJ / Wellmon Theatre (unk)",AUD,FLAC,
"10-10-2010 / Boston, MA / Orpheum Theatre (KM140) (unk)",AUD,FLAC,
"10-10-2010 / Boston, MA / Orpheum Theatre (AKG943) (unk)",AUD,FLAC,
"12-5-2010 / Santiago, Chile / Estadio Bicentenario la Florida (CA-11) (realkuka)",AUD,FLAC,
"12-30-2010 / Oakland, CA / Fox Theater (Olympus PCM) (unk)",AUD,FLAC,
"12-30-2010 / Oakland, CA / Fox Theater (Zoom H4) (tsquare)",AUD,FLAC 24,
"12-31-2010 / Oakland, CA / Fox Theater (Zoom H4) (tsquare)",AUD,FLAC 24,
,,,
[2011],,,
"3-18-2011 / Santa Cruz, CA / M.I.R.V. A Benefit for Baby Matthew",AUD,MP4,
"5-19-2011 / Indianapolis, IN / Murat Theatre (Schoeps MK4v) (unk)",AUD,FLAC,
"5-19-2011 / Indianapolis, IN / Murat Theatre (SP-CMC-08s) (ironchef)",AUD,FLAC,
"5-21-2011 / Gulf Shores, AL / Hangout Festival (SP-CMC-8) (kooterb)",AUD,FLAC,
"5-21-2011 / Gulf Shores, AL / Hangout Festival (CA-11) (mstaper)",AUD,FLAC,
"5-21-2011 / Gulf Shores, AL / Hangout Festival (DPA4061) (daniel kopp)",AUD,FLAC,
"5-23-2011 / Houston, TX / Verizon Wireless Theater (CSB) (unk)",AUD,FLAC,
"5-24-2011 / Austin, TX / Stubb's BBQ Outdoor (CSB) (unk)",AUD,FLAC,
"5-25-2011 / Dallas, TX / Palladium Ballroom (CSB) (unk)",AUD,FLAC,
"6-4-2011 / Miami Beach, FL / Jackie Gleason Theater (AT U853r) (spyder9 studios)",AUD,FLAC,
"6-9-2011 / Charleston, SC / N. Charleston Performing Arts Center (Edirol R09) (slickdaddyo)",AUD,FLAC 24,
"6-10-2011 / Manchester, TN / Bonnaroo X - Great Stage Park - Which Stage (CSBs) (leifh)",AUD,FLAC,
"6-10-2011 / Manchester, TN / Bonnaroo X - Great Stage Park - Which Stage (upgrade) (CSBs) (leifh)",AUD,FLAC,
"6-22-2011 / Paris, France / La Cigale - DAT(1) (OKM-II-R) (unk)",AUD,FLAC,
"7-2-2011 / Lotnisko Babie Doly, Gdynia-Kosakowo, Poland / Heineken Open'er Festival ",PRO,DVD,
"7-5-2011 / Berlin, Germany / Huxley's Neue Welt (Soundman OKM-II-R) (elliot)",AUD,FLAC,
"7-12-2011 / Manchester, UK / Academy (SP-CMC-8) (unk)",AUD,FLAC,
"7-16-2011 / Masontown, WV / All Good Music Festival (Schoeps MK41) (tonedeaf)",AUD,FLAC,
"7-16-2011 / Masontown, WV / All Good Music Festival (AKG C460b) (timothy brown)",AUD,FLAC,
"7-16-2011 / Masontown, WV / All Good Music Festival (MBHO KA500HN) (bean)",AUD,FLAC,
"7-16-2011 / Masontown, WV / All Good Music Festival (Neumann KM184) (rob clarke)",AUD,FLAC,
"7-16-2011 / Masontown, WV / All Good Music Festival (Audio Pulsar 2) (ghostwheel production)",AUD,FLAC,
"7-16-2011 / Masontown, WV / All Good Music Festival (MBHO603a/KA200N) (unk)",AUD,FLAC,
"7-16-2011 / Masontown, WV / All Good Music Festival (Microtech Gefell UM900) (sonicsound)",AUD,FLAC 24,
"9-23-2011 / Boston, MA / The Orpheum (AT853) (myco)",AUD,FLAC,
"9-24-2011 / Silver Spring, MD / The Fillmore (CSB)",AUD,FLAC,
"9-27-2011 / Albany, NY / Palace Theater (MBHO603a/KA200N)",AUD,FLAC,
"9-30-2011 / New York, NY / Roseland Ballroom (CA-11) (modern day warrior)",AUD,FLAC,
"10-1-2011 / Philadelphia, PA / Tower Theater (AT 833s) (bigt)",AUD,FLAC,
"10-1-2011 / Philadelphia, PA / Tower Theater (DPA 4060) (grafix721)",AUD,FLAC,
"10-1-2011 / Philadelphia, PA / Tower Theater (MBHO603a/KA200N)",AUD,FLAC,
"10-2-2011 / Portland, ME / State Theater (AT943)",AUD,FLAC,
"10-7-2011 / Pittsburgh, PA / Stage AE (CSB)",AUD,FLAC,
"10-8-2011 / Rochester, NY / Main St. Armory (CSB)",AUD,FLAC,
"10-8-2011 / Rochester, NY / Main St. Armory (DPA4061s) (beatkilla)",AUD,FLAC,
"10-10-2011a / Louisville, KY / WFPK Studios",FM,FLAC,
"10-10-2011 / Louisville, KY / Louisville Palace (Schoeps MK4v) (porter moreland stober)",AUD,FLAC,
"10-15-2011 / Des Moines, IA / Val Air Ballroom (JM a27s) (jesse d. scott)",AUD,FLAC,
"10-20-2011 / Mesa, AZ / Mesa Amphitheatre (unk)",AUD,FLAC,
"10-20-2011 / Mesa, AZ / Mesa Amphitheatre (AT853) (unk)",AUD,FLAC 24,
"10-21-2011 / Santa Barbara, CA / Arlington Theatre (Tascam DR-08)",AUD,FLAC,
"11-13-2011 / Santiago, Chile / Maquinaria Festival (CA-11) (realkuka)",AUD,FLAC,
"12-31-2011 / San Francisco, CA / Great American Music Hall (CSBs) (leifh)",AUD,FLAC,
"12-31-2011 / San Francisco, CA / Great American Music Hall (Tascam DR-08) (unk)",AUD,FLAC,
,,,
[2012],,,
"1-1-2012 / San Francisco, CA / Great American Hall (CSBs) (leifh)",AUD,FLAC,
"2-8-2012 / Brooklyn, NY / Music Hall of Williamsburg (MBHO KA200N)",AUD,FLAC,
"2-9-2012 / New York, NY / Gramercy Theatre (Schoeps MK4) (eric mcroberts)",AUD,FLAC,
"2-9-2012 / New York, NY / Gramercy Theatre (Neumann KM140) (iamhammered)",AUD,FLAC,
"2-10-2012 / New York, NY / Late Night with Jimmy Fallon",TV,FLAC,
"3-2-2012 / Reno, NV / Knitting Factory Concert House (Neumann KM140) (unk)",AUD,FLAC,
"3-3-2012 / Reno, NV / Knitting Factory Concert House (Neumann KM140) (unk)",AUD,FLAC,
"3-26-2012 / Fribourg, Switzerland / Fri-Son (ECM-101SM) (unk)",AUD,FLAC,
"3-27-2012 / Paris, France / Le Zenith (CSB) (unk)",AUD,FLAC,
"3-29-2012 / Cologne, Germany / Live Music Hall (Soundman OKMIIR) (elliot)",AUD,FLAC 24,
"3-31-2012 / Lille, France / L'Aeronef (Soundman OKMIIR)",AUD,FLAC,
"4-4-2012 / London, UK / Royal Albert Hall (DPA 4061)",AUD,FLAC,
"4-5-2012 / London, UK / Royal Albert Hall (Soundman OKMIIR)",AUD,FLAC,
"4-5-2012 / London, UK / Royal Albert Hall (DPA 4061)",AUD,FLAC,
"5-19-2012 / Huntington, NY / The Paramount (CSB)",AUD,FLAC,
"5-19-2012 / Huntington, NY / The Paramount (AT-833s) (bigt)",AUD,FLAC,
"5-20-2012 / Syracuse, NY / Landmark Theater (DPA 4061s) (beatkilla)",AUD,FLAC,
"5-20-2012 / Syracuse, NY / Landmark Theater (CSB) (ghostwheel productions)",AUD,FLAC,
"5-20-2012 / Syracuse, NY / Landmark Theater (2 source mix) (CSB+DPA4061)",MIX,FLAC,
"5-23-2012 / Columbus, OH / LC Pavilion (Zoom H2) (jamminj)",AUD,FLAC,
"5-25-2012 / Chillicothe, IL / Summer Camp Music Festival (Fostec MC10) (duain altepeter)",AUD,FLAC,
"5-25-2012 / Chillicothe, IL / Summer Camp Music Festival (CSB) (unk)",AUD,FLAC,
"5-26-2012 / Clarks Grove, MN / Harmony Park Music Garden (Sennheiser 614) (mike mahoney)",AUD,FLAC,
"5-27-2012 / Milwaukee, WI / Eagles Ballroom (CSB) (ghostwheel productions)",AUD,FLAC,
"5-27-2012 / Milwaukee, WI / Eagles Ballroom (CA-11c)",AUD,FLAC,
"6-2-2012 / Mulberry Mountain, Ozark, AR / Wakarusa Music Festival (Gafell M300) (datpat)",AUD,FLAC,
"6-2-2012 / Mulberry Mountain, Ozark, AR / Wakarusa Music Festival (Gafell M300) (datpat) (remix)",AUD,FLAC,
"6-2-2012 / Mulberry Mountain, Ozark, AR / Wakarusa Music Festival (CA-14)",AUD,FLAC,
"6-6-2012 / Flagstaff, AZ / Pepsi Amphitheater (Sony ECM17)",AUD,FLAC,
"6-15-2012 / Vancouver, BC / Orpheum Theatre (CSBs) (leifh)",AUD,FLAC,
"6-15-2012 / Vancouver, BC / Orpheum Theatre (CA-11+CA-14) (3 source mix)",MTX,FLAC,
"6-23-2012 / Santa Cruz, CA / Civic Auditorium (Neumann KM140s) (unk)",AUD,FLAC,
"7-21-2012 / Bridgeport, CT / Seaside Park (AKG 480) (ctdave)",AUD,FLAC,
"7-21-2012 / Bridgeport, CT / Seaside Park  (Rode NTG1s) (bigt)",AUD,FLAC,
"7-21-2012 / Bridgeport, CT / Seaside Park  (AKG c460b) (ted gakidis & scott byrnes)",AUD,FLAC,
"10-12-2012 / Poughkeepsie, NY / Mid-Hudson Civic Center (MBHO KA200N (unk)",AUD,FLAC,
"10-19-2012 / New York, NY / Hammerstein Ballroom (CSB) (unk)",AUD,FLAC,
"10-20-2012 / Boston, MA / Orpheum Theatre (MBHO KA200N (unk)",AUD,FLAC,
"10-20-2012 / Boston, MA / Orpheum Theatre (Schoeps CCM4vs) (z-man)",AUD,FLAC,
"10-20-2012 / Boston, MA / Orpheum Theatre - WAV(M) (Zoom H1) (greg johnson)",AUD,FLAC,
"10-21-2012 / Providence, RI / Veterans Memorial Auditorium (MBHO KA200N (unk)",AUD,FLAC,
"10-21-2012 / Providence, RI / Veterans Memorial Auditorium (Zoom H4n) (bigt)",AUD,FLAC,
"10-23-2012 / Niagara Falls, NY / Rapids Theatre (MBHO KA200N (unk)",AUD,FLAC,
"10-24-2012 / Detroit, MI / The Fillmore *See This Is Special (Zoom H2) (jamminj)",AUD,FLAC,
"10-27-2012 / Indianapolis, IN / Murat Theatre (SP-CMC-08s) (ironchef)",AUD,FLAC,
"10-31-2012 / Atlanta, GA / The Tabernacle (Squid Audio Omnis) (unk)",AUD,FLAC,
"11-9-2012 / Orlando, FL / Hard Rock (Zoom H1)",AUD,FLAC,
"12-30-2012 / San Francisco, CA / The Warfield (leifh)",AUD,FLAC,
"12-30-2012 / San Francisco, CA / The Warfield (CSB & KM140)",MTX,FLAC,
"12-31-2012 / San Francisco, CA / The Warfield (CSBs) (leifh)",AUD #1,FLAC,
"12-31-2012 / San Francisco, CA / The Warfield (Zoom H4n) (bigt)",AUD #2,FLAC,
,,,
[2013],,,
"5-9-2013 / Napa, CA / County Fairgrounds - Bottle Rock Festival (Zoom H1)",AUD,FLAC,
"5-18-2013 / Tucson, AZ / Rialto Theatre (SS-DSM-6S)",AUD,FLAC,
"5-26-2013 / George, WA / The Gorge - Sasquactch Music Festival (AT853s)",AUD,FLAC 24,
"5-28-2013 / Edmonton, Alberta / Norhtern Alberta Jubilee Auditorium (CSBs) (leifh)",AUD,FLAC,
"5-29-2013 / Calgary, Alberta / MacEwan Hall (CSBs) (leifh)",AUD,FLAC,
"6-1-2013 / Maplewood, MN / The Myth (Tascam DR-01) (tommy the beard)",AUD,FLAC,
"6-5-2013 / Charlottesville, VA / nTelos Wireless Pavilion (DPA 4061)",AUD,FLAC,
"6-6-2013 / Hunter, NY / Mountain Jam (AKG ck63) (jibboer)",AUD #1,FLAC,
"6-6-2013 / Hunter, NY / Mountain Jam (AKG 481) (corey the groundhog)",AUD #2,FLAC,
"6-9-2013 / North Tonawanda, NY / Gratwick Park (MBHO KA200N) (unk)",AUD #1,FLAC,
"6-9-2013 / North Tonawanda, NY / Gratwick Park (AT835b + SS-DSM6) (adam hudson)",MIX,FLAC,
"6-21-2013 / Fairbanks, AK / The Blue Loon (Tascam DR-2D) (steve hagar) ",AUD,FLAC,
"6-21-2013 / Fairbanks, AK / Blue Loon (Sony HDR-XR150 + Sony DCR-TRV140) (redpill)",AUD,DVD,
"6-22-2013 / Anchorage, AK / Moose's Tooth Pub (Tascam DR-2D) (steve hagar)",AUD,FLAC,
"7-5-2013 / Quincy, CA / High Sierra Music Festival (SPS200) ",AUD,FLAC,
"7-19-2013 / Thornville, OH / All Good Festival (AKG C-1000s)",AUD #1,FLAC,
"7-19-2013 / Thornville, OH / All Good Festival (Neumann KM184) (rob clarke)",AUD #2,FLAC,
"7-19-2013 / Thornville, OH / All Good Festival (Schoeps MK241F) (tonedeaf)",AUD #3,FLAC 24,
"7-19-2013 / Thornville, OH / All Good Festival (Schoeps MK41) (bean)",AUD #4,FLAC 24,
"11-16-2013 / Dallas, TX / Majestic Theater (SP-CMC-08s)  (whotapes)",AUD,FLAC,
"11-23-2013 / Sebastopol, CA / Hopmonk Tavern (CSBs)",AUD,FLAC,
"12-31-2013 / Oakland, CA / Fox Theater (CA-11) (leifh)",AUD #1,FLAC,
"12-31-2013 / Oakland, CA / Fox Theater (CSBs) (rockthemullet)",AUD #2,FLAC,
,,,
[2014],,,
"1-27-2014 / Sydney, Australia / The Metro Theatre (Tascam DR08) (tas-bastard)",AUD,FLAC,
"5-1-2014 / Las Vegas, NV / Brooklyn Bowl (CA-14s)",AUD,FLAC,
"5-2-2014 / Las Vegas, NV / Brooklyn Bowl (CA-14s)",AUD,FLAC,
"5-3-2014 / Las Vegas, NV / Brooklyn Bowl (CA-14s)",AUD,FLAC,
"5-21-2014 / Portsmouth, VA / Ntelos Wireless Pavilion (iRig Condenser>iphone 5) (evildedd)",AUD,FLAC,
"5-22-2014 / Cleveland, OH / Jacob's Pavilion - Nautica Stage (2 source mix) (MBHO KA200N + Tascam DR-2d) (ghostwheel)",MIX,FLAC,
"5-22-2014 / Cleveland, OH / Jacob's Pavilion - Nautica Stage (MBHO KA200N)",AUD,FLAC,
"5-23-2014 / Chilicothe, IL / Summercamp Music Festival (Schoeps M934b) (tonedeaf)",AUD,FLAC 24,
"6-22-2014 / North Tonawanda, NY / Gratwick Park (MBHO KA200N)",AUD #1,FLAC,
"6-22-2014 / North Tonawanda, NY / Gratwick Park (AT853) (beatkilla)",AUD #2,FLAC,
"6-22-2014 / North Tonawanda, NY / Gratwick Park (CSB) (ghostwheel productions)",AUD #3,FLAC,
"6-24-2014 / Port Chester, NY / Capitol Theatre (Schoeps MK41s) (spitback)",AUD #1,FLAC 24,
"6-24-2014 / Port Chester, NY / Capitol Theatre (unk)",AUD #2,FLAC,
"6-24-2014 / Port Chester, NY / Capitol Theatre (CA-11) (leifh)",AUD #3,FLAC,
"6-25-2014 / Portland, ME / State Theatre (CA-11) (leifh)",AUD #1,FLAC,
"6-25-2014 / Portland, ME / State Theatre (AT853)",AUD #2,FLAC,
"6-27-2014 / Big Flats, NY / Tag's Summer Stage (CSB) (ghostwheel productions)",AUD #1,FLAC,
"6-27-2014 / Big Flats, NY / Tag's Summer Stage (MBHO KA200N)",AUD #2,FLAC,
"6-29-2014 / Silver Spring, MD / The Fillmore (Tascam DR-05)",AUD,FLAC,
"10-24-2014 / Albany, NY / Palace Theatre (CA-11) (ed guidry)",AUD,FLAC,
"10-25-2014 / Boston, MA / The Orpheum (Sony PCM-M10) (ericcagle)",AUD #1,FLAC,
"10-25-2014 / Boston, MA / The Orpheum (Superlux s502) (rc mezzanie)",AUD #2,FLAC,
"10-28-2014 / Waterbury, CT / Palace Theater (TEAC VR-10) (planet fun camp)",AUD,FLAC,
"10-29-2014 / Baltimore, MD / Hippodrome Theatre (AT943) (whitenite)",AUD,FLAC,
"10-31-2014 / New York, NY / Beacon Theatre (MBHO KA200N)",AUD,FLAC,
"11-1-2014 / New Brunswick, NJ / State Theatre (CSB)",AUD #1,FLAC,
"11-1-2014 / New Brunswick, NJ / State Theatre (Zoom H4N)",AUD #2,FLAC 24,
"11-2-2014 / Rochester, NY / Main St. Armory (CA14s) (bigdaddybflo)",AUD #1,FLAC,
"11-2-2014 / Rochester, NY / Main St. Armory (MBHO KA200N) ",AUD #2,FLAC,
"11-7-2014 / Cincinatti, OH / Taft Theatre (MK41)",AUD,FLAC,
"11-16-2014 / Dallas, TX / Majestic Theatre (SP-CMC-08s) (whotapes)",AUD,FLAC,
"11-19-2014 / Phoenix, AZ / Orpheum Theatre (AT853)",AUD,FLAC 24,
"12-31-2014 / Oakland, CA / Fox Theater (CSBs) (rockthemullet)",AUD #1,FLAC,
"12-31-2014 / Oakland, CA / Fox Theater (2 source mix) (CA-11 + Tascam DR-05) (bruce burnett)",MIX,FLAC,
"12-31-2014 / Oakland, CA / Fox Theater (CA-11) (leifh)",AUD #3,FLAC,
"12-31-2014 / Oakland, CA / Fox Theater (Zoom H2n)",AUD #4,FLAC,
,,,
[2015],,,
"1-2-2015 / Portland, OR / Arlene Schnizter Concert Hall (CA-11) (leifh)",AUD,FLAC 24,
"1-3-2015 / Seattle, WA / Paramount Theatre (CA-11) (leifh)",AUD,FLAC,
"4-8-2015 / Minneapolis, MN / State Theatre (CA-14) ",AUD,FLAC,
"4-17-2015 / Louisville, KY / Louisville Palace (Schoeps MK4v)",AUD,FLAC,
"4-21-2015 / Syracuse, NY / Landmark Theatre (MBHO KA200N)",AUD #1,FLAC,
"4-21-2015 / Syracuse, NY / Landmark Theatre (CSB)",AUD #2,FLAC,
"4-24-2015 / Hershey, PA / Hershey Theater (Schoeps MK4)",AUD #1,FLAC,
"4-24-2015 / Hershey, PA / Hershey Theater (MBHO KA200N)",AUD #2,FLAC,
"4-25-2015 / Huntington, NY / The Paramount (CSB)",AUD,FLAC,
"4-28-2015 / Peoria, IL / Peoria Civic Center (CSB)",AUD,FLAC,
"4-30-2015 / Houston, TX / Bayou Music Center (Olympus ME 51S) (randy gardner)",AUD,FLAC,
"5-7-2015 / Morrison, CO / Red Rocks Amphitheatre (CA-14)",AUD #1,FLAC,
"5-7-2015 / Morrison, CO / Red Rocks Amphitheatre (CA-14) (neal olson)",AUD #2,FLAC,
"6-13-2015 / Milan, Italy / Carroponte (Soundman OKM-IIR) (elliot)",AUD,FLAC,
"6-20-2015 / Cologne, Germany / Live Music Hall (Soundman OKM-IIR) (elliot)",AUD,FLAC,
"6-24-2015 / Manchester, UK / 02 Apollo (SP-CMC-8) (unk)",AUD,FLAC,
"7-20-2015 / Charlotte, NC / The Fillmore (Various sources) (univonc)",MIX,FLAC,
"7-25-2015 / Boston, MA / Blue Hills Bank Pavilion (CSB) (leifh)",AUD,FLAC,
"7-27-2015 / Portland, ME / Thompson's Point (CA-11) (unk)",AUD #1,FLAC,
"7-27-2015 / Portland, ME / Thompson's Point (CSB) (leifh)",AUD #2,FLAC,
"7-28-2015 / Holyoke, MA / Mountain Park (CSB) (leifh)",AUD,FLAC,
"7-30-2015 / New York, NY / Pier 97/Hudson River Park (CA-11) (leifh)",AUD,FLAC,
"8-1-2015 / Columbus, OH / Lifestyle Communities Pavilion Outdoor Amphitheatre (CSB) (leifh)",AUD,FLAC,
"8-4-2015 / Huber Heights, OH / Rose Music Center (SS-DSM-6) (unk)",AUD,FLAC,
"9-3-2015 / Tucson, AZ / Rialto Theater (AT853)",AUD,FLAC,
"9-4-2015 / Las Vegas, NV / Joint - WAV(M) (Edirol R-09) (luke freteluco)",AUD,FLAC,
"9-12-2015 / Edmonton, Alberta / Northern Alberta Jubilee Auditorium (CA-11) (leifh)",AUD,FLAC,
"9-14-2015 / Vancouver, BC / Malkin Bowl-Stanley Park (CA-11) (leifh)",AUD,FLAC,
"9-17-2015 / Eureka, CA / Eureka Municiple Auditorium (Edirol R-09)",AUD,FLAC,
"9-18-2015 / San Francisco, CA / Palace of Fine Arts Theatre (Sony PCM-D100)",AUD #1,FLAC,
"9-18-2015 / San Francisco, CA / Palace of Fine Arts Theatre (CSBs) (rockthemullet)",AUD #2,FLAC,
"10-31-2015 / Tempe, AZ / Monster Mash AZ - Tempe Beach Park (CSB) (leifh)",AUD,FLAC,
"12-31-2015 / Oakland, CA / Fox Theatre (Sony PCM-D100)",AUD #1,FLAC,
"12-31-2015 / Oakland, CA / Fox Theatre (CA-11) (leifh)",AUD #2,FLAC,
,,,
[2016],,,
"1-9-2016 / San Diego, CA / Viejas Arena (AT943) (carsfan)",AUD #1,FLAC,
"1-9-2016 / San Diego, CA / Viejas Arena (Sony PCM-M10)",AUD #2,FLAC,
"1-9-2016 / San Diego, CA / Viejas Arena (DPA 4061s) (geordy)",AUD #3,FLAC 24,
"1-10-2016 / San Diego, CA / Viejas Arena (DPA 4061s) (geordy)",AUD #1,FLAC 24,
"1-16-2016 / Tulsa, OK / BOK Center (CA-14s) (karl frinkle)",AUD,FLAC 24,
"1-17-2016 / Grand Prairie, TX / Verizon Wireless Theatre (CA-14s) (karl frinkle)",AUD,FLAC 24,
"1-23-2016 / Nashville, TN / Bridgestone Arena (DPA 4061s) (geordy)",AUD,FLAC 24,
"1-25-2016 / Duluth, GA / Infinite Energy Center (MBHO KA200N)",AUD,FLAC,
"1-26-2016 / Charlotte, NC / Bojangles Coliseum (univonc)",MTX,FLAC,
"1-31-2016 / New Orleans, LA / Smoothie King Center (AT831s) (tapeworm48)",AUD,FLAC,
"12-31-2016 / Oakland, CA / Fox Theater (CA-11) (leifh)",AUD #1,FLAC,
"12-31-2016 / Oakland, CA / Fox Theater  (CSBs) (rockthemullet)",AUD #2,FLAC,
"12-31-2016 / Oakland, CA / Fox Theater (Sony PCM-M10)",AUD #3,FLAC,
"12-31-2016 / Oakland, CA / Fox Theater  (CSB) (rockthemullet)",AUD #4,FLAC,
"12-31-2016 / Oakland, CA / Fox Theater (2 source mix) (CA-11 + CSB)",MTX,FLAC 24,
,,,
[2017],,,
"5-15-2017 / Boulder, CO / Fox Theater (Zoom H2) (aphex)",AUD,FLAC 24,
"5-16-2017 / Morrison, CO / Red Rocks Amphitheater (CA-14) (ozone21clutch)",AUD,FLAC,
"5-21-2017 / Columbus, OH / Mapfre Stadium - Rock on the Range Festival",SBD,FLAC,
"5-24-2017 / Asheville, NC / Highland Brewing Co. (DPA 4023) (george wang)",AUD,FLAC,
"6-11-2017 / Oslo, Norway / Sentrum Scene (Olympus LS14) (lars m)",AUD,FLAC,
"6-13-2017 / Luxembourg City, LUX / Den Atelier (CA-11) (leifh)",AUD,FLAC,
"6-13-2017 / Luxembourg City, LUX / Den Atelier (2 source mix) (CA-11 + Tascam DR07)",MIX,FLAC,
"6-14-2017 / Tilburg, The Netherlands / 013 Poppodium - Main Stage (CA-11) (leifh)",AUD,FLAC,
"6-18-2017 / Dessel, Belgium / Graspop Metal Meeting - Boeretang (SP-CMC-8)",AUD,FLAC,
"6-20-2017 / London, UK / The Roundhouse (CA-11) (leifh)",AUD,FLAC,
"7-17-2017 / Charlotte, NC / Charlotte Metro Credit Union Amphitheatre (DPA 4023) (george wang)",AUD,FLAC 24,
"7-21-2017 / Henrietta, NY / Dome Arena (MBHO KA200N)",AUD,FLAC,
"7-23-2017 / Boston, MA / Blue Hills Bank Pavilion (SP-CMC-8) (farve4)",AUD,FLAC,
"7-25-2017 / Portland, ME / The Maine State Pier (CA-11) (ericcagle)",AUD,FLAC,
"7-28-2017 / Asbury Park, NJ / Stone Pony (CSB)",AUD,FLAC,
"8-2-2017 / Mankato, MN / Vetter Stone Amphitheater (CA-14) (ozone21clutch)",AUD,FLAC,
"8-8-2017 / Tempe, AZ / The Marquee (Tascam DR-07) ",AUD,FLAC 24,
"8-9-2017 / Las Vegas, NV / The Joint (Edirol R09)",AUD,FLAC,
"8-15-2017 / Redmond, WA / Marymoor Park (CSB) (leifh)",AUD,FLAC,
"8-18-2017 / Berkeley, CA / The Greek Theater (Tascam DR-22WL) (rockthemullet)",AUD,FLAC,
"10-22-2017 / Austin, TX / Moody Theater (Olympus LS-12) (exene/bluejane99)",AUD,FLAC,
"10-27-2017 / Albany, NY / Palace Theatre (MBHO KA300NB)",AUD,FLAC,
"10-29-2017 / Albany, NY / Palace Theatre (Neumann AK40) (iamhammerred)",AUD,FLAC,
"11-2-2017 / Akron, OH / Goodyear Theater (MBHO KA300NB)",AUD,FLAC,
"11-4-2017 / Louisville, KY / The Louisville Palace (Schoeps MK4V) ",AUD,FLAC,
"11-11-2017 / Clearwater, FL / Ruth Eckerd Hall (CA-14)",AUD,FLAC,
"12-29-2017 / Los Angeles, CA / The Wiltern Theatre (CA-11) (leifh)",AUD,FLAC,
"12-30-2017 / Los Angeles, CA / The Wiltern Theatre (CA-11) (leifh)",AUD,FLAC,
"12-31-2017 / Oakland, CA / Fox Theater (CA-11) (leifh)",AUD,FLAC,
"12-31-2017 / Oakland, CA / Fox Theater (Schoeps MK4) (daspyknows)",AUD,FLAC,
,,,
[2018],,,
"4-15-2018 / Saint Kilda, Australia / Palais (Zoom H1)",AUD,FLAC,
"5-6-2018 / Morrison, CO / Red Rocks Amphitheatre (CA-14) ",AUD,FLAC,
"5-10-2018 / Dallas, TX / South Side Ballroom (CA-11s) (nsl)",AUD,FLAC,
"5-23-2018 / Lewiston, NY / Artpark Amphitheatre (AT933c) (beatkilla)",AUD,FLAC 24,
"5-25-2018 / Glens Falls, NY / Cool Insuring Arena (SP-CMC-8) (smores)",AUD,FLAC 24,
"5-27-2018 / Portland, ME / The Maine State Pier (CA-11) (ec666)",AUD,FLAC,
"5-29-2018 / Boston, MA / Blue Hills Bank Pavilion (AT853) ",AUD,FLAC,
"5-29-2018 / Boston, MA / Blue Hills Bank Pavilion (SP-CMC-8) (farve4)",AUD,FLAC,
"6-1-2018 / Asbury Park, NJ / Convention Hall (CSB)",AUD,FLAC,
"6-3-2018 / Coney Island, NY / Ford Amphitheater (AK40s) (iamhammered)",AUD,FLAC,
"6-3-2018 / Coney Island, NY / Ford Amphitheater (Zoom iq5)",AUD,FLAC,
"6-11-2018 / Noblesville, IN / Ruoff Home Mortgage Music Center (SP-CMC-08s) (ironchef)",AUD,FLAC,
"6-12-2018 / Cincinnati, OH / PNC Pavilion (Schoeps MK4v)",AUD,FLAC 24,
"6-15-2018 / Bonner Springs, KS / Providence Medical Center Amphitheater (Internal Mics)",AUD,FLAC,
"6-22-2018 / Redmond, WA / Marymoor Park (CA-11) (leifh)",AUD,FLAC,
"6-29-2018 / Berkeley, CA / Greek Theater (DPA 4061s) ",AUD,FLAC,*Includes Mastodon's Set
"6-30-2018 / Lincoln,  CA / Thunder Valley Casino Amphitheater (Tascam DR-05) (thejackal)",AUD,FLAC,
"7-2-2018 / Magna, UT / Saltair (AT853s)",AUD,FLAC,
"9-25-2018 / Athens, GA / The Georgia Theatre (LG V20) (blake)",AUD,FLAC,
,,,
[2019],,,
"1-24-2019 / Santiago, Chile / Teatro Coliseo (CA-14) (mk360)",AUD,FLAC,
"11-6-2019 / Hershey, PA / Giant Center (MBHO KA200N)",AUD,FLAC 24,
"11-8-2019 / Springfield, MA / MassMutual Center (Edirol R9) (ec666)",AUD,FLAC 24,
"11-12-2019 / Columbus, OH / Nationwide Arena (SP-CMC-8s) (ironchef)",AUD,FLAC,
"11-20-2019 / Colorado Springs, CO / Broadmoor World Arena (Olympud LS-P4) (exene)",AUD,FLAC,
"11-20-2019 / Colorado Springs, CO / Broadmoor World Arena (Remaster) (exene)",AUD,FLAC,
"11-23-2019 / Missoula, MT / The Wilma (CA-11) (leifh)",AUD,FLAC,
"11-24-2019 / Spokane, WA / Spokane Arena (CA-11) (leifh)",AUD,FLAC,
"11-29-2019 / Inglewood, CA / The Forum (SP-CMC-3U)",AUD,FLAC,
"11-30-2019 / Inglewood, CA / The Forum (MBHO KA300nb)",AUD,FLAC,
,,,
[2020],,,
"12-11-2020 / Sebastopol, CA / Pachyderm Station - Alive from Pachyderm Station",WEB,TS,
,,,
[2021],,,
"8-14-2021 / Redmond, WA / Merrymoor Park (AT853) (nokeeo)",AUD,FLAC,
"8-17-2021 / Portland, OR / Edgefield (Tascam DR-05) (unk) (inc) ",AUD,FLAC,
"9-7-2021 / Houston, TX / Bayou Music Center (Zoom H1n) (mrc0x) ",AUD,FLAC,
"9-16-2021 / Indianapolis, IN / TCU Amphitheater at White River State Park (CMC-08s) (ironchef)",AUD,FLAC,
"9-22-2021 / Sterling Heights, MI / Michigan Lottery Amphitheatre (Sennheiser Ambeo) (blue tweeker)",AUD,FLAC,
"9-24-2021 / Boston, MA / Leader Bank Pavilion  (SP-CMC-8c) (farve4)",AUD,FLAC,
"9-25-2021 / Asbury Park, NJ / Stone Pony Summer Stage (MBHO KA200N) (unk)",AUD,FLAC 24,
"9-28-2021 / New York, NY - Beacon Theatre (Neumann KM140s) (chop) ",AUD,FLAC 24,
"10-1-2021 / Philadelphia, PA / The Met (MBHO KA200N) (unk)",AUD,FLAC 24,
10-2-2021 / Champlain Valley Expo / Essex Junction (MBHO KA200N) (unk),AUD,FLAC 24,
"10-13-2021 / Salt Lake City, UT / The Complex (CA-11) (opsopcopolis)",AUD,FLAC,
"10-16-2021 / Paso Robles, CA / Vina Robles Amphitheater (Zoom H2) (aphex0)",AUD,FLAC 24,
"10-19-2021 / San Diego, CA / Cal Coast Credit Union - Open Air Theatre (SP-CMC-4U) (unk)",AUD,FLAC,
"10-19-2021 / San Diego, CA /SDSU Cal Coast Credit Union - Open Air Theatre (SP-CMC-4U) (Tracked)",AUD,FLAC,
"10-21-2021 / Denver, CO / Mission Ballroom (Olympus LS-P4) (exene)",AUD,FLAC,
"10-25-2021 / Phoenix, AZ / Arizona Federal Theatre (CA-11) (leifh) ",AUD,FLAC,
,,,
[2022],,,
"4-20-2022 / Kansas City, MO / Grinders KC (DPA 4061s) (kcmoejoe) ",AUD,FLAC,
"4-20-2022 / Kansas City, MO / Grinders KC (DPA 4061s) (kcmoejoe) (remaster)",AUD,FLAC,
"4-22-2022 / Cedar Rapids, IA / Alliant Energy Powerhouse (Internal mics Tascam DR-05) (78jazz)",AUD,FLAC 24,
"4-27-2022 / New Orleans, LA / Saenger Theatre (MBHO KA200N) (unk)",AUD,FLAC 24,
"5-6-2022 / North Charleston, SC / North Charleston Performing Arts Center (Zoom H1) (matt p.) ",AUD,FLAC 24,
"5-13-2022 / Toronto, Ontario / Massey Hall (MBHO KA 200N) (unk)",AUD,FLAC 24,
"5-14-2022 / Toronto, Ontario / Massey Hall (MBHO KA 200N) (unk)",AUD,FLAC 24,
"5-18-2022 / Albany, NY / Palace Theater (MBHO KA200N) (unk)",AUD,FLAC 24,
"5-25-2022 / Bethlehem, PA / Windcreek Event Center (Schoeps MK4s) (bciromaiden)",AUD,FLAC,
5-28-2022 / Lafayette NY / Beak n Skiff Farm (CSBs) (bouliasoul),AUD,FLAC 24,
5-28-2022 / Lafayette NY / Beak n Skiff Farm (MBHO KA200N) (unk),AUD,FLAC 24,
"5-30-2022 / Louisville, KY / Old Forester's Paristown Hall (AT831s) (hollowmoons) ",AUD,FLAC 24,
"6-4-2022 / Winnipeg, MB / Burton Cummings Theatre (CA-11) (lefih)",AUD,FLAC,
"6-6-2022 / Regina, SK / Conexus Arts Centre (CA-11) (leifh)",AUD,FLAC,
"6-7-2022 / Saskatoon, SK / Sid Buckwold Theatre (CA-11) (leifh) ",AUD,FLAC,
"6-9-2022 / Calgary, AB / Grey Eagle Resort & Casino (CA-11) (leifh)",AUD,FLAC,
"6-10-2022 / Edmonton, AB / Edmonton EXPO Centre (CA-11) (leifh)",AUD,FLAC,
6-12-2022 / Vancouver BC / The Orpheum (CA-11) (leifh),AUD,FLAC,
"6-14-2022 / Troutdale, OR / Edgefield Amphitheatre (Sennheiser Ambeo Binaurals) (grizzly adams)",AUD,FLAC,
"6-17-2022 / Sacramento, CA / Memorial Auditorium (Multiple IEM receivers) (hoserama)",IEM,FLAC,
"6-19-2022 / San Jose,  CA / San Jose Civic Center (CA-14) (vortexzephyr)",AUD,FLAC 24,
"6-23-2022 / Riverside, CA  / Riverside Municipal Auditorium (Sennheiser Ambeo Binaruals) (grizzly adams)",AUD,FLAC,
"6-24-2022 / Long Beach, CA / Long Beach Convention Center (Sennheiser Ambeo) (grizzly adams) ",AUD,FLAC,
"6-25-2022 / Las Vegas, NV / Theater at Virgin Hotels - WAV(M) (CA-14) (luke freteluco)",AUD,FLAC,
,,,
[2023],,,
4-17-2023 / Los Angeles CA / The Belasco (Senn Ambeo) (grizzly adams) ,AUD,FLAC,
5-30-2023 / Buffalo NY / Town Ballroom (Sennheiser Ambeo) (grizzly adams),AUD,FLAC 24,
"6-2-2023 / Detroit, MI / Masonic Temple (MBHO KA200N) (unk)",AUD,FLAC 24,
"6-2-2023 / Detroit, MI / Masonic Temple (Sennheiser Ambeo) (blue tweeker)",AUD,FLAC,
"6-2-2023 / Detroit, MI / Masonic Temple (SP-LAV-1) (unk)",AUD,FLAC 24,
,,,
[2024],,,
4-21-2024 / Berkeley CA / William Randolph Hearst Greek Theatre (Senn Ambeo) (grizzly adams),AUD,FLAC,
"4-27-2024 / Las Vegas, NV / Las Vegas Fairgrounds - Sick New World (iPhone) (anonymous) ",AUD,FLAC 24,
"5-6-2024 / Wilkes-Barre, PA / F.M. Kirby Center (Schoeps MK4s) (bcironmaiden)",AUD,FLAC,
7-9-2024 / Highland CA / Yaamava' Resort & Casino Theater (CA-11) (leifh) ,AUD,FLAC,
7-18-2024 / Redmond WA / Marymoor Park (CA-11) (leifh),AUD,FLAC,
"7-19-2024 / Troutdale, OR / McMenamins Historic Edgefield Manor (CA-11) (leifh) ",AUD,FLAC,
"7-28-2024 / La Vista, NE / Astro Amphitheater (DPA 4061s) (dave adair)",AUD,FLAC 24,
"8-1-2024 / Indianapolis, IN / Everwise Amphitheater at White River State Park (SP-CMC-08s) (ironchef)",AUD,FLAC,
"8-9-2024 / Buffalo, NY / Terminal B at the Outer Harbor (Sennheiser MKE2) (beatkilla) ",AUD,FLAC 24,
"8-9-2024 / Buffalo, NY / Terminal B at Outer Harbor (Tascam DR-2d) (ghostwheel)",AUD,FLAC 24,
"8-10-2024 / Big Flats, NY / Tags Summer Stage (Tascam DR-2d) (ghostwheel)",AUD,FLAC 24,
"8-12-2024 / Saratoga Springs, NY / SPAC (SP-CMC-8s) (smores) ",AUD,FLAC 24,
8-14-2024 / Washington DC / The Anthem (Tascam DR-07X) (chicken on a stick),AUD,FLAC,
"8-14-2024 / Washington, DC / The Anthem (DPA 4060) (alex leary)",AUD,FLAC 24,
"8-23-2024 / Dillon, CO / Dillon Amphitheater (Sennheiser Ambeo) (grizzly adams)",AUD,FLAC,
"8-23-2024 / Dillon, CO / Dillon Amphitheater (SP-BMC-12) (royboy)",AUD,FLAC 24,
"8-24-2024 / Colorado Springs, CO / Ford Amphitheatre (CA-11) (leifh) ",AUD,FLAC,
,,,
[2025],,,
"3-8-2025 / Punta Cana, Dominican Republic / Hard Rock Hotel & Casino (Sennheiser Ambeo) (grizzly adams)",AUD,FLAC 24,
"7-7-2025 / Sandy, UT / Sandy Amphitheater (DPA 4061) (opsopcopolis) ",AUD,FLAC 24,
"7-9-2025 / Morrison, CO / Red Rocks Amphitheatre (Senn Ambeo + Pixel mics) unk)",MIX,FLAC 24,
"7-12-2025 / Kansas City, MO / Grinders (CSB) (letsgoaway)",AUD,FLAC 24,
"7-15-2025 / Louisville, KY / Iroquois Amphitheatre (Schoeps MK4) (funk it blog) ",AUD,FLAC 24,
"7-18-2025 / Lafayette, NY / Beak & Skiff Apple Orchards (Schoeps MK4) (beatkilla)",AUD,FLAC 24,
"7-18-2025 / LaFayette, NY / Beak & Skiff Apple Orchards (Tascam DR-2d) (ghostwheel) ",AUD,FLAC 24,
7-25-2025 / Atlanta GA / Synovus Bank Amphitheater at Chastain Park (Pixel) (esamirp) ,AUD,FLAC,
"8-1-2025 / Phoenix, AZ / Arizona Financial Theater (iPhone) (leevancleef) ",AUD,FLAC,
"8-6-2025 / Los Angeles, CA / Greek Theater (iPhone) (eidersound)",AUD,FLAC,
"8-7-2025 / Sacramento, CA / Channel 24 (SP-CMC-4U) (vibriodxire) ",AUD,FLAC 24,
"8-7-2025 / Sacramento, CA / Channel 24 (Senn.Ambeo) (grizzly adams) ",AUD,FLAC,
"8-7-2025 / Sacramento, CA / Channel 24 (Sennheiser + SP-CMC-4U) ",MIX,FLAC 24,
"8-8-2025 / Sacramento, CA / Channel 24 (SP-CMC-4U) (vibriodxire) ",AUD,FLAC 24,
"8-8-2025 / Sacramento, CA / Channel 24 (Senn.Ambeo) (grizzly adams) ",AUD,FLAC,
"8-8-2025 / Sacramento, CA / Channel 24 (Sennheiser + SP-CMC-4U)",MIX,FLAC 24,
12-30-2025 / Oakland CA / Fox Theater (CA-11) (leifh) ,AUD,FLAC 24,
12-31-2025 / Oakland CA / Fox Theater (CA-11) (leifh) ,AUD,FLAC 24,
,,,
,,,
[MISC],,,
Primus - Primus Sucks Demo Tape (1986) (24-96),Cassette,FLAC HD,
Primus - Kiss My Dead Bloated Ass (Limp Donkey LD-1),Vinyl,FLAC,
XX-XX-1988 - Sausage Demos,,,
Well On the Way to Sucking - Live and Demos (1987-1988),,FLAC,
Primus - Madhouse (KTS219) - Holland 93,Silver CD,FLAC,
Primus - Does Primus Really Fry? (1992) (TWR 04),Silver CD,FLAC,
"Primus - Master of Puppies - Rome, Italy / 11-XX-1990",Silver CD,FLAC,
"Primus - '91 Tour - Rome, Italy / 11-XX-1990",Silver CD,FLAC,
Rarities Compilation,,FLAC,
Primus - Beaver Trappin' (1995) ,,FLAC,
Primus - Freak Out {HAWK041} (1994),Silver CD,FLAC,
Primus - You Can't Party Without Me! {HR 5915-8} (1994),Silver CD,FLAC,
Primus - Love & Money (AKA Master of Puppies),Silver CD,FLAC,
Primus - Acid Trip,Silver CD,FLAC,
Primus - Videoplasty (VHS Rip) [WMV],,WMV,
Primus - Hallucino-Genetics (2004),,DVD,
Primus - Blame It On The Fish (2006),,DVD,
,,,
,,,
[OFFICIAL RELEASES],,,
Primus - Suck On This (1989),,FLAC,
Primus - Frizzle Fry (1990) (CAROL CD 1619) ,,FLAC,
"Primus - Frizzle Fry (1990) [2002, RMed ? Bonus Track, PSR-0004-2]",,FLAC,
Primus - Making Plans For Nigel - Cheesy EP 1 (1992),,FLAC,
Primus - Miscellaneous Debris (1992) (2018) (24/192),,FLAC HD,
"Primus - Pork Soda (1993) [2005, RE, INTD-92257]",,FLAC,
Primus - Pork Soda (24/48),,FLAC HD,
Primus - Pork Soda (1993) (24/192),,FLAC HD,
Primus - Wynona's Big Brown Beaver (CDS) (1995),,FLAC,
Primus - Tales from the Punchbowl (1995) [92553-2] ,,FLAC,
Primus - Brown Album (1997) [INT2-90126],,FLAC,
Primus - Rhinoplasty (1998),,FLAC,
Primus - Videoplasty (1998) (VHS),,MKV,
"Primus - Antipop (1999) [with ""The Heckler"" Hidden Track, 490414-2] ",,FLAC,
Primus - Animals Should Not Try to Act like People (EP) (2003),,FLAC,
Primus - They Can't All Be Zingers (2006),,FLAC,
Primus - June 2010 Rehearsal (2010),,FLAC,
Primus - Sailing The Seas Of Cheese (2013) (24/96),,FLAC HD,
Primus - Sailing The Seas Of Cheese (Deluxe Edition) (2013) HDtracks (24/96),,FLAC HD,
Primus - Primus & the Chocolate Factory With the Fungi Ensemble (2014) [ATO 0250],,FLAC,
Primus - Green Naugahyde (2011) [ATO 0113] ,,FLAC,
Primus - Primus & the Chocolate Factory With the Fungi Ensemble (2014) (24/44.1),,FLAC HD,
Primus - The Desaturating Seven (2017) [ATO 0404],,FLAC,
Primus - The Desaturating Seven (2017) (24/44.1),,FLAC HD,
,,,
,,,
[OFFICIAL BOOTLEGS],,,
"10-14-2003 / Davis, CA / Freeborn Hall UC Davis (PrimusLive)",SBD,FLAC,
"10-15-2003 /  Las Vegas, NV / The Joint (PrimusLive)",SBD,FLAC,
"10-17-2003 / Los Angeles, CA / Wiltern Theatre (PrimusLive)",SBD,FLAC,
"10-18-2003 / Los Angeles, CA / Wiltern Theatre (PrimusLive)",SBD,SHN,
"10-19-2003 / Phoenix, AZ / Celebrity Theater (PrimusLive)",SBD,FLAC,
"10-21-2003 / Denver, CO / The Fillmore (PrimusLive)",SBD,FLAC,
"10-22-2003 / Salt Lake City, UT / Salt Air Pavilion (PrimusLive)",SBD,FLAC,
"10-24-2003 / Vancouver, BC / Vogue Theatre (PrimusLive)",SBD,FLAC,
"10-25-2003 / Eugene, OR / Hult Center (PrimusLive)",SBD,FLAC,
"10-26-2003 / Seattle, WA / Paramount Theater (PrimusLive)",SBD,FLAC,
"10-28-2003 / Eureka, CA / Municipal Auditorium (PrimusLive)",SBD,FLAC,
"10-29-2003 / Santa Cruz, CA / Civic Auditorium (PrimusLive)",SBD,FLAC,
"10-30-2003 / San Francisco, CA / The Warfield (PrimusLive)",SBD,FLAC,
"11-6-2003 / Minneapolis, MN / Historic State Theater (PrimusLive)",SBD,FLAC,
"11-7-2003 / Chicago, IL / Aragon Ballroom (PrimusLive)",SBD,FLAC,
"11-8-2003 / Milwaukee, WI / Eagles Ballroom (PrimusLive)",SBD,FLAC,
"11-9-2003 / Detroit, MI / State Theater (PrimusLive)",SBD,FLAC,
"11-11-2003 / Columbus, OH / Promowest Pavilion (PrimusLive)",SBD,FLAC,
"11-12-2003 / Cleveland, OH / Agora Theater (PrimusLive)",SBD,FLAC,
"11-14-2003 / New York, NY / Roseland Ballroom (PrimusLive)",SBD,FLAC,
"11-15-2003 / Philadelphia, PA / Tower Theater (PrimusLive)",SBD,FLAC,
"11-17-2003 / Boston, MA / Orpheum Theatre (PrimusLive)",SBD,FLAC,
"11-18-2003 / Boston, MA / Orpheum Theatre (PrimusLive)",SBD,FLAC,
"11-19-2003 / Lewiston, ME / Central Maine Civic Center (PrimusLive)",SBD,FLAC,
"11-22-2003 / Montreal, PQ / The Metropolis (PrimusLive)",SBD,FLAC,
"11-23-2003 / Toronto, Ontario / Kool Haus (PrimusLive)",SBD,FLAC,
"11-24-2003 / Syracuse, NY / Landmark Theatre (PrimusLive)",SBD,FLAC,
"11-25-2003 / New York, NY / Roseland Ballroom (PrimusLive)",SBD,FLAC,
"2-24-2004 / Kansas City, KS / Memorial Hall (PrimusLive)",SBD,FLAC,
"2-25-2004 / St. Louis, MO / The Pageant (PrimusLive)",SBD,FLAC,
"2-27-2004 / Houston, TX / Verizon Theatre (PrimusLive)",SBD,FLAC,
"2-28-2004 / Grand Prairie, TX / NextStage (PrimusLive)",SBD,FLAC,
"2-29-2004 / Austin, TX / Austin Music Hall (PrimusLive)",SBD,FLAC,
"3-2-2004 / New Orleans, LA / State Palace (PrimusLive) ",SBD,FLAC,
"3-4-2004 / Tampa, FL / USF Sun Dome (PrimusLive)",SBD,FLAC,
"3-5-2004 / Boca Raton, FL / Mizner Park Amphitheatre (PrimusLive)",SBD,FLAC,
"3-6-2004 / Orlando, FL / Hard Rock Live (PrimusLive)",SBD,FLAC,
"3-8-2004 / Atlanta, GA / The Tabernacle (PrimusLive)",SBD,FLAC,
"3-9-2004 / Charlotte, NC / Grady Cole Center (PrimusLive)",SBD,FLAC,
"3-10-2004 / Asheville, NC / Asheville Civic Center (PrimusLive)",SBD,FLAC,
"3-12-2004 / Norfolk, VA / Chrysler Hall (PrimusLive)",SBD,FLAC,
"3-13-2004 / Washington, D.C. / DAR Constitution Hall (PrimusLive)",SBD,FLAC,
"5-29-2004 / Irvine, CA / Verizon Wireless Amphitheatre (PrimusLive)",SBD,FLAC,
"5-30-2004 / Berkeley, CA / Metropolis (PrimusLive)",SBD,FLAC,
"6-2-2004 / Seattle, WA / Seahawks Exhibition Hall (PrimusLive)",SBD,FLAC,
"6-5-2004 / Morrison, CO / Red Rocks Amphitheatre (PrimusLive)",SBD,FLAC,
"6-8-2004 / Minneapolis, MN / Orpheum Theatre (PrimusLive)",SBD,FLAC,
"6-9-2004 / Milwaukee, WI / North Stage - Summerfest Grounds (PrimusLive)",SBD,FLAC,
"6-11-2004 / Columbus, OH / PromoWest Pavilion (PrimusLive)",SBD,FLAC,
"6-12-2004 / Manchester, TN / Bonnaroo Festival (PrimusLive)",SBD,FLAC,
"6-15-2004 / Pittsburgh, PA / Chevrolet Amphitheatre (PrimusLive)",SBD,FLAC,
"6-16-2004 / Philadelphia, PA / Penn's Landing (PrimusLive)",SBD,FLAC,
"6-18-2004 / Rochester Hills, MI / Meadow Brook (PrimusLive)",SBD,FLAC,
"6-19-2004 / Toronto, Ontario / Hummingbird Cafe (PrimusLive)",SBD,FLAC,
"6-20-2004 / Montreal, Quebec / Cepsum (PrimusLive)",SBD,FLAC,
"6-22-2004 / New York, NY / Radio City Music Hall (PrimusLive)",SBD,FLAC,
"6-23-2004 / Boston, MA / FleetBoston Pavilion (PrimusLive)",SBD,FLAC,
"6-25-2004 / Cleveland, OH / Tower City Amphitheatre (PrimusLive)",SBD,FLAC,
"6-26-2004 / Chicago, IL / Aragon Ballroom (PrimusLive)",SBD,FLAC,
"7-31-2004 / Niigata, Japan / Naeba Ski Resort - Fuji Rock Festival (PrimusLive)",SBD,FLAC,
,,,
,,,
,,,
,,,
,,,
,,,
Les Claypool & Friends,Versions,File Type,
Drive - F,,,
,,,
,,,
[2024],,,
"11-23-2024 / Sebastopol, CA / HopMonk Tavern (CA-11) (leifh) ",AUD,FLAC,
,,,
[2025],,,
"11-22-2025 / Sebastopol, CA / Hopmonk - 16th Annual Pre-Turkey Day Bonanza (Sennheiser + Pixel) (leifh)",AUD,FLAC 24,
,,,
,,,
,,,
,,,
,,,
Les Claypool's Fungi Band,Versions,File Type,
Drive - F,,,
,,,
,,,
[2009],,,
"6-8-2009 / Houston, TX / House of Blues (Neumann AK40) (brad wolf)",AUD,FLAC,
,,,
,,,
,,,
,,,
,,,
Les Claypool's Bastard Jazz,Versions,File Type,
Drive - F,,,
,,,
,,,
[2022],,,
"4-28-2022 / New Orleans, LA / Orpheum Theatre (MBHO KA200N) (unk)",AUD,FLAC 24,
"4-28-2022 / New Orleans, LA / Orpheum Theatre (Sennheiser Ambeo Binaural) (grizzly adams)",AUD,FLAC,
"7-29-2022 / Los Angeles, CA / John Anson Ford Amphitheatre (CA-11) (leifh)",AUD,FLAC,
"8-6-2022 / Denver, CO / Ogden Theater (Olympus LS-P4) (bluejane99)",AUD,FLAC,
"12-31-2022 / Napa, CA / Jam Cellars Ballroom (CA-11) (leifh)",AUD,FLAC,
"12-31-2022 / Napa, CA / Jam Cellars Ballroom (Sennheiser Ambeo) (grizzly adams)",AUD,FLAC,
,,,
[2023],,,
"12-31-2023 / San Francisco, CA / Great American Music Hall (CA-11) (leifh)",AUD,FLAC 24,
,,,
[2025],,,
3-28-2025 / Knoxville TN / Big Ears Festival (Google Pixel) (esamirp),AUD,FLAC 24,
"3-28-2025 / Knoxville, TN / The Mill & Mine (Shure MV88) (mr. mountjoy) (inc)",AUD,FLAC 24,
"11-2-2025 / Kakegawa, Japan / Tsumagoi Resort at Event Hall (CA-11) (leifh)",AUD,FLAC 24,
,,,
,,,
,,,
,,,
,,,
Oysterhead,Versions,File Type,
Drive - F,,,
,,,
,,,
[2000],,,
"5-4-2000 / New Orleans, LA / Saenger Theater",SBD,SHN,
,,,
[2001],,,
"11-2-2001 / Chicago, IL / Aragon Ballroom (Schoeps MK4) (unk)",AUD,FLAC,
"11-2-2001 / Chicago, IL / Aragon Ballroom (KM-140) (matt lazor)",AUD,FLAC,
"11-3-2001 / West Lafayette, IN / Edward C. Elliot Hall of Music - DAT(M) (Neumann KM140) (matt lazor)",AUD,FLAC,
"11-4-2001 / Ann Arbor, MI / Hill Auditorium (KM-140) (matt lazor)",AUD,FLAC,
"11-6-2001 / Cleveland, OH / Cleveland State Theatre (Schoeps MK4v)",AUD,FLAC,
"11-7-2001 / Toronto, Canada / Massey Hall - DAT(M) (Schoeps CCM4s) (duncan oldham)",AUD,FLAC,
"11-9-2001 / Utica, NY / Utica Memorial Auditoriium - DAT(M) (Schoeps CCM4s) (duncan oldham)",AUD,FLAC,
"11-14-2001 / New York, NY / Roseland Ballroom (Schoeps MK4s) ",AUD,FLAC,
"11-17-2001 / Asheville, NC / Asheville Civic Center - DAT(M) (KM-140) (matt lazor)",AUD,FLAC,
"11-17-2001 / Asheville, NC / Civic Center (AKG483) (c. cage)",AUD,FLAC,
,,,
[2006],,,
"6-16-2006 / Manchester, TN / Bonnaroo Festival - What Stage (DPA 4027) (scott schneider)",AUD,FLAC,
,,,
[2022],,,
"5-1-2022 / Atlanta, GA / Sweetwater 420 Festival - Sweetwater Stage (Schoeps CCM4vs) (z-man)",AUD,FLAC,
,,,
,,,
,,,
,,,
,,,
The Claypool Lennon Delirium,Versions,File Type,
Drive - F,,,
,,,
,,,
[2016],,,
"6-5-2016 / Tampa, FL / The Ritz (MK4v)",AUD,FLAC,
"6-9-2016 / Wilmington, NC / Greenfield Lake Amphitheatre (Schoeps MK41)",AUD,FLAC,
"6-15-2016 / Minneapolis, MN / Skyway Theatre (CCM41) (guy of the north)",AUD,FLAC,
"8-12-2016 / Columbus, OH / Express Live! (AKG-C568EBs)",AUD,FLAC,
"8-31-2016 / Philadelphia, PA / The Fillmore (SP-CMC-8) (bcironmaiden)",AUD,FLAC,
"12-31-2016 / Oakland, CA / Fox Theatre (leifh & rockthemullet)",MTX,FLAC,
,,,
[2019],,,
"4-10-2019 / Toronto, Ontario / Danforth Music Hall (MBHO KA200N)",AUD,FLAC,
"4-13-2019 / New Haven, CT / College Street (Schoeps CCM41's) (michael buzzeo)",AUD,FLAC,
"4-14-2019 / Boston, MA / House of Blues (AT853)",AUD,FLAC,
"4-17-2019 / Washington, D.C. / 9:30 Club (CA-11) (opsopcopolis)",AUD,FLAC,
"4-19-2019 / Asheville, NC / The Orange Peel (Zoom H1) (majintrunkz)",AUD,FLAC 24,
"4-21-2019 / Atlanta, GA / Centennial Olympic Park - Sweetwater 420 Fest (Schoeps MK4V'S>CMC6) (z-man)",AUD,FLAC,
"4-21-2019 / Atlanta, GA / Centennial Olympic Park - Sweetwater 420 Fest (Soundfield SPS200) (daniel kopp)",AUD,FLAC 24,
"4-23-2019 / St. Louis, MO / The Pageant (Nokia Lumia 920) (shane e. calhoun)",AUD,FLAC,
"4-27-2019 / Detroit, MI / Majestic Theatre (MBHO KA200N)",AUD,FLAC,
"4-29-2019 / Bloomington, IL / The Castle Theatre (Schoeps mk4v)",AUD,FLAC 24,
"6-25-2019 / Vancouver, BC / Commodore Ballroom (CA-11) (leifh)",AUD,FLAC,
"7-26-2019 / Indianapolis, IN / Farm Bureau Insurance Lawn at White River State Park (AT943s) (ironchef)",AUD,FLAC,
"7-27-2019 / Lewiston, NY / Artpark (CA-14s) (binko)",AUD,FLAC,
"7-30-2019 /  Port Chester, NY / Capitol Theater ",SBD,FLAC,
"8-2-2019 / Utica, NY / Saranac Brewery (Sennheiser MKE) (beatkilla)",AUD,FLAC,
"8-13-2019 / Austin, TX / Emo's (Schoeps MK4) (seedy)",AUD,FLAC,
"8-14-2019 / Kansas City, MO / Madrid Theater (AT 853) (kc moejoe)",AUD,,
,,,
,,,
,,,
,,,
,,,
Les Claypool & the Holy Mackeral,Versions,File Type,
Drive - F,,,
,,,
,,,
[1996],,,
"8-24-1996 / San Francisco, CA / The Fillmore (unk) (neekrive)",AUD,FLAC,
"9-5-1996 / New York, NY / Supper Club",AUD,FLAC,
"10-3-1996 / San Diego, CA / Brick By Brick",AUD,FLAC,
"10-4-1996 / Tempe, AZ / Electric Ballroom",AUD,FLAC,
"10-18-1996 / Vancouver, Canada / Town Pump",AUD,FLAC,
"10-20-1996 / Portland, OR / La Luna (AKG C-522) (mark burgin)",AUD,FLAC,
,,,
,,,
,,,
,,,
,,,
Les Claypool's Duo de Twang,Versions,File Type,
Drive - F,,,
,,,
,,,
[2014],,,
"6-14-2014 / Flagstaff, AZ / Orpheum Theater (Sony ECM-12) (luke freteluco)",AUD,FLAC,
,,,
[2023],,,
"11-18-2023 / Sebastopol, CA / HopMonk Tavern (Sennheiser Ambeo) (grizzly adams) ",AUD,FLAC 24,
,,,
,,,
,,,
,,,
,,,
Colonel Claypool's Bucket of Bernie Brains,Versions,File Type,
Drive - F,,,
,,,
,,,
[2003],,,
"5-3-2003 / New Orleans, LA / State Palace Theatre (2 cam)",AUD,DVD,
,,,
[2004],,,
"9-25-2004 / Chicago, IL / The Riviera (C2B3 Live)",SBD,FLAC,Official Bootleg
"9-27-2004 / Royal Oak, MI / Royal Oak Theatre (C2B3 Live)",SBD,FLAC,Official Bootleg
"9-28-2004 / Washington, D.C. / Nation (C2B3 Live)",SBD,FLAC,Official Bootleg
"9-29-2004 / Boston, MA / The Roxy (C2B3 Live)",SBD,FLAC,Official Bootleg
"10-1-2004 / New York, NY / Roseland Ballroom (C2B3 Live)",SBD,FLAC,Official Bootleg
"10-2-2004 / Philadelphia, PA / Electric Factory (C2B3 Live)",SBD,FLAC,Official Bootleg
"10-3-2004 / Providence, RI / Lupo's (C2B3 Live) ",SBD,FLAC,Official Bootleg
"10-5-2004 / Asheville, NC / The Orange Peel (C2B3 Live)",SBD,FLAC,Official Bootleg
"10-5-2004 / Asheville, NC / The Orange Peel (Schoeps MK4) (team no drama)",AUD,FLAC,
"10-6-2004 / Atlanta, GA / Variety Playhouse (C2B3 Live)",SBD,FLAC,Official Bootleg
"10-21-2004 / Salt Lake City, UT / The Velvet Room (C2B3 Live) ",SBD,FLAC,Official Bootleg
"10-23-2004 / Albuquerque, NM / Sunshine Theater (C2B3 Live)",SBD,FLAC,Official Bootleg
"10-25-2004 / Las Vegas, NV / House of Blues (C2B3 Live)",SBD,FLAC,Official Bootleg
"10-26-2004 / Tempe, AZ / Marquee Theater (C2B3 Live)",SBD,MP3,Official Bootleg
"10-27-2004 / San Diego, CA / 4th & B (C2B3 Live)",SBD,FLAC,Official Bootleg
"10-29-2004 / Hollywood, CA / Avalon (C2B3 Live)",SBD,FLAC,Official Bootleg
"10-30-2004 / San Francisco, CA / The Warfield (C2B3 Live)",SBD,FLAC,Official Bootleg
"11-1-2004 /  Santa Cruz, CA / The Catalyst (C2B3 Live)",SBD,FLAC,Official Bootleg
"11-3-2004 / Sacramento, CA / Crest Theater (C2B3 Live)",SBD,FLAC,Official Bootleg
"11-6-2004 / Portland, OR / Roseland Theater - DAT(M) (Nakamichi CM-300s) (chris mcgrath)",AUD,FLAC 24,
,,,
,,,
,,,
,,,
,,,
Les Claypool's Fearless Flying Frog Brigade,,,
Drive - F,,,
,,,
,,,
[2000],,,
"5-27-2000 / Angel's Camp, CA / Mountain Aire Festival (First show)",SBD,FLAC,
,,,
[2001],,,
"3-3-2001 / San Francisco, CA / Warfield Theatre (KM140s) (unk)",AUD,FLAC,
"7-6-2001 / Morrison, CO / Red Rocks Amphitheatre (Gefell M210s) (jon pasternak) ",AUD,FLAC,
"7-8-2001 / Boulder, CO / Fox Theatre (AKG 391) (zach andersson)",AUD,FLAC,
"7-30-2001 / Providence, RI / Lupos Heartbreak Hotel (Neumann SKM-184) (david keller)",AUD (48k),FLAC,
,,,
[2002],,,
"6-25-2002 / Indianapolis, IN / The Vogue (Neumann TLM170) (matt lazor) ",AUD (48k),FLAC,
"7-4-2002 / Cleveland, OH / Tower City Amphitheater (AKG 481s) (michael schaefer) ",AUD,FLAC,
"7-10-2002 / Columbus, OH / PromoWest Pavilion (AKG 481) (michael schaefer)",AUD,FLAC,
"10-25-2002 / Portland, OR / Roseland Theater - DAT(M) (Nakamichi CM-300s) (chris mcgrath) ",AUD,FLAC 24,
"11-3-2002 / Providence, RI / Lupo's Heartbreak Hotel (AKG C1000s) (george johnson)",AUD,FLAC,
"11-24-2002 / Minneapolis, MN / The Quest (scott t. remaster) ",SBD,FLAC,
,,,
[2003],,,
"5-13-2003 / Memphis, TN / New Daisy Theatre - DAT(M)",SBD,FLAC,
"7-19-2003 / Toledo, OH / Headliner's - DAT(M) (MG 210) (unk) ",AUD,FLAC 24,
,,,
[2023],,,
"5-20-2023 / Santa Cruz, CA / Civic Auditorium (DPA 4021) (eman)",AUD,FLAC 24,
"5-26-2023 / Kansas City, MO - Grinders KC (DPA 4061s) (kcmoejoe)",AUD,FLAC,
"5-26-2023 / Kansas City, MO / Grinders (Internal mics) (unk)",AUD,FLAC 24,
"5-28-2023 / Louisville, KY / Iroquois Amphitheater (Schoeps MK4v) (unk)",AUD,FLAC 24,
5-30-2023 / Buffalo NY / Town Ballroom (Sennheiser Ambeo) (grizzly adams) ,AUD,FLAC 24,
"5-31-2023 / Columbus, OH / KEMBA Live! (SP-CMC-08) (ironchef) ",AUD,FLAC,
"6-2-2023 / Detroit, MI / Masonic Temple (MBHO KA200N) (unk)",AUD,FLAC 24,
"6-2-2023 / Detroit, MI / Masonic Temple (Sennheiser Ambeo) (blue tweeker)",AUD,FLAC,
"6-2-2023 / Detroit, MI / Masonic Temple (SP-LAV-1) (unk)",AUD,FLAC 24,
"6-17-2023 / New Orleans, LA / The Saenger Theater (MK41v) (unk)",AUD,FLAC 24,
"6-24-2023 / Westbury, NY / NYCB Theatre at Westbury (AT833) (joe d'amico)",AUD,FLAC,
"6-24-2023 / Westbury, NY / Westbury Music Fair (DPA 4011Es) (todd hinden)",AUD,FLAC,
"6-29-2023 / Boston, MA / MGM Music Hall at Fenway (CA-14) (screamingslave)",AUD,FLAC 24,
"7-1-2023 / Scranton, PA / Montage Mountain (Gefell 210) (john lynch)",AUD,FLAC 24,
"7-2-2023 / Chicago, IL / Salt Shed (Schoeps MK4v) (unk) ",AUD,FLAC 24,
"7-9-2023 / Forest Grove, OR / McMenamins Grand Lodge (Sennheiser Ambe0 + CA-11) (unk)",MIX,FLAC,
"7-11-2023 / Wheatland, CA / Hard Rock Live  (Sennheiser Ambeo) (grizzly adams)",AUD,FLAC,
"7-13-2023 / San Luis Obispo, CA / Madonna Inn (Sennheiser Ambeo) (grizzly adams)",AUD,FLAC,
"7-14-2023 / Los Angeles, CA / The Wiltern (CA-11) (leifh)",AUD,FLAC,
"7-15-2023 / Phoenix, AZ / The Van Buren (SP-CMC-8) (leifh12345) ",AUD,FLAC,
"10-21-2023 / Wallingford, CT / Oakdale Theatre (AT853s) (e)",AUD,FLAC,
,,,
,,,
,,,
,,,
,,,
Claypool Gold,,,
Drive - F,,,
,,,
,,,
[2024],,,
12-31-2024 / Oakland CA / Fox Theater (CA-11) (leifh),AUD,FLAC,
,,,
,,,
,,,
,,,
,,,
Les Claypool and the Fancy Band,,,
Drive - F,,,
,,,
,,,
[2005],,,
"7-7-2005 / Boulder, CO / Fox Theatre (DPA 4011) (unk)",AUD,FLAC,
"7-8-2005 / Boulder, CO / Fox Theatre (Schopes MK4) (unk)",AUD,FLAC,
,,,
[2007],,,
"6-1-2007 / Boston, MA / The Roxy (CSB) (ghostwheel)",AUD,FLAC,
"6-3-2007 / Philadelphia, PA / The Electric Factory (CSB) (ghostwheel)",AUD,FLAC,