Sonic Youth,Versions,File Type,
Drive - F,,,
,,,
,,,
[1981],,,
"6-18-1981 / New York, NY / White Columns Gallery - Noisefest",AUD,FLAC,
"7-XX-1981 / New York, NY / Just Above Midtown-Downtown Gallery - ANA(x)",AUD,FLAC,
,,,
[1982],,,
"11-XX-1982 / Dearborn, MI / Group W Cable Studios",FM,FLAC,
"11-14-1982 / Carrboro, NC / Cat's Cradle",AUD,FLAC,
"12-7-1982 / New York, NY / Mudd Club - ANA(x) (unk) ",AUD,FLAC,
"12-11-1982 / New York, NY / Folk City - ANA(x) (unk)",AUD,FLAC,
"12-12-1982 / Dearborn, MI / Group W Cable Studios - ANA(1) (foxtrotter) ",AUD,FLAC,
"12-15-1982 / Minneapolis, MN / First Avenue (unk) (inc)",AUD,FLAC,
"12-XX-1982 / Dearborn, MI / Group W Cable Studios - ANA(x)",FM,FLAC,
,,,
[1983],,,
"4-14-1983 / Long Island, NY / Network (Source 1) - ANA(x) (unk)",AUD,FLAC,
"4-14-1983 / Long Island, NY / Network (Source 2) - ANA(1) (unk",AUD,FLAC,
"6-11-1983 / Lausanne, Switzerland / Grande Salle d'Entrebois (Source 1) (unk)",AUD,FLAC,
"6-11-1983 / Lausanne, Switzerland / Grande Salle d'Entrebois (Source 2) (unk)",SBD,FLAC,
"6-23-1983 / Wien, Austria / U4 (unk) (sb) (dimenew)",AUD,FLAC,
"6-26-1983 / Poitiers, France / Le Chapiteau (unk)",AUD,FLAC,
"6-28-1983 / Berlin, West Germany / Metropol (Source 1) (unk)",AUD,FLAC,
"6-28-1983 / Berlin, Germany - Loft im Metropol (Source 2) (unk)",AUD,FLAC,
"6-28-1983 / Berlin, Germany - Loft im Metropol (Source 3) (unk)",AUD,FLAC,
"7-22-1983 / New York, NY / Sin Club (unk)",AUD,FLAC,
"7-27-1983 / New York, NY / Folk City - ANA(1) (Source 1) (loughney transfer)",AUD,FLAC,
"7-27-1983 / New York, NY / Folk City (Source 2) - ANA(x) (unk)",AUD,FLAC,
"10-28-1983 / München, Germany / Alabama Halle - ANA(x) (unk)",AUD,FLAC,
"10-29-1983 / Schwindkirchen, Germany / Rockhaus  (Source 1) (unk)",AUD,FLAC,
"10-29-1983 / Schwindkirchen, Germany / Rockhaus  (Source 2) - ANA(3) (unk)",AUD,FLAC,
"10-30-1983 / Berlin, Germany / Loft im Metropol (unk) ",AUD,FLAC,
"11-3-1983 / Biel, Switzerland / AJZ - ANA(1) (unk)",AUD,FLAC,
"11-4-1983 / Zürich, Switzerland / Rote Fabrik (Source 1) - ANA(x) (unk) ",AUD,FLAC,
"11-4-1983 / Zürich, Switzerland / Rote Fabrik (Source 2) - ANA(x) (unk)",AUD,FLAC,
"11-5-1983 / Basel, Switzerland / Totentanz - ANA(x) (unk)",AUD,FLAC,
"11-8-1983 / Milano, Italy / Odissea 2001 (unk) (sonicsugar) ",AUD,FLAC,
"11-11-1983 / Linz, Austria / Stadtwerkstatt - ANA(x) (unk) ",AUD,FLAC,
"11-20-1983 / Trier, Germany / Exhaus (Source 1) (unk)",AUD,FLAC,
"11-20-1983 / Trier, Germany / Exhaus (Source 2) (unk)",AUD,FLAC,
"11-20-1983 / Trier, Germany / Exhaus (Source 3) (unk) ",AUD,FLAC,
"11-23-1983 / Tilburg, Netherlands / Een Nieuwe Lente (unk)",AUD,FLAC,
"11-24-1983 / Groningen, Netherlands / Vera (Source 1) - ANA(x) (unk) ",AUD,FLAC,
"11-24-1983 / Groningen, Netherlands / Vera (Source 2) - ANA(1) (unk) ",AUD,FLAC,
"11-25-1983 / Amsterdam, Netherlands / Paradiso - ANA(x) (unk)",AUD,FLAC,
"11-26-1983 / Nijmegen, Netherlands / Doornroosje - ANA(2) (unk) ",AUD,FLAC,
,,,
[1984],,,
"5-19-1984 / Hoboken, NJ / Maxwell's - ANA(M) (unk)",AUD,FLAC,
"6-2-1984 / Boston, MA / Longwood Theater - ANA(x) (unk)",AUD,FLAC,
"6-30-1984 / New York City, NY / Danceteria (unk)",AUD,FLAC,
"10-24-1984 / Hoboken, NJ / Maxwell's (unk)",AUD,FLAC,
,,,
[1985],,,
"1-14-1985 / San Francisco, CA / I Beam (unk)",AUD,FLAC,
"1-19-1985 / Seattle, WA / Gorilla Garden - ANA(M) (unk)",AUD,FLAC,
"6-12-1985 / New York, NY / Folk City",AUD,FLAC,
"8-22-1985 / Los Angeles, CA / Lingerie Club (skipvacum) ",AUD,FLAC,
"9-25-1985 / New York, NY / CBGB's (unk)",SBD,FLAC,
"11-8-1985 / Brighton, UK / Zap Club",AUD,FLAC,
"11-9-1985 / Ladbroke Grove, England / Bay 63 (unk) ",AUD,FLAC,
"12-XX-1985 / New York, NY / CBGBs - ANA(x) ",SBD,FLAC,
,,,
[1986],,,
"5-11-1986 / Amsterdam, Netherlands / Paradiso - ANA(M) ",SBD #1,FLAC,
"5-12-1986 / Newcastle upon Tyne, UK / Riverside - ANA(2) (mike ziegler transfer) ",AUD,FLAC,
"5-29-1986 / Wiesbaden, Germany / Wartburg (Aiwa CM-30a) (a. cl.)",AUD,FLAC,
"6-13-1986 / New York, NY / CBGB's - ANA(x) (unk)",AUD,FLAC,
"7-3-1986 / San Diego, CA / SDSU Backdoor",AUD,FLAC,
"7-7-1986 / San Francisco, CA / I-Beam",AUD,FLAC,
"7-24-1986 / Providence, RI / Living Room",AUD,FLAC,
"7-25-1986 / Washington, DC / Complex",SBD,FLAC,
"10-31-1986 / New York, NY / Bard College (unk) ",SBD,FLAC,
"11-9-1986 / Baton Rouge, LA / Knights of Columbus Hall (SBD + Sony WM-D6) ",MIX,FLAC,
"11-10-1986 / Tallahassee, FL / Florida State University - OA Chapel (unk) ",AUD,FLAC,
"11-21-1986 / Pottsville, PA / The Alley",SBD,FLAC,
"11-22-1986 / New York, NY / Irving Plaza - ANA(M) (Aiwa) (mike ziegler transfer)",AUD,FLAC,
,,,
[1987],,,
"5-22-1987 / Trenton, NJ / City Gardens (Nugs.net)",SBD,FLAC,Official Bootleg
"9-15-1987 / Carborro, NC / Cat's Cradle *Be My Sister In Death",Silver CD,FLAC,
"10-6-1987 / Bozeman, MT / Sundance Saloon (loughney)",AUD,FLAC,
"10-24-1987 / Naugatuck, CT / Night Shift Cafe (m.t.)",AUD,FLAC,
,,,
[1988],,,
"6-23-1988 / New York City, NY / CBGBs (david mckenzie) ",SBD,FLAC,
"6-24-1988 / New York City, NY / CBGBs (david mckenzie) ",SBD,FLAC,
"10-8-1988 / Athens, Greece / Rodon Club (tax or nick) ",AUD,FLAC,
"11-5-1988 / Chicago, IL / Cabaret Metro (Nugs.net)",SBD,FLAC,Official Bootleg
"11-15-1988 / San Francisco, CA / Fillmore - ANA(x) ",FM,FLAC,
"11-26-1988 / Austin, TX / SXSW (unk)",SBD,FLAC,
"11-27-1988 / Minneapolis, MN / First Avenue - ANA(2) (loughney transfer)",AUD,FLAC,
"12-11-1988 / Washington, DC / 930 Club - ANA(2)",SBD,FLAC,
"12-13-1988 / New York, NY / CBGB (Nugs.net)",SBD,FLAC,Official Bootleg
,,,
[1989],,,
"1-20-1989 / Melbourne, Australia / Old Greek Theatre - ANA(1) (unk)",AUD,FLAC,
"1-21-1989 / Geelong, Australia / Ocean Grove Hotel (unk) ",AUD,FLAC,
"1-28-1989 / Sydney, Australia / Sydney Cove Tavern (crankingamps)",AUD,FLAC,
"3-25-1989 / Ghent, Belgium / Voorit - ANA(x) (unk)",AUD,FLAC,
"3-27-1989 / Düsseldorf, West Germany / Philipshalle (Sony Walkman) (unk)",AUD,FLAC,
"3-30-1989 / Unterföhring, West Germany / Theaterfabrik (seethelight7)",FM,FLAC,
"4-14-1989 / Kiev, Ukraine / Kiev Institute of Civil Aviatioin - ANA(1) (unk)",AUD,FLAC,
,,,
[1990],,,
"3-8-1990 / Washington, D.C. / Citadel (sluggo)",SBD,FLAC,
"8-11-1990 / Philadelphia, PA / The Trocadero - ANA(1) (Josephsons Mic Pair) ",AUD,FLAC 24,
"8-17-1990 / Hollywood, CA / Palladium - ANA(x)",SBD,FLAC,
"8-24-1990 / Seattle, WA - Moore Theatre - ANA(M) (Sony ECM-909) (mark bader)",AUD,FLAC,
"10-20-1990 / Chicago, IL / Vic Theatre ",AUD,FLAC,
"10-22-1990 / Minneapolis, MN / First Avenue (DAT)",AUD,FLAC,
"11-3-1990 / Irvine, CA / Crawford Hall (Nugs.net)",SBD,FLAC,Official Bootleg
"12-28-1990 / Cincinatti, OH / Bogart's ",SBD,FLAC,
,,,
[1991],,,
"1-28-1991 / St. Louis, MO / Fox Theatre - ANA(4) (loughney transfer)",AUD,FLAC,
"2-4-1991 / New York, NY / Madison Square Garden (ECM-909)",AUD,FLAC,
"2-13-1991 / Hamilton, Canada / Copps Coliseum - ANA(2) (loughney transfer)",AUD,FLAC,
"2-20-1991 / Providence, RI / Civic Center - ANA(1) (Sony WM-D3) (loughney transfer)",AUD,FLAC,
"2-26-1991 / Hershey, PA / Hershey Park - ANA(x) (loughney transfer) ",AUD,FLAC,
"3-3-1991 / Atlanta, GA / Omni - ANA(1) (loughney transfer)",AUD,FLAC,
"4-6-1991 / Daly City, CA / Cow Palace - ANA(2) (loughney transfer) ",AUD,FLAC,
"4-9-1991 / Portland, OR / Memorial Auditorium - ANA(3) (loughney transfer)",SBD,FLAC,
"8-21-1991 / Dun Laoghaire, Ireland / Top Hat (Sennheiser K3U) (crankingamps)",AUD,FLAC,
"8-23-1991 / Reading, England / Little John's Farm (unk)",AUD,FLAC,
"8-31-1991 / Rotterdam, Netherlands / De Doelen (Lee Ranaldo)",AUD,FLAC,
"9-5-1991 / Utrecht, Netherlands / Tiovli - ANA(2) (Sony WM-D3) (Lee Ranaldo) ",AUD,FLAC,
,,,
[1992],,,
"7-1-1992 / Hartford, CT / Maher Hall (Sony PC62) (unk)",AUD,FLAC,
"7-4-1992 / New York, NY / Central Park",SBD,FLAC,
"9-18-1992 / Houston, TX / Unicorn - ANA(3) (loughney transfer)",AUD,FLAC,
"9-26-1992 / Castaic, CA / Castaic Lake Amphitheatre  - DAT(1) (jems transfer) ",SBD #1,FLAC,
"9-30-1992 / Minneapolis, MN / First Avenue - ANA(1) (loughney transfer)",AUD,FLAC,
"10-5-1992 / Chicago, IL / Riviera Theatre *How You Want Me? ",Silver CD,FLAC,
"10-13-1992 / Pittsburgh, PA / Metropol - ANA(1) ",SBD,FLAC,
"10-14-1992 / Cleveland, OH / Agora Theatre (inc)",AUD,FLAC,
"10-5-1992 / Toronto, Canada / Concert Hall (Sanyo Recording Walkman (andymon) ",AUD,FLAC,
"10-15-1992 / Toronto, Canada / Concert Hall - ANA(M) (Sanyo Walkman) (andymon)",AUD,FLAC,
"10-17-1992 / Binghamton, NY / Nelson Mandela Ballroom",SBD,FLAC,
"11-2-1992 / Offenbach, Germany / Stadthalle - DAT(M) (unk)",AUD,FLAC,
"11-4-1992 / Rennes, France / Salle Omnisport - ANA(M) (unk)",AUD,FLAC,
"11-5-1992 / Prague, Czechoslovakia / Lucerna - ANA(M) (Aiwa CM-30) (pierre leroy transfer)",AUD,FLAC,
"11-17-1992 / Freetown Christiania, Denmark / Den Grå Hal - DAT(M) (Sony ECM-155)",AUD,FLAC,
"11-23-1992 / Milan, Italy / Rolling Stone *Schizophrenia (RPCD 1118)",Silver CD,FLAC,
"12-1-1992 / Dienze, BE / Brielpoort - ANA(2) (unk) ",AUD,FLAC,
"12-9-1992 / Manchester, UK / The Academy - ANA(1) (Sony ECM-959) (unk)",AUD,FLAC,
"12-14-1992 / London, UK / Brixton Academy (Radio 1)",FM,FLAC,
,,,
[1993],,,
"1-26-1993 / Sydney, AUS / Showgrounds - DAT(M) (unk) ",AUD,FLAC,
"2-5-1993 / Sydney, Australia / Selina's Coogee Bay Hotel - ANA(1) (Sennheiser K3U/ME80)",AUD,FLAC,
"2-6-1993 / Coogee Bay, Australia / Selina's - ANA(1) (Sennheiser K3U/ME80)",AUD,FLAC,
"2-13-1993 / Wellington, NZ / St. James Theatre - ANA(3) (loughney transfer)",AUD,FLAC,
"2-23-1993 / Tokyo, Japan / Sun Plaza - DAT(M) (unk)",AUD,FLAC,
"3-4-1993 / Santa Cruz, CA / Catalyst (Sony ECM-909) (vinny palese)",AUD,FLAC,
"3-5-1993 / San Francisco, CA / The Warfield",AUD,FLAC,
"3-5-1993 / San Francisco, CA / The Warfield (Nugs.net)",SBD,FLAC,Official Bootleg
"3-7-1993 / Portland, OR / La Luna (SS-DMS6) (scott zumsteg)",AUD,FLAC,
"3-8-1993 / Seattle, WA / Paramount - DAT(M) - ANA(1) (unk)",AUD,FLAC,
"4-28-1993 / Los Angeles, CA / Jabberjaw (Free Kitten) - ANA(3)",AUD,FLAC,
5-XX-1993 / Luxembourg *Be My Sister in Death ,Silver CD,FLAC,
"6-30-1993 / Utrecht, The Netherlands / Tivoli (Sony WM-D3) (unk) ",AUD,FLAC,
"12-12-1993 / Christchurch, NZ / Theatre Royal (unk)",AUD,FLAC,
,,,
[1994],,,
"12-2-1994 / New York, NY / Beacon Theatre - ANA(M) (unk)",AUD,FLAC,
,,,
[1995],,,
"3-25-1995 / Granada, Spain / Esperrago Rock Festival (inc)",FM,FLAC,
"5-29-1995 / Minneapolis, MN / First Avenue - ANA(1) (unk)",AUD,FLAC,
"7-15-1995 / Tinley Park, IL / World Music Theatre (Lollapalooza) - ANA(1) (unk)",AUD,FLAC,
"7-30-1995 / Camden, NJ / Blockbuster (Sony Pavilion) (Lollapalooza) (Sony WM-D3) (unk)",AUD,FLAC,
"7-31-1995 / Pittsburgh, PA / Starlake Amphitheatre (inc) (CSB) (unk)",AUD,FLAC,
"8-3-1995 / Charles Town, WV / Charles Town Races (Lollapalooza) - DAT(M) (unk) ",AUD,FLAC,
"8-14-1995 / Irvine, CA / Irvine Meadows - ANA(M) (unk) ",AUD,FLAC,
"8-17-1995 / Sacramento, CA / Californian Expo Center - Lollapalooza - DAT(x) ",AUD,FLAC,
"8-18-1995 / Mountain View, CA / Shoreline Amphitheatre - ANA(1) (unk)",AUD,FLAC,
"9-12-1995 / Paris, France / Elysee Montmartre - DAT(M) (OKM II) (trvisbckle63 transfer)",AUD #1,FLAC,
"10-14-1995 / Athens, GA / Legion Field - ANA(M) (Sony WM-D6) (h20)",AUD,FLAC,
"10-15-1995 / Atlanta, GA / The Roxy - VHS(x)",AMT  ,MKV,
"10-18-1995 / Philadelphia, PA / Electric Factory - DAT(1) (unk)",AUD,FLAC,
"10-20-1995 / New York, NY / The Academy (CSB) (rappard)",AUD,FLAC,
"10-21-1995 / New York, NY / Academy (Early show) (unk)",AMT #1,DVD,
"10-22-1995 / Boston, MA / Orpheum Theatre (Sony WM-D3) (unk) ",AUD,FLAC,
"10-26-1995 / Chicago, IL / Riviera Theatre - DAT(M) (trvisbckle63)",AUD #1,FLAC,
"10-30-1995 / Minneapolis, MN / First Avenue (Early show) (unk) ",AUD,FLAC,
"10-30-1995 / Minneapolis, MN / First Avenue (Late show) - DAT(M) - ANA(2) (unk) ",AUD,FLAC,
"11-3-1995 / Seattle, WA / The Paramount - DAT(M) (Schoeps CMC4-MK4) (teddy ballgame) (16-48) ",AUD,FLAC,
"11-4-1995 / Bellingham, WA / Western Washington University - Carver Gymnasium - DAT(M) (SS-DSM-6) (unk)",AUD,FLAC,
"11-5-1995 / Portland, OR / The Roseland - DAT(M) (Sony WM-D7) (unk) ",AUD,FLAC,
"11-11-1995 / Los Angeles, CA / Wiltern Theater - DAT(M) (Sony D8) (unk)",AUD,FLAC,
"12-31-1995 / Sydney, AUS / Macquarie University - Summersault Festival ",FM,FLAC,
,,,
[1996],,,
"1-24-1996 / Tokyo, Japan / Liquid Room - ANA(3) (unk)",AUD,FLAC,
"3-19-1996 / Ghent, Belgium / Vooruit - ANA(1)",FM,FLAC,
"4-9-1996 / Hamburg, Germany / Docks - DAT(M) (Sonic Studios) (trvisbckle63 transfer)",AUD,FLAC,
"4-19-1996 / London, UK / Forum - ANA(M) (Sony WM-D3) (travisbickle1963 transfer) (dimitroy edit)",AUD,FLAC,
"4-26-1996 / New York, NY / Roseland Theater (inc)",AUD,FLAC,
"8-25-1996 / Reading, UK / Reading Festival (unk)",AUD,FLAC,
,,,
[1997],,,
"3-1-1997 / New York, NY / The Cooler - ANA(1) (CSB) (tinylung)",AUD,FLAC,
"6-12-1997 / New York, NY / West 54th St. Studios",TV,MKV,
"6-23-1997 / Carrboro, NC / Cat's Cradle (Sony Walkman)",AUD,FLAC,
"8-29-1997 / State Park, OR / Champoeg - ANA(1) (unk) ",AUD,FLAC,
"8-30-1997 / Seattle, WA / Seattle Center Arena - Bumbershoot Main Stage (Sony WM-F46) (crowflies)",AUD,FLAC,
"10-16-1997 / New York, NY / CBGBs - DAT(M) (BK 4021s) (eric vandercar)",AUD,FLAC,
"11-21-1997 / New York, NY / Avery Fisher Music Hall (CSB) (unk)",AUD,FLAC,
,,,
[1998],,,
"3-19-1998 / Austin, TX / La Zona Rosa - DAT(M) (unk)",AUD,FLAC,
"5-6-1998 / Washington, DC / 9.30 Club (SS-DSM-6S) (cdipietro)",AUD,FLAC,
"5-10-1998 / Montreal, Quebec / Metropolis (unk) ",AUD,FLAC,
"5-14-1998 / Detroit, MI / State Theatre - DAT(M) (unk)",AUD,FLAC,
"5-22-1998 / Seattle, WA / Moore Theater (unk)",AUD,DVD,
"5-23-1998 / Seattle, WA / Moore Theater (unk)",AUD,DVD,
"5-25-1998 / San Francisco, CA / The Fillmore - DAT(M) (Sennheiser 441s) (fireball)",AUD,FLAC,
"5-26-1998 / San Francisco, CA / The Fillmore - DAT(M) (Sennheiser 441s) (fireball)",AUD,FLAC,
"5-27-1998 / San Francisco, CA / Ameoba Records In-store (unk)",AUD,FLAC,
"5-28-1998 / Los Angeles, CA / Veterans Wadsworth Theater (Nugs.net)",SBD,FLAC,Official Bootleg
"5-29-1998 / Los Angeles, CA / Veterans Wadsworth Theater - DAT(M) (gary davis mix) ",SBD,FLAC,
"6-14-1998 / Washington, DC / RFK Stadium - Tibetan Freedom Concert",AUD,FLAC,
"6-20-1998 / St. Goarshausn, Germany / Loreley Festival (TV) (sonictrasher author) ",TV,DVD,
"6-21-1998 / Scheesel, Germany / Eichenring Stadium - Hurricane Festival (buenaventura)",AUD,FLAC,
"6-26-1998 / Roskilde, Denmark / Roskilde Festival - Hi8(M) (travisbickle1963 transfer)",AUD,MKV,
"6-28-1998 / Glastonbury, UK / Glastonbury Festival - ANA(x) ",AUD,FLAC,
"7-1-1998 / London, UK / Royal Festival Hall - ANA(1) (Sony WM-D3) ",AUD,FLAC,
"7-2-1998 / Nancy, France / Amphitheatre du Zenith (unk)",AUD,FLAC,
"7-16-1998 / Athens, Greece / Rockwave Festival (Nakamichi DR-1) (unk) (rob landis transfer)",AUD,FLAC,
"7-18-1998 / Dublin, Ireland / Olympia (unk)",AUD,FLAC,
"8-1-1998 / Naeba, Japan / Naeba Ski Resort - Fuji Rock Festival - VID(1) (PRO) (trvisbckle63 transfer)",TV,FLAC,
"8-10-1998 / Stockholm, Sweden / Waterfestival - Riddarholms Stage - VID(x) ",TV,MKV,
"10-13-1998 / Tokyo, Japan / Akasaka Blitz - DAT(M) (unk)",AUD,FLAC,
,,,
[1999],,,
"2-1-1999 / Strasbourg, France / La Laiterie - ANA(M) (Sony Walkman) (unk)",AUD,FLAC,
"2-7-1999 / Brussels, Belgium / Ancienne Belgiuque - DAT(M) (CM-T7) (trvisbckle63 transfer)",AUD,FLAC,
"2-9-1999 / Fribourg, Switzerland / Fri-Son - MD(x) (inc)",AUD,FLAC,
"2-12-1999 / Athens, Greece / Club Rodon (Nakamichi DR-1) (unk) (rob landis transfer) ",AUD,FLAC,
"2-19-1999 / Lisbon, Portugal / Aula Magna - DAT(M) (CSC)",AUD,FLAC,
"2-21-1999 / Grenada, Spain / Palacio de Congressos - ANA(2) (loughney transfer)",AUD,FLAC,
"2-27-1999 / New York, NY / Hammerstein Ballroom (Schoeps MK4) (peter & boris)",AUD,FLAC,
"7-2-1999 / Berkeley, CA / Greek Theatre (Schoeps CC4) (unk)",AUD,FLAC,
"6-13-1999 / New York, NY / South Street Seaport Atrium (Neumann TLM-170) (unk) ",AUD,FLAC,
"7-8-1999 / Austin, TX / Liberty Lunch - DAT(M)",AUD,FLAC,
"8-26-1999 / New York, NY / Knitting Factory - ANA(M) (unk)",AUD,FLAC,
"9-5-1999 / Seattle, WA / Bumbershoot Festival ",AUD,FLAC,
"11-12-1999 / Brooklyn, NY / St Ann's Church (unk)",AUD,FLAC,
,,,
[2000],,,
"6-15-2000 / Boston, MA / Avalon - MD(M) (unk)",AUD,FLAC,
"6-19-2000 / Washington, DC / 930 Club (AT 815s) (c dipietro) ",AUD,FLAC,
"6-20-2000 / Washington, DC / 930 Club (SS-DSM6S) (unk)",AUD,FLAC,
"6-23-2000 / Atlanta, GA / The Tabernacle (AKG 414)",AUD,FLAC,
"7-10-2000 / Paris, France / Elysee Montmartre - DAT(M) (OKM-II) (unk)",AUD,FLAC,
"7-12-2000 / Montreux, CH / Miles Davis Hall (HD Broadcast)",SBD,FLAC,
"7-22-2000 / San Francisco, CA / The Warfield (michael zelner)",AUD,FLAC,
"7-22-2000 / San Francisco, CA / The Warfield - DAT(M) (CSBmod) (unk)",AUD,FLAC,
"7-24-2000 / Los Angeles, CA / Wilshire Theatre - Hi8(M) (unk)",AUD,FLAC,
"7-29-2000 / Tokyo, Japan / Naeba Ski Resort ",TV,FLAC,
"8-10-2000 / West Palm Beach, FL / Mars Music Amphitheatre - ANA(M) (unk) ",AUD,FLAC,
"8-11-2000 / Orlando, FL / Sapphire Supper Club - ANA(M) (unk) ",AUD,FLAC,
"8-11-2000 / Orlando, FL / Sapphire Supper Club - VHS(x) (unk) ",AMT #1,MKV,
"8-14-2000 / New Orleans, LA / Arena - ANA(M) (unk)",AUD,FLAC,
"8-15-2000 / Memphis, TN / Pyramid Arena (Beta98) (unk)",AUD,FLAC,
"8-16-2000 / Memphis, TN / The Last Place On Earth - DAT(M) (unk)",AUD,FLAC,
"8-20-2000 / Cincinnati, OH / Riverbend Music Center - DAT(M) (unk)",AUD,FLAC,
"8-21-2000 / Columbus, OH / Polaris Amphitheatre - DAT(M) (unk)",AUD,FLAC,
"10-19-2000 / Rio de Janeiro, Brazil / Jazz Festival",TV,FLAC,
"10-20-2000 / Sao Paulo, Brazil / Joquei Clube - VHS(x) (TV) ",PRO,MKV,
,,,
[2001],,,
"2-20-2001 / Tokyo, Japan / Akasaka Blitz - DAT(M) (Schoeps MK3) (unk)",AUD,FLAC,
"4-21-2001 / Philadelphia, PA / Trocadero (Schoeps MK IV) (unk)",AUD,FLAC,
"4-22-2001 / Syracuse, NY / Goldstein Auditorium - MD(M) (DPA 4061) (unk)",AUD,FLAC,
"5-5-2001 / Austin, TX / Stubb's (andrew fogelsong)",AUD,FLAC,
"6-7-2001 / Paris, FR / Olympia (Nugs.net)",SBD,FLAC,Official Bootleg
"6-9-2001 / Ghent, Belgium / Theaterzaal Vooruit - DAT(M) (unk)",AUD,FLAC,
"6-10-2001 / Ghent, Belgium / Vooruit - MD(x) (unk) (inc)",AUD,FLAC,
"6-17-2001 / Bologna, Italy / Parco North - DAT(M) (unk)",AUD,FLAC,
,,,
[2002],,,
"6-19-2002 / Lyon, France / Le Transbordeur - MD(M) (unk)",AUD,FLAC,
"6-20-2002 / Lille, France / Aeronef - MD(M) (m. la)",SBD,FLAC,
"6-29-2002 / Paris, France / Li Olympia (PCM-M1) (unk)",AUD,FLAC,
"7-10-2002 / Hamburg, Germany / Grofle Freiheit 36 (Aiwa CM-P11) (karsten siebert)",AUD,FLAC,
"7-11-2002 / Cologne, Germany / E-Werk - MD(M)",SBD,FLAC,
"8-3-2002 / New Orleans, LA / Tipitina's (Neumann KM184)",AUD,FLAC,
"8-5-2002 / Atlanta, GA / Variety Playhouse (unk)",AUD,DVD,
"8-10-2002 / Philadelphia, PA / The Trocadero (Gefell SMS2000) (unk)",AUD,FLAC,
"8-13-2002 / Boston, MA / WERS Studios - ANA(M) ",FM,FLAC,
"8-17-2002 / Chicago, IL / Metro (Nugs.net)",SBD,FLAC,Official Bootleg
"8-27-2002 / San Francisco, CA / The Fillmore (michael zelner)",AUD,FLAC,
"8-29-2002 / Portland, OR / Music Millennium (In-store) - DAT(M) (CSB) (mike ziegler)",AUD,FLAC,
"8-31-2002 / Vancouver, BC / Vogue Theatre - DAT(M) (unk) ",AUD,FLAC,
"11-30-2002 / New York, NY / Irving Plaza (unk)",AUD,FLAC,
,,,
[2003],,,
"2-18-2003 / Tokyo, Japan / Akasaka Blitz (Sony ECM-719)",AUD,FLAC,
"2-22-2003 / Fukuoka, Japan / Logos - DAT(M) (unk)",AUD,FLAC,
"5-7-2003 / Chicago, IL / WTTW Grainger Studio - PBS Stoundstage (HD Cable TV) ",TV,MPG,
"5-24-2003 / Barcelona, Spain / Primavera Sound Festival (Sony ECM-TS125) (unk) ",AUD,FLAC,
"6-15-2003 / Pittsburgh, PA / Three. Rivers Art Festival - DAT(M) (unk) ",AUD,FLAC,
"6-15-2003 / Pittsburgh, PA / Three River Arts Festival - Hi8(M) (unk) (andy pfeiffer) ",AUD,DVD,
"6-17-2003 / St. Louis, MO / The Pageant (unk)",AUD,FLAC,
"8-15-2003 / Chicago, IL / A. Finkl Steelyard - Goose Island Fest (unk)",AUD,FLAC,
"11-8-2003 / Long Beach, CA / The Queen Mary *All Tomorrow's Parties (DPA 4011)",AUD,FLAC,
,,,
[2004],,,
"7-13-2004 / Vancouver, BC / Commodore Ballroom (SS-DSM6) (chaz lakip)",AUD,FLAC,
"7-15-2004 / Portland, OR / Crystal Ballroom (SBD + Superlux SMK-H8K + Schoeps MK4s)",MIX,FLAC,
"7-17-2004 / San Francisco, CA / Fillmore (Gefell M300s) (m. ziegler)",AUD,FLAC,
"7-21-2004 / Tempe, AZ /  Marquee (CSB) (unk)",AUD,FLAC,
"7-30-2004 / Milwaukee, WI / The Rave (Sony ECM-MS957) (unk)",AUD,FLAC,
"8-5-2004 / Toronto, ON / Koolhaus (SP-CMC-4) (unk)",AUD,FLAC,
"8-14-2004 / Boston, MA / Avalon Ballroom (thir13en)",SBD,FLAC,
"8-19-2004 / Carrboro, NC / Cats Cradle - DAT(M) (CSB) (unk)",AUD,FLAC,
"8-20-2004 / Asheville, NC / Orange Peel (Nugs.net)",SBD,FLAC,Official Bootleg
"8-26-2004 / Geneva, Switzerland / Victoria Hall ",FM,FLAC,
"8-30-2004 / Amsterdam, The Netherlands / Paradiso (AT831s) (martin van rappard) (thir13en production)",AUD,FLAC,
,,,
[2005],,,
"3-16-2005 / Tokyo, Japan / Shibuya O-East (Sony ECM-719) (tsukasa)",AUD,FLAC,
"3-17-2005 / Tokyo, Japan / Shibuya O-East (Aiwa mic) (unk)",AUD,FLAC,
"3-18-2005 / Osaka, Japan / Namba Hatch (sylph bootleg)",AUD,FLAC,
"3-19-2005 / Nagoya, Japan / Nagoya Quattro (Sonic Studio) (unk)",AUD,FLAC,
"7-5-2005 / Malmo, Sweden / Folkets Park - Accelerator Festival (species)",FM,FLAC,
"10-28-2005 / Valencia, Spain / Heineken Greenspace",FM,FLAC,
,,,
[2006],,,
"4-20-2006 / Paris, France / Le Nouveau Casino (Sony ECM-717) (kissamos)",AUD,FLAC,
"6-27-2006 / Englewood, CO / Gothic Theater (MBHO KA-200N) (sxpxdxcx)",AUD,FLAC,
"7-1-2006 / Portland, OR / Roseland Theatre (SP C4s + SBD) (thir13en remaster) ",MIX,FLAC,
"7-3-2006 / Sacramento, CA / Empire - DAT(M) (Schoeps MK4s) (fireball)",AUD,FLAC 24,
"7-18-2006 / San Francisco, CA / Bill Graham Civic Center - DAT(M) (Neumann KM140s) (unk)",AUD,FLAC,
"7-24-2006 / Melbourne, AUS / The Palace (crankingamps)",MIX,FLAC,
,,,
[2007],,,
"8-17-2007 / Saint-Malo, France / La Route du Rock - Fort de Saint-Père (SP-CMC-8)",AUD,FLAC,
"8-22-2007 / Glasgow, GB / ABC1 (Nugs.net)",SBD,FLAC,Official Bootleg
"8-25-2007 / Prague, Czechia / Archa Divadlo (DPA 4061) (d. tena)",AUD,FLAC,
,,,
[2008],,,
"2-20-2008 / Melbourne, AUS / Metro (DPA 4061s) (crankingamps)",AUD,FLAC,
,,,
[2009],,,
"6-29-2009 / Royal Oak, MI / Royal Oak Music Theater (MG210) (unk) ",AUD,FLAC 24,
"7-28-2009 / Portland, OR / Roseland Theater (SP-CMC4) (kris)",AUD,FLAC  ,
"10-21-2009 / Berlin, DE / Columbiahalle (Nugs.net)",SBD,FLAC,Official Bootleg
,,,
[2010],,,
"9-4-2010 / Monticello, NY / Kutscher's Country Club (DPA 4060s) (unk)",AUD,FLAC,
"10-4-2010 / Denver, CO / Ogden Theatre (Earthworks SR78s) (rob)",AUD,FLAC,
,,,
[2011],,,
"8-12-2011 / Brooklyn, NY / Williamsburg Waterfront (Nugs.net) ",SBD,FLAC,Official Bootleg
"11-8-2011 / Montevideo, Uruguay / Teatro de Verano (MM-MCSM-4) (rony kohn) ",AUD,FLAC,
"11-13-2011 / Santiago, Chile / Maquinaria Festival 2011 (CA-11s) (realkuka) ",AUD,FLAC,
,,,
[MISC],,,
"11-XX-1983 - Live in Sweden (Bootleg 7"")",AUD,FLAC,
Sonic Youth - Death To Our Friends,Silver CD,FLAC,
Sonic Youth - Sugar Baby (Moonraker 112),Silver CD,FLAC,
Sonic Youth - Be My Sister In Death (Flashback 1993),Silver CD,FLAC,
Sonic Youth - Splitting The Atom (1993) (KTS154) ,Silver CD,FLAC,
Sonic Youth - Murray Street EPK (2002 Promo),,MKV,
Sonic Youth - The Jim Years - Live 2000-2005,Compilation,FLAC,
Sonic Youth - E.V.O.Lution (Live '85-'93),Silver CD,FLAC,
Sonic Youth - TV Appearances 1989-2000,Compilation,FLAC,
Sonic Youth - Various Demos (1990),,FLAC,