Soundgarden,Versions,File Type,
Drive - F,,,
,,,
,,,
[1985],,,
"XX-XX-1985 / Seatlle, WA / Unknown Studio - Incessant Demo",SBD,FLAC,
,,,
[1988],,,
"XX-XX-1988 / San Francisco, CA / Unknown Venue",SBD,FLAC,
"2-11-1988 / Los Angeles, CA / Club Lingerie",AUD,FLAC,
"8-20-1988 / Olympia, WA / Captiol Lake Jam - Capitol Lake Park (inc.)",AUD,FLAC,
"9-5-1988 / Seattle, WA / Bumpershoot Festival",AUD,FLAC,
"10-24-1988 / San Francisco, CA / I-Beam",AUD,FLAC,
"10-24-1988 / San Francisco, CA / I-Beam - ANA(x) (2020 transfer)",AUD,FLAC,
,,,
[1989],,,
"2-12-1989 / San Francisco, CA / I-Beam",SBD,FLAC,
"3-11-1989 / Hoboken, NJ / Maxwell's",AUD,FLAC,
"3-15-1989 / Ann Arbor, MI / The Blind Pig",AUD,FLAC 24,
"3-18-1989 / Boston, MA / The Rathskeller",AUD,FLAC,
"5-XX-1989 / Bergamo, Italy / Motion Unlimited - Modone - ANA(M)",AUD,FLAC,
"5-12-1989 / London, UK / Students' Union - School of Oriental and African Studies - ANA(M)",AUD,FLAC,
"5-14-1989 / London, UK / The Hippodrome, Golders Green / Peel Session",Vinyl,FLAC,
"5-17-1989 / Amsterdam, The Netherlands / Melkweg",AUD,FLAC,
"5-20-1989 / Deventer, The Netherlands / Burgerweeshuis (dimitroy transfer)",SBD,FLAC,
"5-22-1989 / Hamburg, Germany / Kir",AUD,FLAC,
"5-25-1989 / Koln, West Germany / Rose Club",AUD,FLAC,
"5-27-1989 / Eastern Westphalia, Germany / Forum",AUD,FLAC,
"6-9-1989 / Bergamo, Italy / Madone *Motion Unlimited",Silver CD,FLAC,
"7-6-1989 / London, UK / Maida Vale Studios / John Peel Session (inc)",Vinyl,FLAC,
"9-XX-1989 / Los Angeles, CA / The Palace",FM,FLAC,
"9-23-1989 / Burbank, CA / Concrete Foundations Forum (Hollywood Live)",AUD,FLAC,
"10-21-1989 / Chicago, IL / Cabaret Metro",AUD,FLAC,
"10-29-1989 / Providence, RI / *Ugly Flowers",Silver CD,FLAC,
"10-29-1989 / Providence, RI / The Living Room (unk)",AUD,FLAC,
"11-2-1989 / Boston, MA / Axis - ANA(x) (unk)",AUD,FLAC,
"12-5-1989 / Phoenix, AZ / Mason Jar (inc)",AUD,FLAC,
"12-10-1989 / West Hollywood, CA / Whiskey A-GoGo *Louder Than Live",Silver CD,FLAC,
,,,
[1990],,,
"1-12-1990 / Toronto, Ontario / Concert Hall",AUD,FLAC,
"1-13-1990 / Detroit, MI / St. Andrews Hall",AUD,FLAC,
"1-21-1990 / Boston, MA / Paradise - ANA(M) (sluggo)",AUD,FLAC 24,
"1-21-1990 / Boston, MA / Paradise Ballroom *From Seattle to Boston",Silver CD,FLAC,
"1-22-1990 / Philadelphia, PA / Trocadero Theatre",AUD,FLAC,
"2-4-1990 / Ft. Lauderdale, FL / Summers on the Beach",AUD,FLAC,
"2-8-1990 / Houston, TX / Numbers - ANA(M)",AUD,FLAC,
"2-10-1990 / Austin, TX / The Back Room (Aiwa) (dave prewitt)",AUD,FLAC,
"2-17-1990 / Reseda, CA / Country Club",AUD,FLAC,
"3-2-1990 / Denver, CO / Colorado Indoor Sports",AUD,FLAC,
"3-9-1990 / Milwaukee, WI / Central Park Ballroom",FM,FLAC,
"3-13-1990 / Indianapolis, IN / The Ritz Theatre",AUD,FLAC,
"3-17-1990 / Brooklyn, NY / L'Amour - VHS(x) (unk)",AUD,DVD,(w/ Faith No More set)
"4-11-1990 / Amsterdam, The Netherlands / Paradiso",SBD    ,FLAC,
"4-15-1990 / Tilburg, The Netherlands / Noorderlicht - ANA(M) (Vivanco EM 160) (desiderus transfer)",AUD,FLAC,
"4-16-1990 / Dusseldorf, West Germany / Phillipshalle (Rockpalast)",TV,FLAC,
"4-16-1990 / Dusseldorf, West Germany / Phillipshalle (Rockpalast)",,DVD,
"4-17-1990 / Hamburg, Germany / Markthalle",AUD,FLAC,
"4-17-1990 / Hamburg, Germany / Markthalle - ANA(1) (Sony WM-D6) (dimitroy 2022 transfer)",AUD,FLAC,
"4-21-1990 / Frankfurt, Germany / Batschkapp",AUD,FLAC,
"4-22-1990 / Munich, Germany / Nachtwerk - ANA(x) (dimitroy 2022 transfer) ",AUD,FLAC,
"7-28-1990 / San Francisco, CA / The Warfield Theatre",AUD,FLAC,
"8-1-1990 / Denver, CO / Colorado Indoor Sports Complex",AUD,FLAC,
"8-5-1990 / Minneapolis, MN / First Avenue",AUD,FLAC,
"8-8-1990 / Cincinnati, OH / Bogart's",AUD,FLAC,
"8-15-1990 / Boston, MA / Axis Club",AUD,FLAC,
"9-3-1990 / Seattle, WA / Seattle Center Coliseum - Bumbershoot Festival *Soundgarden Seattle 1990",AUD,FLAC,
"9-3-1990 / Seattle, WA / Seattle Center Coliseum - Bumbershoot Festival - DAT(M) (jems)",AUD,FLAC,
"9-3-1990 / Seattle, WA / Seattle Center Coliseum - Bumbershoot Festival",MTX,FLAC,
"9-3-1990 / Seattle, WA / Seattle Center Coliseum - Bumbershoot Festival - Video8(M)",AUD,DVD,
"10-7-1990 / Costa Mesa, CA / Pacific Amphitheatre",AUD,FLAC,
,,,
[1991],,,
"10-6-1991 / Hollywood, CA / The Palladium *Live at the Palladium",Silver CD,FLAC,
"10-6-1991 / Hollywood, CA / High Voltage - Rip Magazine Awards",preFM,FLAC,
"10-6-1991 / Hollywood, CA / High Voltage - Rip Magazine Awards (thir13en remaster)",FM,FLAC,
"10-6-1991 / Hollywood, CA / Hollywood Palladium (RIP Magazine 5th Anniversary Party) (2 FM source merge)",FM,FLAC,
"10-12-1991 / Oakland, CA / Oakland Coliseum",AUD,FLAC,
"11-14-1991 / Charlotte, NC / 13.13 Club",AUD,FLAC,
"12-16-1991 / Philadelphia, PA / Spectrum",AUD,FLAC,
"12-17-1991 / Philadelphia, PA / Spectrum",AUD,FLAC,
"12-17-1991 / Philadelphia, PA - The Spectrum (Upgraded) ",AUD,AVI,
,,,
[1992],,,
"1-13-1992 / Fairborn, OH / Ervin J. Nutter Center (Wright State University)",AUD,FLAC,
"1-14-1992 / Fairborn, OH / Ervin J. Nutter Center (Wright State University)",AUD,FLAC,
"1-28-1992 / San Diego, CA / San Diego Sports Arena - ANA(x)",AUD,FLAC,
"1-29-1992 / Los Angeles, CA / The Holiday Inn (Interview)",TV,MPG,
"1-29-1992 / Hollywood, CA / The Palace - VHS(x) (audio upgrade)",AUD,AVI,
2-XX-1992 / The Cutting Edge Radio Program,preFM,FLAC,
"2-1-1992 / Chandler, AZ / Compton Terrace",AUD,FLAC,
"2-9-1992 / St. Louis, MO / Fox Theatre - VID(1) (bobc) ",AUD,DVD,
"2-12-1992 / Minneapolis, MN / Roy WIlkins Auditorium",AUD,FLAC,
"2-14-1992 / Chicago, IL / Aragon Ballroom",AUD,FLAC,
"2-23-1992 / Omaha, NE / Omaha Civic Auditorium Music Hall",AUD,FLAC,
"3-5-1992 / Seattle, WA / Parmount Theatre",PRO #1a,DVD,
"3-12-1992 / London, UK / Underworld *Crown of Thorns",Silver CD,FLAC,
"3-14-1992 / Copenhagen, Denmark / Pumpahuset",AUD,FLAC,
"3-17-1992 / Stockholm, Sweden / The Domino (christer johansson) (heywood remaster)",AUD,FLAC,
"3-17-1992 / Stockholm, Sweden / Domino - ANA(3) (themetalist transfer)",AUD,FLAC,
"3-19-1992 / Rotterdam, Netherlands / Nighttown *Big Dumb Sex",Silver CD,FLAC,
"3-20-1992 / Utrecht, The Netherlands / Tivoli (johan w.)",AUD,FLAC,
"3-20-1992 / Utrecht, The Netherlands / Tivoli (remaster)",AUD,FLAC,
"3-23-1992 / Frankfurt, Germany / Music Hall",AUD,FLAC,
"3-23-1992 / Frankfurt, Germany / Music Hall",MTX,FLAC,
"4-3-1992 / London, UK / Town and Country Club",MTX,FLAC,
"4-19-1992 / San Francisco, CA / The Warfield",DVD,DVD,
"4-19-1992 / San Francisco, CA / The Warfield (2 source matrix) (exene)",MTX,FLAC,
"5-2-1992 / Chicago, IL / Riviera Theatre",AUD,FLAC,
"6-6-1992 / Paris, France / Hippodrome de Vincennes",SBD,FLAC,
"6-6-1992 / Paris, France / Hippodrome de Vincennes",Promo VHS,DVD,
"6-8-1992 / Landgraaf, The Netherlands / Draf-en renbaan (Pinkpop)",FM,FLAC,
"6-8-1992 / Landgraaf, The Netherlands / Draf-en renbaan (Pinkpop)",TV,Video,
"7-10-1992 / London, UK / BBC Maida Vale Studio",FM,FLAC,
"7-18-1992 / Mountain View, CA / Shoreline Amphitheatre",AUD,FLAC,
"7-19-1992 / Mountain View, CA / Shorelina Amphitheatre (Lollapalooza)",AUD #1,FLAC,
"7-21-1992 / Vancouver, BC / UBC Thunderbird Stadium (Lollapalooza)",AUD,FLAC,
"7-22-1992 / Bremerton, WA / Kitsap County Fairgrounds",SBD  ,FLAC,
"7-22-1992 / Bremerton, WA / Kitsap County Fairgrounds",,DVD,
"8-4-1992 / Saratoga Springs, NY / SPAC - ANA(x) (unk)",AUD,FLAC 24,
"8-7-1992 / Mansfield, MA / Great Woods Center for the Performing Arts (Lollapalooza)",AUD,FLAC,
"8-16-1992 / Burgettstown, PA / Coca-Cola Star Lake Amphitheater",AUD,FLAC,
"8-20-1992 / Atlanta, GA / Lakewood Amphitheatre (ECM102) (jim hennessy) ",AUD,FLAC,
"8-25-1992 / Charlotte, NC / Blockbuster Pavilion (doodee music master)",AUD,FLAC,
"8-28-1992 / St. Paul, MN / Harriet Island (Lollapalooza)",AUD,FLAC,
"8-29-1992 / East Troy, WI / Alpine Valley Music Theater - Lollapalooza (unk) (rob landis transfer)",AUD,FLAC,
"9-8-1992 / Phoenix, AZ / Desert Sky Pavilion (Lollapalooza) *Lollapalooza 92 (burn1959)",Silver CD,FLAC,
"9-8-1992 / Phoenix, AZ / Desert Sky Pavillion *Lollapalooza '92 (KTS 115) (exene 2022 remaster)",Silver CD,FLAC,
"9-8-1992 / Phoenix, AZ / Desert Sky Pavillion *Lollapalooza 92 (jonasson + vibrioidxire transfer 2023)",Silver CD,FLAC,
"9-8-1992 / Phoenix, AZ / Desert Sky Pavilion (Lollapalooza) - DAT(M) (unk)",AUD,FLAC,
"9-8-1992 / Phoenix, AZ / Desert Sky Pavilion (Lollapalooza) (unk)",AUD #1,FLAC,
"9-11-1992 / Irvine, CA / Irvine Meadows (Lollapalooza)",AUD,FLAC,
"9-13-1992 / Irvine, CA / Irvine Meadows (Lollapalooza)",AUD,FLAC,
"11-20-1992 / Charlotte, NC / 13.13 Club",AUD,FLAC,
,,,
[1993],,,
"8-14-1993 / Milwaukee, WI / Marcus Amphitheatre (Shure SM98)",AUD,FLAC,
"8-16-1993 / Clarkston, MI / Pine Knob Amphitheater",AUD,FLAC,
"8-18-1993 / Toronto, Ontario / CNE Stadium",AUD,FLAC,
"8-20-1993 / Wantagh, NY / Jones Beach Amphitheater",AUD,FLAC 24,
"8-22-1993 / Holmdel, NJ / Garden State Performing Arts Center",AUD,FLAC,
"8-23-1993 / Mansfield, MA / Great Woods Amphitheatre",AUD #1,FLAC,
,,,
[1994],,,
"1-18-1994 / Sydney, Australia / Selinas Coogee Bay Hotel",AUD,FLAC,
"1-26-1994 / Sydney, Australia / Big Day Out",AUD,FLAC,
"2-8-1994 / Kawasaki, Japan / Club CITTA",AUD,FLAC,
"2-11-1994 / Nagoya, Japan / Club Quattro",AUD,FLAC,
"2-15-1994 / Osaka, Japan / Osaka Castle Hall",AUD,FLAC,
"3-21-1994 / Stockholm, Sweden / The Globe",AUD,FLAC,
"3-22-1994 / Stockholm, Sweden / The Globe - VID(x) (inc)",AUD,FLAC,
"3-22-1994 / Stockholm, Sweden / Cirkus - Hi8(M) (travisbickle1963 transfer)",AUD,MKV,
"3-23-1994 / Oslo, Norway *The Garden Grows",Silver CD,FLAC,
"4-1-1994 / Frankfurt, Germany / Musikhalle (Sony TS-155) (travisbickle1963 transfer) ",AUD,FLAC 24,
"4-7-1994 / Deinze, Belgium / Brielpoort *Violently Happy",Silver CD,FLAC,
"4-8-1994 / Paris, France / Elysee Montmartre",AUD,FLAC,
"4-8-1994 / Paris, France / Elysee Montmartre (2 Source Matrix) (exene)",MIX,FLAC,
"4-12-1994 / Nottingham, England / Rock City - AUD(3) (mats.l)",AUD,FLAC,
"4-16-1994 / London, England / Brixton Academy",AUD,FLAC,
"4-25-1994 / Seattle, WA / Rockline FM Broadcast (Chirs Cornell and Matt Cameron)",FM,FLAC,
"6-3-1994 / San Jose, CA / San Jose Event Center",Silver CD,FLAC,
"6-4-1994 / Berkeley, CA / Greek Theatre - VID(x) (unk)",AMT,FLAC,
"6-7-1994 / Morrison, CO / Red Rocks Amphitheatre (remaster)",AUD,FLAC,
"6-14-1994 / Rochester, NY / War Memorial",AUD,FLAC,
"6-16-1994 / New York, NY / New York Armory (speed fix)",AUD,FLAC,
"6-16-1994 / New York, NY / New York Armory - AUD(2) (mats)",AUD,FLAC,
"6-16-1994 / New York, NY / New York Armory - AUD(2) (mats) (edit update)",AUD,FLAC,
"6-17-1994 / New York, NY / Armory",AUD,FLAC,
"6-17-1994 / New York, NY / Live at the Armory *Recorded Live at The New York Armory (JOK 060)",Silver CD,FLAC,
"6-18-1994 / Fitchburg, MA / George Wallace Civic Center",AUD,FLAC,
"7-1-1994 / St. Paul, MN / Roy Wilkens Auditorium",AUD,FLAC,
"7-17-1994 / Los Angeles, CA / Grand Olympic Auditorium",AUD #1,FLAC,
"7-22-1994 / San Antonio, TX / Sunken Gardens Theater",AUD,FLAC,
"7-23-1994 / Dallas, TX / Fair Park Coliseum",AUD,FLAC,
"7-23-1994 / Dallas, TX / Fair Park Coliseum",MTX,FLAC,
"7-28-1994 / Sunrise, FL / Sunrise Musical Theatre",AUD,FLAC,
"7-29-1994 / Orlando, FL / Edge Concert Field",AUD,FLAC,
"8-5-1994 / Hull, QC / Guertin Arena",AUD,FLAC,
,,,
[1995],,,
"1-8-1995 / Seattle, WA / Eddie Vedder's Home",SBD,FLAC,
"1-8-1995 / Seattle, WA / Eddie Vedder's Home",FM,FLAC,
"1-9-1995 / Seattle, WA / Bad Animals Studios",FM,FLAC,
"8-27-1995 / Reading, UK / Reading Festival",MTX,FLAC,
"8-27-1995 / Reading, UK / Reading Festival (exene source upgrade)",MTX,FLAC,
"9-1-1995 / Stockholm, Sweden / Globe Arena - VHS(1) ",AMT #1,MKV,
"9-4-1995 / Offenbach, Germany / Stadthalle - VHS(1) (bobfather)",AUD,DVD,
"9-6-1995 / Oberhausen, Germany / Turbinenhalle (Hi8)",AUD,DVD,
"9-9-1995 / Reggio Nell'Emilia, Italy / Festa Dell'Unita",AUD,DVD,
,,,
[1996],,,
"5-18-1996 / New York, NY / NBC Studios - SNL Live",PRO,TS,
"6-30-1996 / Pecaotonica, IL / Winnebago County Fairgrounds (Lollapalooza)",AUD,FLAC,
"7-5-1996 / Ontario, Canada / Molson Music Park (Lollapalooza)",AUD,SHN,
"7-7-1996 / Quebec City, QC / Hippodrome (Lollapalooza)",AUD,FLAC,
"7-11-1996 / Randall's Island, NY / Downing Stadium (Lollapalooza) (master)",AUD,FLAC,
"7-13-1996 / Syracuse, NY / NY State Fairgrounds (Lollapalooza)",AUD,FLAC,
"7-13-1996 / Syracuse, NY / NYS Fairgrounds - DAT(M) (Schoeps CMC6) (terry sullivan) ",AUD,FLAC,
"7-21-1996 / Newport, TN / Forks of the River Park (Lollapalooza)",AUD,FLAC,
"7-23-1996 / New Orleans, LA / Tad Gormley Stadium (Lollapalooza)",AUD,FLAC,
"7-25-1996 / Ferris, TX / Old Fort Dallas (Lollapalooza)",AUD,FLAC,
"7-27-1996 / Chandler, AZ / Compton Terrace (Lollapalooza) - AMT VID(x)",AUD,FLAC,
"8-2-1996 / San Jose, CA / Spartan Stadium",AUD,FLAC,
"8-2-1996 / San Jose, CA / Spartan Stadium - Lollapalooza (unk) (neekrive)",AUD,FLAC,
"8-3-1996 / Irvine, CA / Irvine Meadows (Lollapalooza)",AUD,FLAC,
"8-4-1996 / Irvine, CA / Irvine Meadows (Lollapalooza)",AUD,FLAC,
"9-XX-1996 / London, UK / MTV Europe Studios",TV,FLAC,
"9-16-1996 / Glasgow, Scotland / Barrowlands",AUD,FLAC,
"9-16-1996 / Glasgow, Scotland / Barrowlands - ANA(x) (2020 transfer)",AUD,FLAC,
"9-19-1996 / London, UK / Brixton Academy *Blow Up The Outside",Silver CD,FLAC,
"9-20-1996 / London, UK / MTV Studios",TV,FLAC,
"9-20-1996 / London, UK / MTV Studios",TV,DVD,
"9-21-1996 / Barcelona, Spain / Pabellon Val d'Ebron (SS-DSM6P) (ballsdeep)",AUD,FLAC,
"9-21-1996 / Barcelona, Spain / Pabellon Val d'Ebron - DAT(x) (unk) (fortylicks)",AUD,FLAC,
"9-22-1996 / Madrid, Spain / Pieneta Stadium",AUD,FLAC,
"9-25-1996 / Bologna, Italy / Palasport *Puttin' Down Roots",Silver CD,FLAC,
"9-26-1996 / Milan, Italy / Palavobis",AUD,DVD,
"9-28-1996 / Hamburg, Germany / Grosse Freiheit 36 Docks",AUD,FLAC,
"10-2-1996 / Hannover, Germany / Musikhalle",AUD,FLAC,
"10-2-1996 / Hannover, Germany / Musikhalle (AT831b) (tapeworm48 transfer)",AUD (32k),FLAC,
"10-10-1996 / Brussels, Belgium / Vorst National (Sony Walkman) (fedor)",AUD,FLAC,
"10-11-1996 / Rotterdam, The Nethelands / Ahoy",AUD,FLAC,
"10-13-1996 / Copenhagen, Denmark / KB Hallen",AUD,FLAC,
"10-18-1996 / Stockholm, Sweden / Hovet",AUD,FLAC,
"11-6-1996 / Salt Lake City, UT / The Saltaire",AUD,FLAC,
"11-7-1996 / Denver, CO / Mammoth Events Center (M300) (pl)",AUD,FLAC,
"11-7-1996 / Denver, CO / Mammoth Events Center (MarcSounds)",AUD,SHN,
"11-7-1996 / Denver, CO / Mammoth Events Center (exene/bluejane99)",MTX,SHN,
"11-7-1996 / Denver, CO / Mammoth Events Center (MarcSounds) (tapeworm48)",AUD,FLAC,
"11-9-1996 / Chicago, IL / Aragon Ballroom",AUD,FLAC,
"11-10-1996 / Chicago, IL / Aragon Ballroom",AUD,FLAC,
"11-10-1996 / Chicago, IL / Aragon Ballroom(CSB) (tapeworm48)",AUD,FLAC,
"11-12-1996 / Auburn Hills, MI / Palace of Auburn Hills",AUD,FLAC,
"11-15-1996 / New York, NY / Roseland Ballroom",AUD,FLAC,
"11-20-1996 / Fairfax, VA / Patriot Center",AUD,FLAC,
"11-21-1996 / Philadelphia, PA / Electric Factory (master)",AUD,FLAC,
"11-23-1996 / Atlanta, GA / The Omni",AUD,FLAC,
"11-27-1996 / Austin, TX / Austin Music Hall",AUD,FLAC,
"11-29-1996 / Mesa, AZ / Mesa Amphitheatre",AUD,FLAC,
"12-2-1996 / Universal City, CA / Universal Amphitheatre",AUD,FLAC,
"12-5-1996 / Oakland, CA / Henry J. Kaiser Arena",AUD,FLAC,
"12-7-1996 / Vancouver, BC / P.N.E. Forum",AUD,FLAC,
"12-17-1996 / Seattle, WA / Mercer Arena - ANA(1)",AUD (48k),FLAC,
,,,
[1997],,,
"1-27-1997 / Sydney, Australia / Royal Agricultural Showgrounds - Big Day Out Festival (unk)",AUD,FLAC,
"1-27-1997 / Sydney, Australia / Royal Agricultural Showgrounds - Big Day Out Festival (remaster)",AUD,FLAC,
"2-2-1997 / Perth, Australia / Bassendean Oval (Big Day Out Festival)",AUD,FLAC,
"2-2-1997 / Perth, Australia / Bassendean Oval (Big Day Out Festival) (Sony ECM 909a) (franger master)",AUD,FLAC,
"2-8-1997 / Maui, HI / Maui Arts & Cultural Center - CASS(1) (wilson66 transfer) ",AUD,FLAC,
,,,
[2001],,,
"7-6-2011 / Uncasville, CT / Arena @ Mohegan Sun Casino",AUD,FLAC,
,,,
[2006],,,
"9-7-2006 / Stockholm, Sweden / O-Baren",FM,FLAC,
,,,
[2007],,,
"5-20-2007 / Berlin, Germany / Kesselhaus",FM,FLAC,
,,,
[2010],,,
"4-16-2010 / Seattle, WA / The Showbox at the Market",AUD,FLAC,
"8-5-2010 / Chicago, IL / Vic Theater",AUD,FLAC,
"8-5-2010 / Chicago, IL / Vic Theater",,FLAC,
"8-8-2010 / Chicago, IL / Grant Park (Lollapalooza)",PRO,DVD,
"9-27-2010 / Hollywood, CA / Paramount Studios Backlot (Free/Secret Show)",AUD,FLAC,
"12-27-2010 / Burbank, CA / Live on Conan",TV,TS,
,,,
[2011],,,
"7-1-2011 / Toronto, Ontario / Molson Amphitheatre (Soundcheck) (SP-CMC-4)",AUD,FLAC,
"7-2-2011 / Toronto, Ontario / Molson Amphitheatre",AUD,FLAC,
"7-2-2011 / Toronto, Ontario / Molson Amphitheatre",,FLAC,
"7-3-2011 / London, Ontario / John Labbat Centre",AUD,FLAC,
"7-5-2011 / Ottawa, Ontario / Lebreton Flats - Ottawa Bluesfest",AUD,FLAC,
"7-6-2011 / Uncasville, CT / Arena @ Mohegan Sun Casino",AUD,FLAC,
"7-8-2011 / Newark, NJ / Prudential Center (DPA 4061) (unk)",AUD,FLAC,
"7-10-2011 / Mansfield, MA / Comcast Center",AUD,FLAC,
"7-10-2011 / Mansfield, MA / Live At the Tweeter Center (DPA 4061) (bennyblanco)",AUD,FLAC 24,
"7-13-2011 / Philadelphia, PA / Penn's Landing Festival",AUD,FLAC,
"7-14-2011 / Atlantic City, NJ / Borgata Event Center",AUD,FLAC,
"7-16-2011 / Chicago, IL / UIC Pavilion (AT933) (darktrain)",AUD,FLAC,
"7-16-2011 / Chicago, IL / UIC Pavilion (DSM-6S) (twoheadedboy)",AUD,FLAC,
"7-18-2011 / Morrison, CO / Red Rocks Amphitheatre (AT933) (sxpxdxcx)",AUD,FLAC,
"7-21-2011 / San Francisco, CA / Bill Graham Civic Auditorium (CMC34 + CCM4) (raining vodka & the jedi master)",MIX,FLAC,
"7-21-2011 / San Francisco, CA / Bill Graham Civic Auditorium (Sony ECM-719) (unk)",AUD,FLAC,
"7-22-2011 / Inglewood, CA / The Forum (Live Near I-5)",AUD,FLAC,
"7-22-2011 / Inglewood, CA / The Forum (Live Near I-5)",AUD,FLAC,
"7-29-2011 / Vancouver, BC / Rogers Arena (Mono) (audioarchivist)",AUD,FLAC,
"7-29-2011 / Vancouver, BC / Rogers Arena (SP-CMC-8) (chris bold)",AUD,FLAC 24,
"7-30-2011 / George, WA / The Gorge Amphitheater",AUD,FLAC,
"10-26-2011 / Grand Prairie, TX / Verizon Theater",AUD,FLAC,
"10-28-2011 / New Orleans, LA / VoodooFest - City Park",MTX,FLAC,
,,,
[2012],,,
"2-1-2012 / Melbourne, Australia / Sidney Myer Music Bowl",AUD,FLAC,
"2-1-2012 / Melbourne, Australia / Sidney Myer Music Bowl (Sony ECM-717)",AUD #2,FLAC,
"5-31-2012 / Berlin, Germany / Zitadelle",AUD,FLAC,
"6-1-2012 / Nurburg, Germany / Nürburgring - Rock am Ring",TV,DVD,
"6-3-2012 / Nürnberg, Germany / Rock im Park (SP-CMC-8) (dagobert)",AUD,FLAC,
"6-7-2012 / Norje, Sweden / Sweden Rock Festival (Master)",AUD,FLAC,
"6-10-2012 / Donington, UK / Castle Donington - Download Festival (SP-CMC-8) (unk)",AUD,FLAC,
"6-10-2012 / Donington, UK / Download Festival",MTX,FLAC,
"6-10-2012 / Donington, UK / Donington Park - Download Festival (DPA 4061s) (rob)",AUD,FLAC,
"7-13-2012 / London, UK / Hyde Park",WEB,MP4,
"11-6-2012 / London, UK / Later with Jools Holland",TV,TS,
"11-13-2012 / New York, NY / Irving Plaza",AUD,FLAC,
"11-16-2012 / Toronto, Ontario / Pheonix Concert Theatre",AUD,FLAC,
"11-26-2012 / Hollywood, CA / Jimmy Kimmel Live",TV,FLAC,
"11-27-2012 / Hollywood, CA / Fonda",AUD,FLAC,
,,,
[2013],,,
"1-25-2013 / Toronto, Ontario / Sound Academy",IEM,FLAC,
"1-29-2013 / Chicago, IL / Riviera Theatre",AUD,FLAC,
"1-29-2013 / Chicago, IL / Riviera Theatre",,FLAC,
"1-30-2013 / Chicago, IL / Riviera Theatre",AUD,FLAC,
"2-1-2013 / Milwaukee, WI / Eagles Ballroom",AUD,FLAC,
"2-2-2013 / Minneapolis, MN / Orpheum Theatre",AUD,FLAC,
"2-6-2013 / Portland, OR / Arlene Schnitzer Concert Hall",AUD,FLAC 24,
"2-7-2013 / Seattle, WA / Paramount Theatre",AUD,FLAC,
"2-7-2013 / Seattle, WA / Paramount Theater  (Night 1) (Schoeps MK41 + Sennheiser EK 300) (taperbt)",MIX,FLAC,
"2-8-2013 / Seattle, WA / Paramount Theatre",MIX,FLAC 24,
"2-10-2013 / Vancouver, BC / Queen Elizabeth Theatre",AUD,FLAC,
"2-12-2013 / Oakland, CA / Fox Theater (Schoeps MK4) (daspyknows)",AUD,FLAC,
"2-12-2013 / Oakland, CA / Fox Theater (CCM4s) (not me)",AUD,FLAC,
"2-13-2013 / Oakland, CA / Fox Theater (CCM4s) (anonymous)",AUD,FLAC,
"2-15-2013 / Los Angeles, CA / The Wiltern (MK41s) (blg)",AUD,FLAC 24,
"2-15-2013 / Los Angeles, CA - The Wiltern (DPA 4061)",AUD,FLAC,
"2-16-2013 / Los Angeles, CA / The Wiltern",AUD,FLAC 24,
"2-17-2013 / Los Angeles, CA / The Wiltern (Schoeps MK41s) (blg)",AUD,FLAC,
"4-22-2013 / Royal Oak, MI / Fifth Avenue Ballroom (Acoustic in the Motor City)",FM,FLAC,
"4-23-2013 / Chicago, IL / Underground Lounge (Chris Cornell and Ben Shepherd)",AUD,FLAC,
"5-3-2013 / Atlantic City, NJ / Borgata Event Center (SP-CMC-2) (lou) ",AUD,FLAC 24,
"5-7-2013 / Atlanta, GA / The Tabernacle",AUD,FLAC,
"5-8-2013 / Atlanta, GA / The Tabernacle",AUD,FLAC,
"5-14-2013 / West Long Branch, NJ / Multipurpose Activity Center at Monmouth University",AUD,FLAC,
"5-17-2013 / Wallingford, CT / Oakdale Theatre",AUD,FLAC,
"5-18-2013 / Camden, NJ / Susquehana Bank Center",AUD,FLAC,
"5-21-2013 / St. Louis, MO / The Pageant",AUD,FLAC,
"5-25-20013 / Austin, TX / Austin Music Hall",AUD,FLAC,
"5-26-2013 / Dallas, TX / The Palladium Ballroom",AUD,FLAC 24,
"9-4-2013 / Helsinki, Finland / Hartwall Arena",AUD,FLAC,
"9-13-2013 / Manchester, England / 02 Apollo",AUD,FLAC,
"9-16-2013 / Dublin, Ireland / O2 Arena (M) (Edirol R-09HR) (unk)",AUD,FLAC,
,,,
[2014],,,
"3-3-2014 / Austin, TX / SXSW Festival",Webcast,TS,
"4-2-2014 / Buenos Aires, Argentina / Hipodromo de San Isidro - Lollapalooza",AUD,FLAC,
"4-6-2014 / Sao Paulo, Brazil / Lollapalooza",TV,TS,
"6-4-2014 / New York, NY / The Tonight Show Starring Jimmy Fallon",TV,TS,
"6-25-2014 / Stuttgart, Germany / Hanns-Martin-Schleyerhalle (MBHO KA 200)",AUD,FLAC,
"6-25-2014 / Stuttgart, Germany / Hanns-Martin-Schleyerhalle (CA-14)",AUD,FLAC,
"6-29-2014 / Dessel, Belgium / Graspop Metal Meeting - Main Stage",AUD,FLAC,
"7-4-2014 / London, England. British Summer Time 2014 - Hyde Park",AUD,FLAC,
"7-13-2014 / Montreal, Quebec / Le Metropolis",AUD,FLAC,
"7-18-2014 / Permberton, BC / Permberton Music Festival - Pemberton Stage (CA-14s) (unk)",AUD,FLAC 24,
"7-19-2014 / Las Vegas, NV / Live Axis at Planet Hollywood",MTX,FLAC 24,
"7-21-2014 / Morrison, CO / Red Rocks Amphitheatre",AUD,FLAC,
"7-22-2014 / Morrison, CO / Red Rocks Amphitheatre",AUD,FLAC 24,
"7-24-2014 / Tinley Park, IL / First Midwest Bank Amphitheatre",AUD,FLAC 24,
"7-26-2014 / Clarkston, MI / DTE Energy Music Theatre (CCM4) (ryanj)",AUD,FLAC 24,
"7-29-2014 / Mansfield, MA / Xfinity Center (AT853) (opsopcopolis)",AUD,FLAC,
"7-29-2014 / Mansfield, MA / Xfinity Center (Sony PCM-M10) (ec666)",AUD,FLAC,
"7-30-2014 / Camden, NJ / Susquehanna Bank Center (MK6) (dubbledee)",AUD,FLAC,
"8-10-2014 / West Palm Beach, FL / Cruzan Amphitheatre",AUD,FLAC,
"8-16-2014 / The Woodlands, TX / Cynthia Woods Mitchell Pavilion",AUD,FLAC,
"8-21-2014 / Chula Vista, VA / Sleep Train Amphitheatre (MarcSounds) (mh)",AUD,FLAC,
"8-22-2014 / Irvine, CA / Irvine Meadows (MK41) (blg)",AUD,FLAC,
"8-24-2014 / Mountain View, CA / Shoreline Amphitheatre",AUD,FLAC,
"8-24-2014 / Mountain View, CA / Shoreline Amphitheatre",,FLAC,
"8-25-2014 / Los Angeles, CA / Hollywood Bowl (Schoeps MK41) (blg)",AUD,FLAC,
"8-25-2014 / Hollywood, CA / Hollywood Bowl (ALD + AT943) (unk)",MIX,FLAC,
"10-25-2014 / Mountain View, CA / Shoreline Amphitheatre",AUD,FLAC,
"10-26-2014 / Mountain View, CA / Shoreline Amphitheatre",AUD,FLAC,
,,,
[2015],,,
"2-21-2015 / Adelaide, Australia / Soundwave Festival",AUD,FLAC,
"2-22-2015 / Melbourne, Australia / Royal Melbourne Showgrounds",AUD,FLAC,
"2-24-2015 / Melbourne, Australia / Melbourne Festival Hall",AUD,FLAC,
"7-11-2015 / Kitchener, Ontario / McLennan Park - Big Music Festival",AUD,FLAC,
,,,
[2017],,,
"4-28-2017 / Tampa, FL / Amalie Arena - WXTB 98 Rockfest 2017",AUD,FLAC,
"4-29-2017 / Jacksonville, FL / Metro Park - Welcome to Rockville 2017",AUD,FLAC,
"5-3-2017 / Atlanta, GA / Fox Theatre",AUD,FLAC,
"5-6-2017 / Tuscaloosa, AL / Tuscaloosa Amphitheatre (ballsdeep)",AUD,FLAC,
"5-7-2017 / Memphis, TN / Tom Lee Park - FedEX Stage",AUD,FLAC,
"5-17-2017 / Detroit, MI / Fox Theatre",AUD,FLAC,*Chris Cornell's Final Show
,,,
[2022],,,
"9-27-2022 / Inglewood, CA / Kia Forum - Taylor Hawkins Tribute (SP-CMC-4U) (loughney)",AUD,FLAC,
,,,
,,,
[MISC],,,
1989-1992 Live Compilation,preFM,FLAC,
1989-1991 High Voltage (Hollywood Radio Show),,FLAC,
1985-XX-XX - Incessant Mace (Demo),,FLAC,
Live Rarities and a Demo (Compilation),,FLAC,
Soundgarden - Sony Music TV (1994),TV,MPG,
Fresh Deadly Rarities,,FLAC,
Stolen Prayers (Demos),,FLAC,
Soundgarden - Mindriot,Silver CD,FLAC,
Digging the Garden of Sound Demos & B-sides (TDR-047),Silver CD,FLAC,
Soundgarden - Garden Of Souls (1994) (AK054),Silver CD,FLAC,
Soundgarden - Stingray (1994) (CR-5),Silver CD,FLAC,
Soundgarden - In & Out of the Cage {HB010} (2016),Silver CD,FLAC,
Soundgarden - The Palladium 1991 (Live) {8717662590016}  (1991) ,Silver CD,FLAC,
Soundgarden - Crown Of Thorns {KTS-110-111} (1992) ,Silver CD,FLAC,
Soundgarden - Live 1992 {5060670649003} (2021) ,,FLAC,
,,,
,,,
[OFFICIAL RELEASES],,,
Soundgarden - Ultramega OK (1988) (Expanded Reissue 2017),,FLAC,
Soundgarden - Screaming Life {Sub Pop SP12} (1987),Vinyl Rip,FLAC,
Soundgarden - Fopp (24-96) {Sub Pop SP17} (1988),Vinyl Rip,FLAC,
Soundgarden - Screaming Life - Fopp (Remastered) (2013),,FLAC,
Soundgarden - Live & Alive (1989),,FLAC,
Soundgarden - Flower [EP] (1989),,FLAC,
Soundgarden - Hands All Over {CD 17969} (1989),,FLAC,
"Soundgarden - Louder Than Love (Pony Canyon Inc., Japan, PCCY-10004) (1989)",,FLAC,
Soundgarden - Badmotorfinger (with SOMMS) (1991),,FLAC,
Soundgarden - Poncier (1992),,FLAC,
Soundgarden - Jesus Christ Pose {AMY 862} (1992),Vinyl Rip,FLAC,
Soundgarden - Crown of Thorns (2CD) (1992),,FLAC,
"Soundgarden - Superunknown (A&M Records, Inc., Japan, POCM-1065) (1994)",,FLAC,
Soundgarden - Foreshocks (1994),,FLAC,
"Soundgarden - Down On The Upside (A&M Records, Japan, POCM-1168) (1996)",,FLAC,
Soundgarden - Down on The Upside + Down Under on The Upside (1996),,FLAC,
Soundgarden - A-Sides (1997),,FLAC,
Soundgarden - Telephantasm (2CD) (2010),,FLAC,
Soundgarden - Live On I-5 (2011),,FLAC,
Soundgarden - Before The Doors - Live On I-5 {B0015418-72} (2011),,FLAC,
Soundgarden - King Animal {2012. U.S. Deluxe Edition} (2012),,FLAC,
Soundgarden - Echo Of Miles (3CD) (2014),,FLAC,
Soundgarden - Live from the Artist's Den (DVD),,MKV,
,,,
,,,
[SINGLES],,,
Soundgarden - Flower {SST CD 231} (1989),,FLAC,
Soundgarden - Rusty Cage {580 022-2 Australia} (1991),,FLAC,
Soundgarden - Rusty Cage {390 874-2} (1992),,FLAC,
"Soundgarden - Outshined {AMCD 0102, 580102-2} (1992) ",,FLAC,
Soundgarden - Outshined (Australasia) {AMCD 0102} (1992) ,,FLAC,
Soundgarden - Fell on Black Days - Black Disc (US - A&M Records 5808972 - 1994) (1994),,FLAC,
Soundgarden - Black Hole Sun (580 737-2) (CD1) (1994),,FLAC,
Soundgarden - Black Hole Sun (580 623-2) (CD2) (1994),,FLAC,
Soundgarden - The Day I Tried To Live (CDS) (1994),,FLAC,
Soundgarden - The Day I Tried to Live (GB - A&M Records 580 595-2 - 1994-04-15) (1994),,FLAC,
Soundgarden - My Wave {5808492} (1994) ,,FLAC,
Soundgarden - Spoonman {580 526-2} (1994) ,,FLAC,
Soundgarden - Spoonman {580 539-2} (1994),,FLAC,
Soundgarden - Fell on Black Days (AU - A&M Records 580 927-2) (CD1) (1995),,FLAC,
Soundgarden - Fell on Black Days (580-897-2) (CD1) (1995),,FLAC,
Soundgarden - Fell on Black Days (580-931-2) (CD2) (1995),,FLAC,
Soundgarden - Fell on Black Days (Disc 2) (GB - A&M Records 580947-2 - 1995) (1995),,FLAC,
Soundgarden - Fell On Black Days (590 897-2) (EU) (1995),,FLAC,
Soundgarden - Blow Up the Outside World (GB - A&M Records 581 987-2 - 1996-12-13) (1996),,FLAC,
Soundgarden - Burden In My Hand {581 854-2} (CD1) (EU) (1996),,FLAC,
Soundgarden - Burden in My Hand {581 807-2} (1996),,FLAC,
Soundgarden - Burden in My Hand {581 855-2} (1996) ,,FLAC,
Soundgarden - Ty Cobb {5822112} (1997),,FLAC,
,,,
,,,
[HD],,,
Soundgarden - Screaming Life (Sub Pop - SP12) (1987) (24/192 Vinyl Rip),,FLAC HD,
Soundgarden - Ultramega OK (SST Records - SST 201) (1988) (24/192 Vinyl Rip),,FLAC HD,
Soundgarden - Louder Than Love (A&M Records - AMA 52522) (1989) (24/192 Vinyl Rip) ,,FLAC HD,
Soundgarden - Screaming Life/Fopp (Remaster) (24/96),,FLAC HD,
Soundgarden - Ultramega OK (24/44.1),,FLAC HD,
Soundgarden - Louder Than Love 1989 (2016) (24/192),,FLAC HD,
Soundgarden - Badmotorfinger - 25th Anniversary (24/48) ,,FLAC HD,
Soundgarden - Superunknown (20th Anniversary Edition) HDTracks (1994) (24/192),,FLAC HD,
Soundgarden - Superunknown (Deluxe Edition) (1994) (2014) (24/96) ,,FLAC HD,
Soundgarden - Down On The Upside (3145405261 (1996) (24/96),,FLAC HD,
,,,
,,,
,,,
,,,
Chris Cornell,Versions,File Type,
Drive - F,,,
,,,
,,,
[1999],,,
"9-13-1999 / Cambridge, MA / Sanders Theatre",AUD,FLAC,
"9-14-1999 / New York, NY / Town Hall",AUD,FLAC,
"9-22-1999 / Hollywood, CA / Henry Fonda Theatre",AUD,FLAC,
"11-14-1999 / New York, NY / Beacon Theatre",AUD,FLAC,
"11-18-1999 / Cleveland, OH / The Odeon",AUD,FLAC,
"11-21-1999 / Atlanta, GA / Cat's Paw Studios - 99X Live X WNNX 99.7",FM,FLAC,
"11-29-1999 / Sacramento, CA / Community Center Theater (ECM-MS-907) (big d.) ",AUD,FLAC,
"12-3-1999 / Los Angeles, CA / Wiltern Theatre",AUD,FLAC,
,,,
[2000],,,
"2-11-2000 / Salt Lake City, UT /- Kingsbury Hall (ECM MS-907) (big d.)",AUD,FLAC,
"2-12-2000 / Denver, CO / Paramount Theater",SBD,FLAC,
,,,
[2006],,,
"9-5-2006 / Hilversum, The Netherlands / Bnn Bar",?,FLAC,
"9-7-2006 / Stockholm, Sweden / O-Baren",FM,FLAC,
"9-16-2006 / Hilversum, The Netherlands / Bnn Bar (stephen bladt)",FM,FLAC,
"12-20-2006 / London, UK / BBC Radio One",FM,FLAC,
,,,
[2007],,,
"4-8-2007 / Minneapolis, MN / First Avenue (Core Sound Stealthy) (crazyafroman & bob20)",AUD,FLAC 24,
"4-13-2007 / Toronto, Ontario / Intimate and Interactive - Much Music Studios",TV,DVD,
"4-14-2007 / Toronto, Ontario / Phoenix Concert Theatre",AUD,FLAC,
"4-15-2007 / Toronto, Canada - MuchMusicStudios",AUD,DVD,
"5-8-2007 / Seattle, WA / Fenix",Webcast,FLAC,
"5-20-2007 / Berlin, Germany / Kesselhaus",FM,FLAC,
"7-17-2007 / Milwaukee, WI / Eagles Ballroom - Rave",AUD,FLAC,
"7-18-2007 / Chicago, IL / Congress Theatre",AUD,FLAC,
"8-29-2007 / Helsinki, Finland / Icehall *Whole Lotta Cornell (borlag)",AUD,FLAC,
"9-3-2007 / London, England / Camden Roundhouse - DAT(M) (EM8) (gary watson)",AUD,FLAC,
"10-3-2007 / Seattle, WA / Paramount Theater (pingmon)",AUD,FLAC,
"12-8-2007 / Buenos Aires, Argentina / Club Ciudad",AUD,FLAC,
,,,
[2008],,,
"10-29-2008 / Santa Cruz, CA / The Catalyst",AUD,FLAC,
,,,
[2009],,,
"2-27-2009 / Berlin, Germany / Columbia Club",AUD,FLAC,
"4-1-2009 / Atlanta, GA / Center Stage",FM,FLAC,
"4-13-2009 / Cleveland, OH / House of Blues",AUD,FLAC,
"4-17-2009 / Milwaukee, WI / Pabst Theater (mk4) (tapeworm48)",AUD,FLAC,
"4-25-2009 / Salt Lake City, UT / The Depot (DPA 4061s) (geordy)",AUD,FLAC,
"5-30-2009 / Landgraaf, The Netherlands / Pinkpop Festival",SBD,FLAC,
"6-7-2009 / Nurburg, Germany / Nurburgring - Rock am Ring",PRO,DVD,
,,,
[2011],,,
"4-2-2011 / Houston, TX / House of Blues",AUD,FLAC,
"4-22-2011 / Chicago, IL / Vic Theatre",AUD,FLAC,
"4-23-2011 / Milwaukee, WI / Pabst Theatre",AUD,FLAC,
"4-24-2011 / St. Paul, MN / Fitzgerald Theater *I Don't Smoke Weed Anymore",AUD,FLAC,
"4-29-2011 / Victoria, Canada / Royal Theatre (GE 3-5350A)",AUD,FLAC,
"4-30-2011 / Coquitlam, BC / Boulevard Casino (CA-11) (dennis orr)",AUD,FLAC 24,
"5-1-2011 / Seattle, WA / Moore Theater",AUD,FLAC,
"5-4-2011 / Hollywood, CA / John Anson Ford Amphitheatre",AUD,FLAC,
"10-10-2011 / Perth, Australia / Concert Hall",AUD,FLAC 24,
"10-11-2011 / Perth, Australia / Concert Hall",AUD,FLAC,
"11-9-2011 / Buenos Aires, AR / Teatro Grean Rex (MM-MCSM-4) (rony kohn)",AUD,FLAC,
"11-13-2011 / Paulinia, Brazil  Parque Brasil 500",PRO,DVD,
"11-18-2011 / Ridgefield, CT / Ridgefield Playhouse",AUD,FLAC,
"12-10-2011 / Salina, KS / Stiefel Theatre",AUD,FLAC,
"12-15-2011 / San Francisco, CA / Palace of Fine Arts (unk)",AUD,FLAC,*Lossy
"12-15-2011 / San Francisco, CA / Palace of Fine Arts headphone mic) (armogi)",AUD,FLAC,
,,,
[2012],,,
"5-16-2012 / Miami Beach, FL / The Fillmore",AUD,FLAC,
"5-18-2012 / Gulf Shores, AL / Hangout Festival",SBD,FLAC,
"5-20-2012 / Nashville, TN / War Memorial Auditorium",AUD,FLAC,
"6-22-2012 / Paris, France / Le Trianon",AUD,FLAC,
"6-29-2012 / Florence, Italy / Cavea del Nuovo Teatro dell'Opera",AUD,FLAC,
"11-12-2012 / New York, NY / Bowery Ballroom (unk)",AUD,FLAC,
,,,
[2013],,,
"10-15-2013 / San Diego, CA / Balboa Theatre",AUD,FLAC,
"10-18-2013 / San Francisco, CA / Nob Hill Masonic Auditorium",AUD,FLAC,
"10-22-2013 / Victoria, BC / Farquhar Auditorium (Zoom H2) (jason)",AUD,FLAC,
"10-23-2013 / Vancouver, BC / Orpheum Theatre",AUD,FLAC,
"11-1-2013 / Chicago, IL / Cadillac Palace Theater",AUD,FLAC,
"11-2-2013 / Madison, WI / Orpheum Theater",AUD,FLAC,
,,,
[2015],,,
"2-21-2015 / Adelaide, AUS / Soundwave Festival (SP-CMC-25) (godzogolfball)",AUD,FLAC,
"9-20-2015 / Los Angeles, CA / Walt Disney Concert Hall (unk) ",AUD,FLAC,
"9-26-2015 / Oakland, CA / Paramount Theatre",AUD,FLAC,
"9-27-2015 / Modesto, CA / Gallo Center for the Arts",AUD,FLAC,
"9-29-2015 / Seattle, WA / Benaroya Hall",AUD,FLAC,
"10-6-2015 / Chicago, IL / Chicago Theatre",AUD,FLAC,
"10-6-2015 / Chicago, IL / Chicago Theatre",,FLAC,
"10-7-2015 / Chicago, IL / The Chicago Theatre",AUD,FLAC,
"12-3-2015 / Canberra, Australia / Llewellyn Hall",AUD,FLAC,
,,,
[2016],,,
"4-12-2016 / Vienna, Austria / Wiener Konzerthaus",AUD,FLAC,
"4-22-2016 / Paris, France / Le Trianon",AUD,FLAC,
"4-27-2016 / Manchester, UK / Bridgewater Hall",AUD,FLAC,
"5-14-2016 / Copenhagen, Denmark / Konserthuset",AUD,FLAC,
"6-17-2016 / Jacksonville, FL / Florida Theater",AUD,FLAC,
"6-25-2016 / Port Chester, NY / Capitol Theatre",SBD,FLAC,
"7-3-2016 / Highland Park, IL / Ravinia",AUD,FLAC 24,
"7-5-2016 / Madison, WI / Overture Center for the Arts",AUD,FLAC,
"7-9-2016 / Indianapolis, IN / Murat Theatre",AUD,FLAC,
"12-2-2016 / Lima, Peru / Huaca Pucllana",AUD,FLAC,
,,,
[2019],,,
"1-16-2019 / Inglewood, CA / The Forum - Chris Cornell Tribute ",AUD,FLAC,
"1-16-2019 / Inglewood, CA / The Forum - Chris Cornell Tribute ",AUD,FLAC,
,,,
,,,
[MISC],,,
Chris Cornell - Nissan Live Sets on Yahoo Music (2007) {YM 070404},,FLAC,
Chris Cornell - Songbook (Best Buy Exclusive) (2011),,FLAC,Official Release
Chris Cornell - The Other Songs (2019),,FLAC+MP3,
Chris Cornell - The Roads We Choose - A Retrospective (2007),,FLAC,Official Release
,,,
,,,
,,,
Audioslave,Versions,File Type,
Drive - F,,,
,,,
,,,
[2002],,,
"8-23-2002 / Auburn, WA / White River (SP-BMC-3)",AUD,FLAC,
"11-25-2002 / New York, NY / Ed Sullivan Theatre (ABC TV)",TV,FLAC,
"11-25-2002 / New York, NY / Ed Sullivan Theatre (ABC TV)",PRO,TS,
"12-7-2002 / Los Angeles, CA / Universal Amphitheatre - KROQ Almost Acoustic Christmas (WW1-#03-14)",SBD,FLAC,
"12-12-2002 / Uniondale, NY / Nassau Coliseum (Sony MDR-W08)",AUD,FLAC,
,,,
[2003],,,
"1-14-2003 / Paris, France / Theatre de l'Olympia (remi joubaud)",AUD,FLAC,
"1-17-2003 / London, England / XFM Studios (Interview) - DAT(M) (SBD #1) (gary watson)",FM,FLAC,
"1-17-2003 / London, England / The Astoria (bungeyjumper)",AUD,FLAC,
"1-22-2003 / Milan, Italy / Alcatraz (ECM-717)",AUD,FLAC,
"1-30-2003 / Tokyo, Japan / Zepp",AUD,FLAC,
"2-21-2003 / Denver, CO / The Fillmore",AUD,FLAC,
"2-23-2003 / Minneapolis, MN / First Avenue (the fridge)",AUD,FLAC,
"2-26-2003 / Chicago, IL / Riviera Theater ",AUD,FLAC,
"2-27-2003 / Chicago, IL / Riviera Theater",AUD,SHN,
"2-28-2003 / Detroit, MI / State Theater (Sony ECM-D80Z0P)",AUD,FLAC,
"3-3-2003 / Boston, MA / The Avalon Ballroom (ed and ct)",AUD,FLAC,
"3-4-2003 / Boston, MA / The Avalon Ballroom",AUD,FLAC,
"3-5-2003 / Atlanta, GA / The Tabernacle (jcrab66)",AUD,FLAC,
"3-6-2003 / New York, NY / Hammerstein Ballroom (SS DSM6s)",AUD,FLAC,
"3-7-2003 / Philadelphia, PA / The Electric Factory - AUD(M) (Coresound)",AUD,FLAC,
"3-7-2003 / Philadelphia, PA / Electric Factory - DAT(M) (Gefell M20) (jlizard) ",AUD,FLAC,
"3-12-2003 / Dallas, TX / Bronco Bowl (chris m. master)",AUD,FLAC,
"3-14-2003 / Mesa, AZ / Mesa Amphitheater (CSB)",AUD,FLAC,
"3-15-2003 / Las Vegas, NV / The Joint (ed davis)",AUD,FLAC,
"3-19-2003 / San Francisco, CA / The Warfield (CSC)",AUD,SHN,
"4-19-2003 / Auckland, NZ / Town Hall (karl rice)",AUD,SHN,
"4-23-2003 / Sydney, Australia / Hordern Pavilion (Sony EC10)",AUD,FLAC,
"5-24-2003 / Washington, D.C. / HFStival (Nakamichi 300s)",AUD,SHN,
"5-29-2003 / Lisboa, Portugal / Estadio Jose de Alvalade (SU-V500)",AUD,FLAC,
"5-31-2003 / Madrid, Spain / Festimad (ECM-719)",AUD,FLAC,
"6-2-2003 / Bologna, Italy / Arena Parco Nord",AUD,FLAC,
"6-7-2003 / Nurburgring, Germany / Rock am Ring (galexanders)",TV,TS,
"6-8-2003 / Nuremburg, Germany / Rock im Park (axel)",FM,FLAC,
"6-9-2003 / Landgraaf, The Netherlands / Megaland - Pinkpop",FM,FLAC,
"6-11-2003 / Paris, France / Le Zenith",AUD,FLAC,
"6-14-2003 / Hultsfred, Sweden / Hultsfred Festival",FM,FLAC,
"7-3-2003 / Milwaukee, WI / Marcus Amphitheatre (Lollapalooza) (ls)",AUD,SHN,
"7-5-2003 / Noblesville, IN / Verizon Wireless Music Center (dt)",AUD,FLAC,
"7-11-2003 / Milwaukee, WI / Marcus Amphitheatre (Lollapalooza) (ko)",AUD,FLAC,
"7-12-2003 / Chicago, IL / New World Music Theatre (Lollapalooza)",AUD,SHN,
"7-19-2003 / Burgettstown, PA / Post-Gazette Pavilion (SM98) (cps)",AUD,FLAC,
"7-25-2003 / Boston, MA / Great Wood Amphitheatre (ECM 717)",AUD,FLAC,
"7-27-2003 / Camden, NJ / Tweeter Center for the Performing Arts",SBD,SHN,
"7-27-2003 / Camden, NJ / Tweeter Center for the Performing Arts",PRO,DVD,
"7-30-2003 / Wantagh, NY / Jones Beach Amphitheater (Lollapalooza) (MarcSounds)",AUD,FLAC,
"8-1-2003 / Bristow, VA / Nissan Pavilion (SP-TFB-2s)",AUD,FLAC,
"8-3-2003 / Atlanta, GA / HiFi Buys Amphitheatre - DAT(M) (DPA 4061s) (pjdave)",AUD,FLAC,
"8-3-2003 / Atlanta, GA / HiFi Buys Amphitheatre - Lollapalooza - DAT(M) (AT-853) (cal evans)",AUD #2,FLAC,
"8-8-2003 / Dallas, TX / Smirnoff Music Centre - Lollapalooza (asthma77) (inc)",AUD,FLAC,
"8-12-2003 / Albuquerque, NM / Journal Pavilion (CSB)",AUD,FLAC,
"8-13-2003 / Denver, CO / Fiddler's Green (Lollapalooza) (taperbt)",AUD,FLAC,
"8-15-2003 / Phoenix, AZ / Cricket Pavilion (CSB)",AUD,FLAC,
"8-16-2003 / Irvine, CA / Verizon Wireless Amphitheatre (DAB) (cavis3208)",AUD,FLAC,
"8-17-2003 / Chula Vista, CA / Coors Amphitheatre - DAT(M) (Oade Brothers) (the ramblin taper)",AUD,FLAC,
"8-19-2003 / Mountain View, CA / Shoreline Amphitheatre (Lollapalooza) (michele)",AUD,SHN,
"12-7-2003 / Los Angeles, CA - KXXR Radio Takeover",FM,FLAC,
,,,
[2005],,,
"4-15-2005 / Phoenix, AZ / Dodge Theater (DPA 4061)",AUD,FLAC,
"4-22-2005 / Chicago, IL / Aragon Ballroom (DPA 4061) (tapeworm48) ",AUD,FLAC,
"4-26-2005 / Toronto, Ontario / Kool Haus (MK4v)",AUD,FLAC,
"5-1-2005 / Washington, D.C. / 9:30 Club (unk)",AUD,FLAC,
"5-18-2005 / Hollywood, CA / Jimmy Kimmel Live (DSM6) (unk)",AUD,FLAC,
"5-21-2005 / Irvine Meadows, CA / KROQ Weenie Roast",SBD,FLAC,
"5-26-2005 / Lisbon, Portugal / Super Bock Super Rock Festival (ECM-T145)",AUD,FLAC,
"6-4-2005 / Cardiff, Wales / Cardiff International Arena (johnky)",AUD,FLAC,
"6-4-2005 / Cardiff, Wales / Cardiff International Arena (Shure Cardiods + Icom IC-R5)",MTX,FLAC,
"6-9-2005 / Nickelsdorf, Austria / Pannonia Fields (DPA4061) (mg)",AUD,FLAC,
"6-10-2005 / Newhausen ob Eck, Germany / Southside Festival - Flugplatz (OKM-IIr)",AUD,FLAC,
"6-17-2005 / Paris, France / Le Zenith (xwayne)",AUD,FLAC,
"6-27-2005 / Stockholm, Sweden / Hovet - MD(M) (ECM-DS70P) (andreas magnusson)",AUD,FLAC,
"7-1-2005 / Roskilde, Denmark / Roskilde Festival - Orange Stage (CSC) (jtl)",AUD,FLAC,
"7-5-2005 / Montreux, Switzerland / Miles Davis Hall (thir13en remaster)",FM,APE,
"7-5-2005 / Montreux, Switzerland / Miles Davis Hall (jungle brother)",FM,FLAC,
"7-5-2005 / Montreux, Switzerland / Miles Davis Hall (jzingapoor)",FM,FLAC,
"7-5-2005 / Montreux, Switzerland / Miles Davis Hall (DVB-S)",PRO,DVD,
"10-25-2005 / Duluth, GA / Gwinett Arena",AUD,FLAC,
"10-28-2005 / Camden, NJ / Tweeter Center (cps)",AUD,FLAC,
"10-29-2005 / New York, NY / Madison Square Garden",AUD,FLAC,
"11-1-2005 / Hartford, CT / The Dodge (ECM-717)",AUD,FLAC,
"11-7-2005 / Chicago, IL / UIC Pavilion (Schoeps MK4) (tapeworm48)",AUD,FLAC,
,,,
[2019],,,
"1-16-2019 / Inglewood, CA / The Forum (AT831s) (tapeworm48) ",AUD,FLAC,
,,,
[MISC],,,
Rage Against the Machine feat Chris Cornell – Civilian (The Demos) [Silver],Silver CD,FLAC,